term,mp_id,mp_term_key,firstLastName,club,birth_location,latitude,longitude,country,country_code,geocoding_status
7,1,7-1,Adam Abramowicz,PiS,Biała Podlaska,52.0338399,23.1193948,Polska,pl,ok
7,10,7-10,Tadeusz Arkit,PO,Tenczynek,50.1183988,19.6147916,Polska,pl,ok
7,100,7-100,Łukasz Gibała,niez.,Kraków,50.0619474,19.9368564,Polska,pl,ok
7,101,7-101,Artur Gierada,PO,Kielce,50.8719903,20.6310488,Polska,pl,ok
7,102,7-102,Zbigniew Girzyński,niez.,Sierpc,52.8531770,19.6614140,Polska,pl,ok
7,103,7-103,Szymon Giżyński,PiS,Częstochowa,50.8120466,19.1132130,Polska,pl,ok
7,104,7-104,Czesław Gluza,SLD,Wisła,49.6523647,18.8709256,Polska,pl,ok
7,105,7-105,Tomasz Głogowski,PO,Tarnowskie Góry,50.4445194,18.8554757,Polska,pl,ok
7,106,7-106,John Abraham Godson,PSL,Umuahia,5.5324032,7.4924165,Nigeria,ng,ok
7,107,7-107,Mieczysław Golba,ZP,Jarosław,50.0159029,22.6796573,Polska,pl,ok
7,108,7-108,Kazimierz Gołojuch,PiS,Łańcut,50.0690725,22.2320924,Polska,pl,ok
7,109,7-109,Małgorzata Gosiewska,PiS,Gdańsk,54.3482907,18.6540233,Polska,pl,ok
7,11,7-11,Bartosz Arłukowicz,PO,Resko,53.7733969,15.4056058,Polska,pl,ok
7,110,7-110,Jarosław Gowin,ZP,Kraków,50.0619474,19.9368564,Polska,pl,ok
7,111,7-111,Artur Górczyński,SLD,Pińczów,50.5201929,20.5256241,Polska,pl,ok
7,112,7-112,Jarosław Górczyński,PSL,Ostrowiec Świetokrzyski,50.9398768,21.3874300,Polska,pl,ok
7,113,7-113,Artur Górski,PiS,Warszawa,52.2319581,21.0067249,Polska,pl,ok
7,114,7-114,Tomasz Górski,niez.,Poznań,52.4082663,16.9335199,Polska,pl,ok
7,115,7-115,Cezary Grabarczyk,PO,Łódź,51.7687323,19.4569911,Polska,pl,ok
7,116,7-116,Aleksander Grad,PO,Łosiniec,50.4168467,23.3148536,Polska,pl,ok
7,117,7-117,Mariusz Grad,PO,Tomaszów Lubelski,50.4469315,23.4165561,Polska,pl,ok
7,118,7-118,Paweł Graś,PO,Kęty,53.8491364,19.7389423,Polska,pl,ok
7,119,7-119,Anna Grodzka,niez.,Otwock,52.1161661,21.2934590,Polska,pl,ok
7,12,7-12,Paweł Arndt,PO,Gniezno,52.5246502,17.5981524,Polska,pl,ok
7,120,7-120,Rafał Grupiński,PO,Wronki,52.7100316,16.3742572,Polska,pl,ok
7,121,7-121,Eugeniusz Tomasz Grzeszczak,PSL,Kowalewo Opactwo,52.2480131,17.9190786,Polska,pl,ok
7,122,7-122,Andrzej Gut-Mostowy,PO,Zakopane,49.2969114,19.9504753,Polska,pl,ok
7,123,7-123,Iwona Guzowska,PO,Gdańsk,54.3482907,18.6540233,Polska,pl,ok
7,124,7-124,Andrzej Halicki,PO,Warszawa,52.2319581,21.0067249,Polska,pl,ok
7,125,7-125,Katarzyna Hall,PO,Gdańsk,54.3482907,18.6540233,Polska,pl,ok
7,126,7-126,Agnieszka Hanajczyk,PO,Zgierz,51.8560819,19.4052228,Polska,pl,ok
7,127,7-127,Krzysztof Hetman,,,,,,,missing
7,128,7-128,Czesław Hoc,PiS,Jelenin,51.6692213,15.4641552,Polska,pl,ok
7,129,7-129,Adam Hofman,niez.,Kalisz,51.7624752,18.0895358,Polska,pl,ok
7,13,7-13,Marek Ast,PiS,Zielona Góra,51.9383777,15.5050408,Polska,pl,ok
7,130,7-130,Marek Hok,PO,Koszalin,54.1909200,16.1770700,Polska,pl,ok
7,131,7-131,Teresa Hoppe,PO,Kowalewo,53.4963763,22.0918461,Polska,pl,ok
7,132,7-132,Józefa Hrynkiewicz,PiS,Daniuszewo,,,,,not_found
7,133,7-133,Stanisław Huskowski,PO,Wrocław,51.1089776,17.0326689,Polska,pl,ok
7,134,7-134,Tadeusz Iwiński,SLD,Piastów,52.1855520,20.8476420,Polska,pl,ok
7,135,7-135,Michał Jach,PiS,Łomża,53.1824307,22.0521838,Polska,pl,ok
7,136,7-136,Dawid Jackiewicz,PiS,Wrocław,51.1089776,17.0326689,Polska,pl,ok
7,137,7-137,Patryk Jaki,ZP,Opole,51.9966667,19.1627778,Polska,pl,ok
7,138,7-138,Wiesław Janczyk,PiS,Chomranice,49.6798984,20.5898699,Polska,pl,ok
7,139,7-139,Maria Małgorzata Janyska,PO,Wyrzysk,53.1569822,17.2627004,Polska,pl,ok
7,14,7-14,Urszula Augustyn,PO,Tarnów,50.0123784,20.9880739,Polska,pl,ok
7,140,7-140,Tadeusz Jarmuziewicz,PO,Piława Górna,50.6829153,16.7510680,Polska,pl,ok
7,141,7-141,Michał Jaros,PO,Aleksandrów Kujawski,52.8765365,18.6935744,Polska,pl,ok
7,142,7-142,Adam Jarubas,,,,,,,missing
7,143,7-143,Wojciech Jasiński,PiS,Gostynin,52.4242453,19.4633384,Polska,pl,ok
7,144,7-144,Leszek Jastrzębski,PO,Warszawa,52.2319581,21.0067249,Polska,pl,ok
7,145,7-145,Andrzej Jaworski,PiS,Włocławek,52.6603872,19.0719480,Polska,pl,ok
7,146,7-146,Mariusz Orion Jędrysek,PiS,Głubczyce,50.2001072,17.8301977,Polska,pl,ok
7,147,7-147,Dariusz Joński,SLD,Łódź,51.7687323,19.4569911,Polska,pl,ok
7,148,7-148,Krzysztof Jurgiel,PiS,Ogrodniki,52.7735390,23.3000559,Polska,pl,ok
7,149,7-149,Michał Kabaciński,RP,Lublin,51.2505590,22.5701022,Polska,pl,ok
7,15,7-15,Tadeusz Aziewicz,PO,Sopot,54.4430399,18.5613095,Polska,pl,ok
7,150,7-150,Tomasz Kaczmarek,niez.,Wrocław,51.1089776,17.0326689,Polska,pl,ok
7,151,7-151,Roman Kaczor,PO,Oława,50.9431901,17.2957066,Polska,pl,ok
7,152,7-152,Jarosław Kaczyński,PiS,Warszawa,52.2319581,21.0067249,Polska,pl,ok
7,153,7-153,Stanisław Kalemba,PSL,Piekary,51.9186037,20.5368342,Polska,pl,ok
7,154,7-154,Ryszard Kalisz,niez.,Warszawa,52.2319581,21.0067249,Polska,pl,ok
7,155,7-155,Bożena Kamińska,PO,Gołdap,54.3077084,22.3018576,Polska,pl,ok
7,156,7-156,Mariusz Kamiński,PiS,Sochaczew,52.2367219,20.2571236,Polska,pl,ok
7,157,7-157,Mariusz Antoni Kamiński,niez.,Łapy,52.9908208,22.8830050,Polska,pl,ok
7,158,7-158,Tomasz Kamiński,SLD,Rzeszów,50.0374531,22.0047174,Polska,pl,ok
7,159,7-159,Andrzej Kania,ZP,Przasnysz,53.0190219,20.8804028,Polska,pl,ok
7,16,7-16,Zbigniew Babalski,PiS,Ostróda,53.7028533,19.9623028,Polska,pl,ok
7,160,7-160,Włodzimierz Karpiński,PO,Puławy,51.4262598,21.9853014,Polska,pl,ok
7,161,7-161,Mieczysław Kasprzak,PSL,Jarosław,50.0159029,22.6796573,Polska,pl,ok
7,162,7-162,Jarosław Katulski,PO,Koronowo,53.3140636,17.9369813,Polska,pl,ok
7,163,7-163,Jan Kaźmierczak,PO,Katowice,50.2598987,19.0215852,Polska,pl,ok
7,164,7-164,Beata Kempa,ZP,Syców,51.3078551,17.7198113,Polska,pl,ok
7,165,7-165,Adam Kępiński,SLD,Ozimek,50.6789196,18.2125227,Polska,pl,ok
7,166,7-166,Małgorzata Kidawa-Błońska,PO,Warszawa,52.2319581,21.0067249,Polska,pl,ok
7,167,7-167,Marcin Kierwiński,PO,Warszawa,52.2319581,21.0067249,Polska,pl,ok
7,168,7-168,Witold Klepacz,SLD,Kłobuck,50.9025547,18.9371600,Polska,pl,ok
7,169,7-169,Izabela Kloc,PiS,Mikołów,50.1960028,18.8539322,Polska,pl,ok
7,17,7-17,Piotr Babinetz,PiS,Krosno,49.6889844,21.7534788,Polska,pl,ok
7,170,7-170,Joanna Kluzik-Rostkowska,PO,Katowice,50.2598987,19.0215852,Polska,pl,ok
7,171,7-171,Eugeniusz Kłopotek,PSL,Chojnice,53.6952912,17.5614973,Polska,pl,ok
7,172,7-172,Krystyna Kłosin,PO,Minkowice,51.2056389,22.7753955,Polska,pl,ok
7,173,7-173,Krzysztof Kłosowski,SLD,Mogilno,52.6573410,17.9500677,Polska,pl,ok
7,174,7-174,Sławomir Kłosowski,PiS,Wambierzyce,50.4900304,16.4558424,Polska,pl,ok
7,175,7-175,Henryk Kmiecik,PSL,Lubawka,50.7070882,16.0003894,Polska,pl,ok
7,176,7-176,Magdalena Kochan,PO,Szczecin,53.4301818,14.5509623,Polska,pl,ok
7,177,7-177,Brygida Kolenda-Łabuś,PO,Polanica Zdrój,50.3988610,16.5062022,Polska,pl,ok
7,178,7-178,Agnieszka Kołacz-Leszczyńska,PO,Wałbrzych,50.7659054,16.2825424,Polska,pl,ok
7,179,7-179,Lech Kołakowski,PiS,Zambrów,52.9855200,22.2411700,Polska,pl,ok
7,18,7-18,Marek Balt,SLD,Częstochowa,50.8120466,19.1132130,Polska,pl,ok
7,180,7-180,Robert Kołakowski,PiS,Ciechanów,52.8819798,20.6191479,Polska,pl,ok
7,181,7-181,Ewa Kołodziej,PO,Katowice,50.2598987,19.0215852,Polska,pl,ok
7,182,7-182,Zbigniew Konwiński,PO,Słupsk,54.4635771,17.0209480,Polska,pl,ok
7,183,7-183,Ewa Kopacz,PO,Skaryszew,51.3105682,21.2523856,Polska,pl,ok
7,184,7-184,Domicela Kopaczewska,PO,Aleksandrów Kujawski,52.8765365,18.6935744,Polska,pl,ok
7,185,7-185,Sławomir Kopyciński,BC,Kielce,50.8719903,20.6310488,Polska,pl,ok
7,186,7-186,Leszek Korzeniowski,PO,Warszawa,52.2319581,21.0067249,Polska,pl,ok
7,187,7-187,Roman Jacek Kosecki,PO,Piaseczno,52.0747377,21.0270885,Polska,pl,ok
7,188,7-188,Roman Kotliński,niez.,Koło,52.2453972,20.9454394,Polska,pl,ok
7,189,7-189,Henryk Kowalczyk,PiS,Żabianka,54.4201197,18.5756153,Polska,pl,ok
7,19,7-19,Maciej Banaszak,SLD,Poznań,52.4082663,16.9335199,Polska,pl,ok
7,190,7-190,Sławomir Kowalski,PO,Katowice,50.2598987,19.0215852,Polska,pl,ok
7,191,7-191,Bartosz Kownacki,PiS,Warszawa,52.2319581,21.0067249,Polska,pl,ok
7,192,7-192,Jacek Kozaczyński,PO,Siedlce,52.1663751,22.2765138,Polska,pl,ok
7,193,7-193,Jerzy Kozdroń,PO,Mrągowo,53.8685741,21.3051587,Polska,pl,ok
7,194,7-194,Iwona Kozłowska,PO,Więcbork,53.3525453,17.4873925,Polska,pl,ok
7,195,7-195,Agnieszka Kozłowska-Rajewicz,PO,Kętrzyn,54.0764176,21.3752627,Polska,pl,ok
7,196,7-196,Mirosław Koźlakiewicz,PO,Kunki,53.5387401,20.3114500,Polska,pl,ok
7,197,7-197,Maks Kraczkowski,PiS,Warszawa,52.2319581,21.0067249,Polska,pl,ok
7,198,7-198,Ligia Krajewska,PO,Usza Mała,52.7292989,22.4636579,Polska,pl,ok
7,199,7-199,Leonard Krasulski,PiS,Sopot,54.4430399,18.5613095,Polska,pl,ok
7,2,7-2,Małgorzata Adamczak,PO,Kościan,52.0833695,16.6460888,Polska,pl,ok
7,20,7-20,Anna Bańkowska,SLD,Żnin,52.8469452,17.7239500,Polska,pl,ok
7,200,7-200,Robert Kropiwnicki,PO,Legnica,51.2047689,16.1746750,Polska,pl,ok
7,201,7-201,Elżbieta Kruk,PiS,Lublin,51.2505590,22.5701022,Polska,pl,ok
7,202,7-202,Łukasz Krupa,niez.,Bydgoszcz,53.1219648,18.0002529,Polska,pl,ok
7,203,7-203,Marek Krząkała,PO,Rybnik,50.0955793,18.5419933,Polska,pl,ok
7,204,7-204,Cezary Kucharski,PO,Łuków,51.9251738,22.3727818,Polska,pl,ok
7,205,7-205,Marek Kuchciński,PiS,Przemyśl,49.7835475,22.7885036,Polska,pl,ok
7,206,7-206,Barbara Kudrycka,PO,Kolno,53.4109383,21.9312439,Polska,pl,ok
7,207,7-207,Zbigniew Kuźmiuk,PiS,Komorowo,51.3698532,17.0885584,Polska,pl,ok
7,208,7-208,Adam Kwiatkowski,PiS,Warszawa,52.2319581,21.0067249,Polska,pl,ok
7,209,7-209,Jacek Kwiatkowski,RP,Konin,52.2301933,18.2521112,Polska,pl,ok
7,21,7-21,Dariusz Barski,,,,,,,missing
7,210,7-210,Krzysztof Kwiatkowski,PO,Zgierz,51.8560819,19.4052228,Polska,pl,ok
7,211,7-211,Stanisław Lamczyk,PO,Brusy,53.8861557,17.7190437,Polska,pl,ok
7,212,7-212,Józef Lassota,PO,Siedliska,50.3789043,20.0227966,Polska,pl,ok
7,213,7-213,Tomasz Latos,PiS,Poznań,52.4082663,16.9335199,Polska,pl,ok
7,214,7-214,Tomasz Lenz,PO,Mogilno,52.6573410,17.9500677,Polska,pl,ok
7,215,7-215,Izabela Leszczyna,PO,Częstochowa,50.8120466,19.1132130,Polska,pl,ok
7,216,7-216,Andrzej Lewandowski,RP,Darłowo,54.4224900,16.4093300,Polska,pl,ok
7,217,7-217,Krzysztof Lipiec,PiS,Starachowice,51.0384569,21.0820842,Polska,pl,ok
7,218,7-218,Adam Lipiński,PiS,Głubczyce,50.2001072,17.8301977,Polska,pl,ok
7,219,7-219,Arkadiusz Litwiński,PO,Szczecin,53.4301818,14.5509623,Polska,pl,ok
7,22,7-22,Barbara Bartuś,PiS,Gorlice,49.6582900,21.1593832,Polska,pl,ok
7,220,7-220,Marek Łapiński,PO,Trzebnica,51.3096424,17.0625960,Polska,pl,ok
7,221,7-221,Marek Łatas,PiS,Myślenice,49.8346080,19.9384283,Polska,pl,ok
7,222,7-222,Zofia Ławrynowicz,PO,Stargard Szczeciński,53.3089775,15.0316459,Polska,pl,ok
7,223,7-223,Jan Łopata,PSL,Motycz,51.2395618,22.3812812,Polska,pl,ok
7,224,7-224,Maciej Łopiński,PiS,Gdańsk,54.3482907,18.6540233,Polska,pl,ok
7,225,7-225,Mieczysław Marcin Łuczak,PSL,Wieluń,51.2204544,18.5700965,Polska,pl,ok
7,226,7-226,Krystyna Łybacka,SLD,Jutrosin,51.6536197,17.1689896,Polska,pl,ok
7,227,7-227,Marzena Machałek,PiS,Wrocław,51.1089776,17.0326689,Polska,pl,ok
7,228,7-228,Antoni Macierewicz,PiS,Warszawa,52.2319581,21.0067249,Polska,pl,ok
7,229,7-229,Tomasz Makowski,PSL,Ełk,53.8239584,22.3619165,Polska,pl,ok
7,23,7-23,Piotr Paweł Bauć,RP,Gdańsk,54.3482907,18.6540233,Polska,pl,ok
7,230,7-230,Ewa Malik,PiS,Sosnowiec,50.2780834,19.1342944,Polska,pl,ok
7,231,7-231,Mirosław Maliszewski,PSL,Warszawa,52.2319581,21.0067249,Polska,pl,ok
7,232,7-232,Beata Małecka-Libera,PO,Dąbrowa Górnicza,50.3308692,19.2078918,Polska,pl,ok
7,233,7-233,Maciej Małecki,PiS,Warszawa,52.2319581,21.0067249,Polska,pl,ok
7,234,7-234,Małgorzata Marcinkiewicz,RP,Przemyśl,49.7835475,22.7885036,Polska,pl,ok
7,235,7-235,Jagna Marczułajtis-Walczak,PO,Zakopane,49.2969114,19.9504753,Polska,pl,ok
7,236,7-236,Gabriela Masłowska,PiS,Batorz,50.8494606,22.4927100,Polska,pl,ok
7,237,7-237,Marcin Mastalerek,PiS,Szczecin,53.4301818,14.5509623,Polska,pl,ok
7,238,7-238,Jerzy Materna,PiS,Zielona Góra,51.9383777,15.5050408,Polska,pl,ok
7,239,7-239,Grzegorz Matusiak,PiS,Jaworzno,50.2034390,19.2721559,Polska,pl,ok
7,24,7-24,Dariusz Bąk,PiS,Mogielnica,51.6929526,20.7233710,Polska,pl,ok
7,240,7-240,Katarzyna Matusik-Lipiec,PO,Gorlice,49.6582900,21.1593832,Polska,pl,ok
7,241,7-241,Zbigniew Matuszczak,SLD,Biłgoraj,50.5424846,22.7209326,Polska,pl,ok
7,242,7-242,Marek Matuszewski,PiS,Zgierz,51.8560819,19.4052228,Polska,pl,ok
7,243,7-243,Beata Mazurek,PiS,Ostrów Mazowiecka,52.8000429,21.8976380,Polska,pl,ok
7,244,7-244,Antoni Mężydło,PO,Lubawa,53.5051482,19.7494057,Polska,pl,ok
7,245,7-245,Krzysztof Michałkiewicz,PiS,Oborniki Śląskie,51.3010662,16.9145509,Polska,pl,ok
7,246,7-246,Leszek Miller,SLD,Żyrardów,52.0555320,20.4446435,Polska,pl,ok
7,247,7-247,Rajmund Miller,PO,Kielce,50.8719903,20.6310488,Polska,pl,ok
7,248,7-248,Konstanty Miodowicz,PO,Gniewkowo,52.8944290,18.4066817,Polska,pl,ok
7,249,7-249,Kazimierz Moskal,PiS,Żyraków,50.0859393,21.3947638,Polska,pl,ok
7,25,7-25,Włodzimierz Bernacki,PiS,Proszowice,50.1926479,20.2917555,Polska,pl,ok
7,250,7-250,Czesław Mroczek,PO,Kałuszyn,52.2087832,21.8118810,Polska,pl,ok
7,251,7-251,Maciej Mroczek,RP,Zielona Góra,51.9383777,15.5050408,Polska,pl,ok
7,252,7-252,Izabela Katarzyna Mrzygłocka,PO,Wałbrzych,50.7659054,16.2825424,Polska,pl,ok
7,253,7-253,Joanna Mucha,PO,Płońsk,52.6264016,20.3642812,Polska,pl,ok
7,254,7-254,Arkadiusz Mularczyk,ZP,Racibórz,50.0905252,18.2151495,Polska,pl,ok
7,255,7-255,Killion Munyama,PO,Makala,-6.1026446,23.5517796,République démocratique du Congo,cd,ok
7,256,7-256,Piotr Naimski,PiS,Warszawa,52.2319581,21.0067249,Polska,pl,ok
7,257,7-257,Jacek Najder,BC,Wągrowiec,52.8071754,17.1973241,Polska,pl,ok
7,258,7-258,Grzegorz Napieralski,BC,Szczecin,53.4301818,14.5509623,Polska,pl,ok
7,259,7-259,Anna Nemś,PO,Ogrodzieniec,50.4521463,19.5213629,Polska,pl,ok
7,26,7-26,Andrzej Bętkowski,PiS,Skarżysko-Kamienna,51.1229657,20.8770091,Polska,pl,ok
7,260,7-260,Sławomir Neumann,PO,Starogard Gdański,53.9671805,18.5321130,Polska,pl,ok
7,261,7-261,Dorota Niedziela,PO,Oświęcim,50.0382443,19.2214053,Polska,pl,ok
7,262,7-262,Małgorzata Niemczyk,PO,Łódź,51.7687323,19.4569911,Polska,pl,ok
7,263,7-263,Stefan Niesiołowski,PO,Kałęczew,51.9246414,19.7937882,Polska,pl,ok
7,264,7-264,Maria Nowak,PiS,Chorzów,50.2884726,18.9703798,Polska,pl,ok
7,265,7-265,Sławomir Nowak,niez.,Gdańsk,54.3482907,18.6540233,Polska,pl,ok
7,266,7-266,Tomasz Piotr Nowak,PO,Kwidzyn,53.7204653,18.9374641,Polska,pl,ok
7,267,7-267,Wanda Nowicka,niez.,Lublin,51.2505590,22.5701022,Polska,pl,ok
7,268,7-268,Mirosława Nykiel,PO,Wańkowa,49.5095451,22.4763143,Polska,pl,ok
7,269,7-269,Marzena Okła-Drewnowicz,PO,Skarżysko-Kamienna,51.1229657,20.8770091,Polska,pl,ok
7,27,7-27,Robert Biedroń,TR,Rymanów,49.5761310,21.8676433,Polska,pl,ok
7,270,7-270,Janina Okrągły,PO,Sosnowiec,50.2780834,19.1342944,Polska,pl,ok
7,271,7-271,Alicja Olechowska,PO,Grodzisk Mazowiecki,52.1066223,20.6313441,Polska,pl,ok
7,272,7-272,Cezary Olejniczak,SLD,Łowicz,52.1012240,19.9474614,Polska,pl,ok
7,273,7-273,Paweł Olszewski,PO,Bydgoszcz,53.1219648,18.0002529,Polska,pl,ok
7,274,7-274,Marek Opioła,PiS,Warszawa,52.2319581,21.0067249,Polska,pl,ok
7,275,7-275,Andrzej Orzechowski,PO,Rutki,52.8623681,20.9399177,Polska,pl,ok
7,276,7-276,Maciej Orzechowski,PO,Krotoszyn,51.6959260,17.4374158,Polska,pl,ok
7,277,7-277,Artur Ostrowski,SLD,Piotrków Trybunalski,51.4082625,19.6961670,Polska,pl,ok
7,278,7-278,Jacek Osuch,PiS,Olkusz,50.2788158,19.5596307,Polska,pl,ok
7,279,7-279,Konstanty Oświęcimski,PO,Trzebiatów,54.0626270,15.2656577,Polska,pl,ok
7,28,7-28,Marek Biernacki,PO,Sopot,54.4430399,18.5613095,Polska,pl,ok
7,280,7-280,Krystyna Ozga,PSL,Częstochowa,50.8120466,19.1132130,Polska,pl,ok
7,281,7-281,Stanisław Ożóg,PiS,Sokołów Małopolski,50.2311643,22.1189272,Polska,pl,ok
7,282,7-282,Zbigniew Pacelt,PO,Ostrowiec Świętokrzyski,50.9398768,21.3874300,Polska,pl,ok
7,283,7-283,Michał Tomasz Pacholski,PSL,Łęczyca,52.0545062,19.1982904,Polska,pl,ok
7,284,7-284,Witold Pahl,PO,Wrocław,51.1089776,17.0326689,Polska,pl,ok
7,285,7-285,Janusz Palikot,RP,Biłgoraj,50.5424846,22.7209326,Polska,pl,ok
7,286,7-286,Anna Paluch,PiS,Nowy Targ,49.4892092,20.0263411,Polska,pl,ok
7,287,7-287,Paweł Papke,PO,Starogard Gdański,53.9671805,18.5321130,Polska,pl,ok
7,288,7-288,Mirosław Pawlak,PSL,Zielonki,50.1174019,19.9206558,Polska,pl,ok
7,289,7-289,Waldemar Pawlak,PSL,Model,9.7404297,118.7370373,Philippines,ph,ok
7,29,7-29,Andrzej Biernat,PO,Urzędów,50.9939046,22.1435756,Polska,pl,ok
7,290,7-290,Krystyna Pawłowicz,PiS,Wojcieszów,50.9516542,15.9217422,Polska,pl,ok
7,291,7-291,Wojciech Penkalski,niez.,Braniewo,54.3791309,19.8222225,Polska,pl,ok
7,292,7-292,Małgorzata Pępek,PO,Kocierz Rydzwałdzki,,,,,not_found
7,293,7-293,Andrzej Piątak,niez.,Szczecin,53.4301818,14.5509623,Polska,pl,ok
7,294,7-294,Bolesław Grzegorz Piecha,PiS,Rybnik,50.0955793,18.5419933,Polska,pl,ok
7,295,7-295,Janusz Piechociński,PSL,Studzianki Pancerne,51.6882947,21.3242621,Polska,pl,ok
7,296,7-296,Sławomir Jan Piechota,PO,Tomaszów Mazowiecki,51.5194865,20.0337541,Polska,pl,ok
7,297,7-297,Elżbieta Apolonia Pierzchała,PO,Sosnowiec,50.2780834,19.1342944,Polska,pl,ok
7,298,7-298,Danuta Pietraszewska,PO,Ruda Śląska,50.2698658,18.8642588,Polska,pl,ok
7,299,7-299,Lucjan Marek Pietrzczyk,PO,Bilcza,50.7873121,20.6198282,Polska,pl,ok
7,3,7-3,Andrzej Adamczyk,PiS,Krzeszowice,50.1350246,19.6320164,Polska,pl,ok
7,30,7-30,Leszek Blanik,PO,Wodzisław Śląski,50.0023056,18.4481091,Polska,pl,ok
7,300,7-300,Jarosław Pięta,PO,Sosnowiec,50.2780834,19.1342944,Polska,pl,ok
7,301,7-301,Stanisław Pięta,PiS,Bielsko-Biała,49.8221180,19.0448936,Polska,pl,ok
7,302,7-302,Dariusz Piontkowski,PiS,Sielc,52.6419424,22.9152491,Polska,pl,ok
7,303,7-303,Stanisław Piotrowicz,PiS,Bochnia,49.9746842,20.4253292,Polska,pl,ok
7,304,7-304,Teresa Piotrowska,PO,Tczew,54.0869532,18.8000293,Polska,pl,ok
7,305,7-305,Julia Pitera,PO,Warszawa,52.2319581,21.0067249,Polska,pl,ok
7,306,7-306,Kazimierz Plocke,PO,Domatowo,54.7109464,18.2228010,Polska,pl,ok
7,307,7-307,Marek Plura,PO,Racibórz,50.0905252,18.2151495,Polska,pl,ok
7,308,7-308,Mirosław Pluta,PO,Baranów Sandomierski,50.4994982,21.5417887,Polska,pl,ok
7,309,7-309,Jerzy Polaczek,PiS,Piekary Śląskie,50.3840312,18.9456429,Polska,pl,ok
7,31,7-31,Mariusz Błaszczak,PiS,Legionowo,52.3952285,20.9308309,Polska,pl,ok
7,310,7-310,Marek Polak,PiS,Wadowice,49.8834484,19.4925345,Polska,pl,ok
7,311,7-311,Piotr Polak,PiS,Grabinka,51.7794444,18.8350000,Polska,pl,ok
7,312,7-312,Agnieszka Pomaska,PO,Gdynia,54.5164982,18.5402738,Polska,pl,ok
7,313,7-313,Krzysztof Popiołek,ZP,Babule,50.3986700,21.5414000,Polska,pl,ok
7,314,7-314,Zofia Popiołek,RP,Lublin,51.2505590,22.5701022,Polska,pl,ok
7,315,7-315,Krystyna Poślednia,PO,Września,52.3250694,17.5652282,Polska,pl,ok
7,316,7-316,Marek Poznański,niez.,Hrubieszów,50.8047363,23.8873816,Polska,pl,ok
7,317,7-317,Stanisława Prządka,SLD,Karczmiska,51.5457469,21.9605618,Polska,pl,ok
7,318,7-318,Piotr Pyzik,PiS,Puławy,51.4262598,21.9853014,Polska,pl,ok
7,319,7-319,Józef Racki,PSL,Mdzewko,52.9514163,20.2618252,Polska,pl,ok
7,32,7-32,Joanna Bobowska,PO,Kraków,50.0619474,19.9368564,Polska,pl,ok
7,320,7-320,Damian Raczkowski,PO,Białystok,53.1323980,23.1591679,Polska,pl,ok
7,321,7-321,Elżbieta Radziszewska,PO,Białocin,52.2764050,19.9689237,Polska,pl,ok
7,322,7-322,Elżbieta Rafalska,PiS,Wschowa,51.8038354,16.3172771,Polska,pl,ok
7,323,7-323,Grzegorz Raniewicz,PO,Chełm,51.1355883,23.4939364,Polska,pl,ok
7,324,7-324,Ireneusz Raś,PO,Proszowice,50.1926479,20.2917555,Polska,pl,ok
7,325,7-325,Jerzy Rębek,PiS,Radzyń Podlaski,51.7756663,22.6249658,Polska,pl,ok
7,326,7-326,Adam Rogacki,niez.,Kalisz,51.7624752,18.0895358,Polska,pl,ok
7,327,7-327,Józef Rojek,ZP,Ropczyce,50.0528608,21.6116324,Polska,pl,ok
7,328,7-328,Andrzej Romanek,ZP,Grybów,49.6149554,20.9488247,Polska,pl,ok
7,329,7-329,Dariusz Rosati,PO,Radom,51.4022557,21.1541546,Polska,pl,ok
7,33,7-33,Bartłomiej Bodio,PSL,Kędzierzyn-Koźle,50.3448836,18.2109594,Polska,pl,ok
7,330,7-330,Andrzej Rozenek,BC,Warszawa,52.2319581,21.0067249,Polska,pl,ok
7,331,7-331,Halina Rozpondek,PO,Częstochowa,50.8120466,19.1132130,Polska,pl,ok
7,332,7-332,Jarosław Rusiecki,PiS,Nieskurzów Stary,50.8070872,21.2037070,Polska,pl,ok
7,333,7-333,Dorota Rutkowska,PO,Skierniewice,51.9580068,20.1448085,Polska,pl,ok
7,334,7-334,Jakub Rutnicki,PO,Szamotuły,52.6120328,16.5831241,Polska,pl,ok
7,335,7-335,Adam Rybakowicz,RP,Augustów,53.8437331,22.9802357,Polska,pl,ok
7,336,7-336,Sławomir Rybicki,PO,Gdańsk,54.3482907,18.6540233,Polska,pl,ok
7,337,7-337,Armand Kamil Ryfiński,niez.,Warszawa,52.2319581,21.0067249,Polska,pl,ok
7,338,7-338,Zbigniew Rynasiewicz,PO,Grodzisko Dolne,50.1637598,22.4596076,Polska,pl,ok
7,339,7-339,Marek Rząsa,PO,Rzeszów,50.0374531,22.0047174,Polska,pl,ok
7,34,7-34,Jacek Bogucki,PiS,Wysokie Mazowieckie,52.9256354,22.5104014,Polska,pl,ok
7,340,7-340,Bogdan Rzońca,PiS,Zarzecze,49.9128713,18.8210518,Polska,pl,ok
7,341,7-341,Małgorzata Sadurska,PiS,Puławy,51.4262598,21.9853014,Polska,pl,ok
7,342,7-342,Paweł Sajak,PSL,Żyrardów,52.0555320,20.4446435,Polska,pl,ok
7,343,7-343,Wojciech Saługa,PO,Jaworzno,50.2034390,19.2721559,Polska,pl,ok
7,344,7-344,Jacek Sasin,PiS,Warszawa,52.2319581,21.0067249,Polska,pl,ok
7,345,7-345,Marek Sawicki,PSL,Sawice,52.3484323,22.4878811,Polska,pl,ok
7,346,7-346,Grzegorz Schetyna,PO,Opole,51.9966667,19.1627778,Polska,pl,ok
7,347,7-347,Grzegorz Schreiber,PiS,Bydgoszcz,53.1219648,18.0002529,Polska,pl,ok
7,348,7-348,Małgorzata Sekuła-Szmajdzińska,SLD,Warszawa,52.2319581,21.0067249,Polska,pl,ok
7,349,7-349,Dariusz Seliga,PiS,Skierniewice,51.9580068,20.1448085,Polska,pl,ok
7,35,7-35,Edmund Borawski,PSL,Świdry Podleśne,53.4700632,22.1950129,Polska,pl,ok
7,350,7-350,Jarosław Sellin,PiS,Gdynia,54.5164982,18.5402738,Polska,pl,ok
7,351,7-351,Edward Siarka,ZP,Rabka,54.7541603,17.5159920,Polska,pl,ok
7,352,7-352,Krystyna Sibińska,PO,Złocieniec,53.5310477,16.0107245,Polska,pl,ok
7,353,7-353,Henryk Siedlaczek,PO,Wodzisław Śląski,50.0023056,18.4481091,Polska,pl,ok
7,354,7-354,Radosław Sikorski,PO,Bydgoszcz,53.1219648,18.0002529,Polska,pl,ok
7,355,7-355,Krystyna Skowrońska,PO,Mielec,50.2802473,21.4631343,Polska,pl,ok
7,356,7-356,Bożena Sławiak,PO,Sulęcin,52.4413768,15.1161501,Polska,pl,ok
7,357,7-357,Waldemar Sługocki,PO,Sulechów,52.0854782,15.6259091,Polska,pl,ok
7,358,7-358,Tomasz Smolarz,PO,Bielawa,50.6841718,16.6118259,Polska,pl,ok
7,359,7-359,Anna Elżbieta Sobecka,PiS,Piotrków Kujawski,52.5505700,18.4987200,Polska,pl,ok
7,36,7-36,Jerzy Borkowski,RP,Lipnica,45.6305696,15.9220543,Hrvatska,hr,ok
7,360,7-360,Zbigniew Sosnowski,PSL,Rypin,53.0672809,19.4060273,Polska,pl,ok
7,361,7-361,Lech Sprawka,PiS,Kolonia Radawczyk,51.2044444,22.4305556,Polska,pl,ok
7,362,7-362,Lidia Staroń,niez.,Morąg,53.9119982,19.9279895,Polska,pl,ok
7,363,7-363,Franciszek Jerzy Stefaniuk,PSL,Drelów,51.9120435,22.8715008,Polska,pl,ok
7,364,7-364,Marek Stolarski,SLD,Bytom,50.3470387,18.9231857,Polska,pl,ok
7,365,7-365,Stefan Strzałkowski,PiS,Białogard,54.0145099,15.9691251,Polska,pl,ok
7,366,7-366,Wiesław Suchowiejko,PO,Szczecinek,53.7023421,16.7071342,Polska,pl,ok
7,367,7-367,Marek Suski,PiS,Grójec,51.8655126,20.8675017,Polska,pl,ok
7,368,7-368,Paweł Suski,PO,Wałcz,53.2728538,16.4768177,Polska,pl,ok
7,369,7-369,Miron Sycz,PO,Ostre Bardo,53.8318900,16.1064300,Polska,pl,ok
7,37,7-37,Krzysztof Borkowski,PSL,Siedlce,52.1663751,22.2765138,Polska,pl,ok
7,370,7-370,Paweł Szałamacha,PiS,Gorzów Wlkp.,52.7309926,15.2400451,Polska,pl,ok
7,371,7-371,Wojciech Szarama,PiS,Bytom,50.3470387,18.9231857,Polska,pl,ok
7,372,7-372,Michał Szczerba,PO,Warszawa,52.2319581,21.0067249,Polska,pl,ok
7,373,7-373,Krzysztof Szczerski,PiS,Kraków,50.0619474,19.9368564,Polska,pl,ok
7,374,7-374,Jolanta Szczypińska,PiS,Słupsk,54.4635771,17.0209480,Polska,pl,ok
7,375,7-375,Adam Szejnfeld,PO,Kalisz,51.7624752,18.0895358,Polska,pl,ok
7,376,7-376,Piotr Szeliga,niez.,Biłgoraj,50.5424846,22.7209326,Polska,pl,ok
7,377,7-377,Andrzej Szlachta,PiS,Rzeszów,50.0374531,22.0047174,Polska,pl,ok
7,378,7-378,Jerzy Szmit,PiS,Olsztyn,53.7766839,20.4765070,Polska,pl,ok
7,379,7-379,Grzegorz Sztolcman,PO,Częstochowa,50.8120466,19.1132130,Polska,pl,ok
7,38,7-38,Jerzy Borowczak,PO,Białogard,54.0145099,15.9691251,Polska,pl,ok
7,380,7-380,Andrzej Sztorc,PSL,Wola Rzędzińska,50.0372232,21.0643940,Polska,pl,ok
7,381,7-381,Jakub Szulc,PO,Kłodzko,50.4386510,16.6551878,Polska,pl,ok
7,382,7-382,Krystyna Szumilas,PO,Knurów,50.2071818,18.6637073,Polska,pl,ok
7,383,7-383,Stanisław Szwed,PiS,Bielsko-Biała,49.8221180,19.0448936,Polska,pl,ok
7,384,7-384,Beata Szydło,PiS,Oświęcim,50.0382443,19.2214053,Polska,pl,ok
7,385,7-385,Bożena Szydłowska,PO,Poznań,52.4082663,16.9335199,Polska,pl,ok
7,386,7-386,Tomasz Szymański,PO,Grudziądz,53.4725120,18.7618937,Polska,pl,ok
7,387,7-387,Halina Szymiec-Raczyńska,PSL,Łazy,51.5011125,16.5478667,Polska,pl,ok
7,388,7-388,Jan Szyszko,PiS,Stara Miłosna,52.2191651,21.2352031,Polska,pl,ok
7,389,7-389,Iwona Śledzińska-Katarasińska,PO,Komorniki,51.9766589,20.8499671,Polska,pl,ok
7,39,7-39,Łukasz Borowiak,PO,Leszno,51.8436498,16.5744141,Polska,pl,ok
7,390,7-390,Janusz Śniadek,PiS,Sopot,54.4430399,18.5613095,Polska,pl,ok
7,391,7-391,Jacek Świat,PiS,Wrocław,51.1089776,17.0326689,Polska,pl,ok
7,392,7-392,Marcin Święcicki,PO,Warszawa,52.2319581,21.0067249,Polska,pl,ok
7,393,7-393,Bogdan Święczkowski,,,,,,,missing
7,394,7-394,Krzysztof Tchórzewski,PiS,Rzążew,52.1239626,22.4784473,Polska,pl,ok
7,395,7-395,Robert Telus,PiS,Opoczno,51.3782439,20.2931754,Polska,pl,ok
7,396,7-396,Ryszard Terlecki,PiS,Kraków,50.0619474,19.9368564,Polska,pl,ok
7,397,7-397,Grzegorz Tobiszowski,PiS,Ruda Śląska,50.2698658,18.8642588,Polska,pl,ok
7,398,7-398,Genowefa Tokarska,PSL,Biszcza,50.4008703,22.6507044,Polska,pl,ok
7,399,7-399,Piotr Tomański,PO,Przemyśl,49.7835475,22.7885036,Polska,pl,ok
7,4,7-4,Romuald Ajchler,SLD,Duszniki Wlkp.,52.4462577,16.4267079,Polska,pl,ok
7,40,7-40,Artur Bramora,PSL,Myszków,50.5646661,19.3248616,Polska,pl,ok
7,400,7-400,Jan Tomaszewski,PO,Wrocław,51.1089776,17.0326689,Polska,pl,ok
7,401,7-401,Tadeusz Tomaszewski,SLD,Niechanowo,52.4643201,17.6777258,Polska,pl,ok
7,402,7-402,Jacek Tomczak,PO,Poznań,52.4082663,16.9335199,Polska,pl,ok
7,403,7-403,Cezary Tomczyk,PO,Gryfice,53.9148529,15.1987062,Polska,pl,ok
7,404,7-404,Tomasz Tomczykiewicz,PO,Pszczyna,49.9778089,18.9423721,Polska,pl,ok
7,405,7-405,Aleksandra Trybuś-Cieślar,PO,Cieszyn,49.7488623,18.6334308,Polska,pl,ok
7,406,7-406,Donald Tusk,PO,Gdańsk,54.3482907,18.6540233,Polska,pl,ok
7,407,7-407,Robert Tyszkiewicz,PO,Białystok,53.1323980,23.1591679,Polska,pl,ok
7,408,7-408,Kazimierz Michał Ujazdowski,PiS,Kielce,50.8719903,20.6310488,Polska,pl,ok
7,409,7-409,Piotr Van der Coghen,PO,Krynica-Zdrój,49.4206138,20.9594176,Polska,pl,ok
7,41,7-41,Krzysztof Brejza,PO,Bydgoszcz,53.1219648,18.0002529,Polska,pl,ok
7,410,7-410,Jan Vincent-Rostowski,PO,Londyn,51.5074456,-0.1277653,United Kingdom,gb,ok
7,411,7-411,Piotr Walkowski,PSL,Boguszów-Gorce,50.7566795,16.2043895,Polska,pl,ok
7,412,7-412,Robert Wardzała,PO,Tarnów,50.0123784,20.9880739,Polska,pl,ok
7,413,7-413,Jan Warzecha,PiS,Jodłowa,50.7198490,19.2937300,Polska,pl,ok
7,414,7-414,Witold Waszczykowski,PiS,Piotrków Trybunalski,51.4082625,19.6961670,Polska,pl,ok
7,415,7-415,Jerzy Wenderlich,SLD,Toruń,53.0102721,18.6048094,Polska,pl,ok
7,416,7-416,Monika Wielichowska,PO,Nowa Ruda,50.5734953,16.5113781,Polska,pl,ok
7,417,7-417,Przemysław Wipler,niez.,Piekary Śląskie,50.3840312,18.9456429,Polska,pl,ok
7,418,7-418,Jadwiga Wiśniewska,PiS,Myszków,50.5646661,19.3248616,Polska,pl,ok
7,419,7-419,Mariusz Witczak,PO,Koźminek,51.7983010,18.3383583,Polska,pl,ok
7,42,7-42,Joachim Brudziński,PiS,Świerklaniec,50.4291096,18.9742883,Polska,pl,ok
7,420,7-420,Elżbieta Witek,PiS,Jawor,51.0677021,16.1976136,Polska,pl,ok
7,421,7-421,Marcin Witko,PiS,Głowno,51.9660873,19.7135665,Polska,pl,ok
7,422,7-422,Radosław Witkowski,PO,Radom,51.4022557,21.1541546,Polska,pl,ok
7,423,7-423,Zbigniew Włodkowski,PSL,Pisz,53.6290631,21.8082539,Polska,pl,ok
7,424,7-424,Norbert Wojnarowski,PO,Dobre Miasto,53.9868899,20.3973402,Polska,pl,ok
7,425,7-425,Michał Wojtkiewicz,PiS,Tuchów,49.8952190,21.0538362,Polska,pl,ok
7,426,7-426,Marek Wojtkowski,PO,Lubraniec,52.5430830,18.8315832,Polska,pl,ok
7,427,7-427,Ewa Wolak,PO,Wrocław,51.1089776,17.0326689,Polska,pl,ok
7,428,7-428,Bogusław Wontor,SLD,Słubice,52.3557481,14.5662367,Polska,pl,ok
7,429,7-429,Grzegorz Adam Woźniak,PiS,Garwolin,51.8958048,21.6210647,Polska,pl,ok
7,43,7-43,Jacek Brzezinka,PO,Bytom,50.3470387,18.9231857,Polska,pl,ok
7,430,7-430,Tadeusz Woźniak,ZP,Kutno,52.2222131,19.3874589,Polska,pl,ok
7,431,7-431,Marek Wójcik,PO,Katowice,50.2598987,19.0215852,Polska,pl,ok
7,432,7-432,Marzena Dorota Wróbel,niez.,Radom,51.4022557,21.1541546,Polska,pl,ok
7,433,7-433,Maciej Wydrzyński,RP,Bydgoszcz,53.1219648,18.0002529,Polska,pl,ok
7,434,7-434,Stanisław Wziątek,SLD,Połczyn Zdrój,53.7648981,16.0952705,Polska,pl,ok
7,435,7-435,Zbyszek Zaborowski,SLD,Wilamowice,49.7995695,18.7575781,Polska,pl,ok
7,436,7-436,Jadwiga Zakrzewska,PO,Płońsk,52.6264016,20.3642812,Polska,pl,ok
7,437,7-437,Anna Zalewska,PiS,Świebodzice,50.8724646,16.3228783,Polska,pl,ok
7,438,7-438,Renata Zaremba,PO,Resko,53.7733969,15.4056058,Polska,pl,ok
7,439,7-439,Ryszard Zawadzki,PO,Nysa,37.9031225,28.1456496,Türkiye,tr,ok
7,44,7-44,Beata Bublewicz,PO,Olsztyn,53.7766839,20.4765070,Polska,pl,ok
7,440,7-440,Sławomir Zawiślak,PiS,Krasnobród,50.5460046,23.2115593,Polska,pl,ok
7,441,7-441,Łukasz Zbonikowski,PiS,Toruń,53.0102721,18.6048094,Polska,pl,ok
7,442,7-442,Ryszard Zbrzyzny,SLD,Lubawka,50.7070882,16.0003894,Polska,pl,ok
7,443,7-443,Bogdan Zdrojewski,PO,Kłodzko,50.4386510,16.6551878,Polska,pl,ok
7,444,7-444,Piotr Zgorzelski,PSL,Płock,52.5464521,19.7008606,Polska,pl,ok
7,445,7-445,Jarosław Zieliński,PiS,Szwajcaria,46.7985624,8.2319736,Schweiz/Suisse/Svizzera/Svizra,ch,ok
7,446,7-446,Maciej Zieliński,PO,Wałbrzych,50.7659054,16.2825424,Polska,pl,ok
7,447,7-447,Wojciech Ziemniak,PO,Czempiń,52.1431479,16.7613308,Polska,pl,ok
7,448,7-448,Jerzy Ziętek,niez.,Katowice,50.2598987,19.0215852,Polska,pl,ok
7,449,7-449,Jan Ziobro,ZP,Kraków,50.0619474,19.9368564,Polska,pl,ok
7,45,7-45,Barbara Bubula,PiS,Kraków,50.0619474,19.9368564,Polska,pl,ok
7,450,7-450,Kazimierz Ziobro,ZP,Nowa Wieś,50.4572630,20.8277100,Polska,pl,ok
7,451,7-451,Kosma Złotowski,PiS,Bydgoszcz,53.1219648,18.0002529,Polska,pl,ok
7,452,7-452,Maria Zuba,PiS,Suchedniów,51.0472338,20.8386652,Polska,pl,ok
7,453,7-453,Wojciech Zubowski,PiS,Wrocław,51.1089776,17.0326689,Polska,pl,ok
7,454,7-454,Józef Zych,PSL,Giedlarowa,50.2265339,22.4014412,Polska,pl,ok
7,455,7-455,Jarosław Żaczek,KPSP,Ryki,51.6266968,21.9356960,Polska,pl,ok
7,456,7-456,Jacek Żalek,ZP,Białystok,53.1323980,23.1591679,Polska,pl,ok
7,457,7-457,Stanisław Żelichowski,PSL,Księżostany,50.6187693,23.4070015,Polska,pl,ok
7,458,7-458,Stanisław Żmijan,PO,Tarnogród,50.3613090,22.7419384,Polska,pl,ok
7,459,7-459,Ewa Żmuda-Trzebiatowska,PO,Szczecin,53.4301818,14.5509623,Polska,pl,ok
7,46,7-46,Borys Budka,PO,Czeladź,50.3184581,19.0736572,Polska,pl,ok
7,460,7-460,Jerzy Żyżyński,PiS,Łomża,53.1824307,22.0521838,Polska,pl,ok
7,461,7-461,Marek Gos,PSL,Łopuszno,50.9486160,20.2505964,Polska,pl,ok
7,462,7-462,Henryk Smolarz,PSL,Lublin,51.2505590,22.5701022,Polska,pl,ok
7,463,7-463,Andrzej Dąbrowski,ZP,Wrocław,51.1089776,17.0326689,Polska,pl,ok
7,464,7-464,Jarosław Tomasz Jagiełło,niez.,Łódź,51.7687323,19.4569911,Polska,pl,ok
7,465,7-465,Tomasz Kulesza,PO,Jarosław,50.0159029,22.6796573,Polska,pl,ok
7,466,7-466,Adam Żyliński,PO,Lidzbark Warmiński,54.1259406,20.5805641,Polska,pl,ok
7,467,7-467,Elżbieta Achinger,PO,Kraków,50.0619474,19.9368564,Polska,pl,ok
7,468,7-468,Grzegorz Janik,PiS,Rybnik,50.0955793,18.5419933,Polska,pl,ok
7,469,7-469,Elżbieta Królikowska-Kińska,PO,Łódź,51.7687323,19.4569911,Polska,pl,ok
7,47,7-47,Jerzy Budnik,niez.,Wejherowo,54.6026348,18.2479340,Polska,pl,ok
7,470,7-470,Renata Janik,PO,Zagnańsk,50.9800365,20.6632227,Polska,pl,ok
7,471,7-471,Łukasz Tusk,PO,Opole,51.9966667,19.1627778,Polska,pl,ok
7,472,7-472,Teresa Świło,PO,Niepołomice,50.0331163,20.2171599,Polska,pl,ok
7,473,7-473,Irena Tomaszak-Zesiuk,PO,Turek,52.0159500,18.5019100,Polska,pl,ok
7,474,7-474,Piotr Łukasz Babiarz,PiS,Wrocław,51.1089776,17.0326689,Polska,pl,ok
7,475,7-475,Antoni Błądek,PiS,Przyszów,50.4912866,21.9961218,Polska,pl,ok
7,476,7-476,Przemysław Czarnecki,PiS,Wrocław,51.1089776,17.0326689,Polska,pl,ok
7,477,7-477,Piotr Krzysztof Ćwik,PiS,Kraków,50.0619474,19.9368564,Polska,pl,ok
7,478,7-478,Piotr Król,PiS,Bydgoszcz,53.1219648,18.0002529,Polska,pl,ok
7,479,7-479,Aldona Młyńczak,PO,Wrocław,51.1089776,17.0326689,Polska,pl,ok
7,48,7-48,Bożenna Bukiewicz,PO,Żary,51.6385162,15.1422487,Polska,pl,ok
7,480,7-480,Marek Niedbała,SLD,Poznań,52.4082663,16.9335199,Polska,pl,ok
7,481,7-481,Beata Rusinowska,PO,Żyrardów,52.0555320,20.4446435,Polska,pl,ok
7,482,7-482,Jan Rzymełka,PO,Katowice,50.2598987,19.0215852,Polska,pl,ok
7,483,7-483,Jerzy Sądel,PiS,Siemianowice Śląskie,50.3121356,19.0177437,Polska,pl,ok
7,484,7-484,Andrzej Smirnow,PiS,Warszawa,52.2319581,21.0067249,Polska,pl,ok
7,485,7-485,Kazimierz Smoliński,PiS,Malbork,54.0358356,19.0368496,Polska,pl,ok
7,486,7-486,Krzysztof Sońta,PiS,Radom,51.4022557,21.1541546,Polska,pl,ok
7,487,7-487,Aleksander Sosna,SLD,Orla,52.7029948,23.3321917,Polska,pl,ok
7,488,7-488,Michał Stuligrosz,PO,Poznań,52.4082663,16.9335199,Polska,pl,ok
7,489,7-489,Stanisław Chmielewski,PO,Złotów,53.3631938,17.0346940,Polska,pl,ok
7,49,7-49,Andrzej Buła,PO,Kluczbork,50.9710826,18.2010090,Polska,pl,ok
7,490,7-490,Robert Jagła,PO,Żarów,50.9438416,16.4923538,Polska,pl,ok
7,491,7-491,Czesław Sobierajski,PiS,Kielce,50.8719903,20.6310488,Polska,pl,ok
7,492,7-492,Marek Kwitek,PiS,Annopol,50.8851655,21.8550836,Polska,pl,ok
7,493,7-493,Ewa Czeszejko-Sochacka,PO,Warszawa,52.2319581,21.0067249,Polska,pl,ok
7,494,7-494,Robert Maciaszek,PO,Olkusz,50.2788158,19.5596307,Polska,pl,ok
7,495,7-495,Grażyna Ciemniak,PO,Toruń,53.0102721,18.6048094,Polska,pl,ok
7,496,7-496,Marcin Duszek,PiS,Łosice,52.2115134,22.7172940,Polska,pl,ok
7,497,7-497,Tadeusz Naguszewski,PO,Elblag,54.1558708,19.4044583,Polska,pl,ok
7,498,7-498,Jarosław Stawiarski,PiS,Kraśnik,50.9434932,22.2083580,Polska,pl,ok
7,499,7-499,Bożena Henczyca,PO,Kluczbork,50.9710826,18.2010090,Polska,pl,ok
7,5,7-5,Leszek Aleksandrzak,SLD,Opatówek,51.7394437,18.2137254,Polska,pl,ok
7,50,7-50,Jan Bury,PSL,Przeworsk,50.0601735,22.4923769,Polska,pl,ok
7,500,7-500,Grzegorz Karpiński,PO,Chełmno,53.3493915,18.4235473,Polska,pl,ok
7,501,7-501,Przemysław Krysztofiak,PO,Ostrów Wielkopolski,51.6495023,17.8167085,Polska,pl,ok
7,502,7-502,Krzysztof Maciejewski,PiS,Pabianice,51.6639859,19.3535024,Polska,pl,ok
7,503,7-503,Jarosław Gromadzki,niez.,Słupsk,54.4635771,17.0209480,Polska,pl,ok
7,504,7-504,Katarzyna Stachowicz,PO,Sosnowiec,50.2780834,19.1342944,Polska,pl,ok
7,505,7-505,Romuald Garczewski,PSL,Staszów,50.5612276,21.1677849,Polska,pl,ok
7,506,7-506,Urszula Pasławska,PSL,Biskupiec,53.8637983,20.9549890,Polska,pl,ok
7,507,7-507,Małgorzata Woźniak,PO,Garwolin,51.8958048,21.6210647,Polska,pl,ok
7,508,7-508,Jan Kulas,PO,Kościerzyna,54.1210215,17.9781656,Polska,pl,ok
7,509,7-509,Elżbieta Nawrocka,PSL,Wieluń,51.2204544,18.5700965,Polska,pl,ok
7,51,7-51,Renata Butryn,PO,Dębica,50.0461164,21.4127615,Polska,pl,ok
7,510,7-510,Halina Olendzka,PiS,Św. Katarzyna,28.5675077,33.9535607,مصر,eg,ok
7,511,7-511,Marek Poręba,PO,Pilzno,49.9785780,21.2908438,Polska,pl,ok
7,512,7-512,Urszula Rusecka,PiS,Kraków,50.0619474,19.9368564,Polska,pl,ok
7,513,7-513,Daniela Chrapkiewicz,PiS,Starogard Gdański,53.9671805,18.5321130,Polska,pl,ok
7,514,7-514,Filip Kaczyński,PiS,Sucha Beskidzka,49.7328974,19.5824593,Polska,pl,ok
7,515,7-515,Krzysztof Głuchowski,PiS,Łuków,51.9251738,22.3727818,Polska,pl,ok
7,516,7-516,Michał Dworczyk,PiS,Warszawa,52.2319581,21.0067249,Polska,pl,ok
7,517,7-517,Andrzej Dołecki,RP,Warszawa,52.2319581,21.0067249,Polska,pl,ok
7,52,7-52,Jan Cedzyński,SLD,Mąchocice Kapitulne,50.8904340,20.7687927,Polska,pl,ok
7,53,7-53,Jarosław Charłampowicz,PO,Brzeg Dolny,51.2691209,16.7081404,Polska,pl,ok
7,54,7-54,Zbigniew Chmielowiec,PiS,Kolbuszowa,50.2433277,21.7754563,Polska,pl,ok
7,55,7-55,Piotr Chmielowski,SLD,Chorzów,50.2884726,18.9703798,Polska,pl,ok
7,56,7-56,Małgorzata Chomycz,PO,Lesko,49.4689014,22.3303816,Polska,pl,ok
7,57,7-57,Janusz Cichoń,PO,Bytom,50.3470387,18.9231857,Polska,pl,ok
7,58,7-58,Piotr Cieśliński,PO,Olsztyn,53.7766839,20.4765070,Polska,pl,ok
7,59,7-59,Marian Cycoń,PO,Barcice,49.5250962,20.6514646,Polska,pl,ok
7,6,7-6,Waldemar Andzel,PiS,Czeladź,50.3184581,19.0736572,Polska,pl,ok
7,60,7-60,Barbara Czaplicka,PO,Warszawa,52.2319581,21.0067249,Polska,pl,ok
7,61,7-61,Witold Czarnecki,PiS,Murowana Goślina,52.5758465,17.0097914,Polska,pl,ok
7,62,7-62,Arkadiusz Czartoryski,PiS,Ostrołęka,53.0779641,21.5748428,Polska,pl,ok
7,63,7-63,Czesław Czechyra,PO,Potok Górny,50.3857126,22.5529402,Polska,pl,ok
7,64,7-64,Jacek Czerniak,SLD,Świdnik,51.2164934,22.6909558,Polska,pl,ok
7,65,7-65,Zofia Czernow,PO,Wola Obszańska,50.3179658,22.9102851,Polska,pl,ok
7,66,7-66,Andrzej Czerwiński,PO,Nowy Sącz,49.6103040,20.7149366,Polska,pl,ok
7,67,7-67,Edward Czesak,PiS,Tarnów,50.0123784,20.9880739,Polska,pl,ok
7,68,7-68,Eugeniusz Czykwin,SLD,Orla,52.7029948,23.3321917,Polska,pl,ok
7,69,7-69,Alicja Dąbrowska,PO,Ostrowiec Świętokrzyski,50.9398768,21.3874300,Polska,pl,ok
7,7,7-7,Dorota Arciszewska-Mielewczyk,PiS,Gdynia,54.5164982,18.5402738,Polska,pl,ok
7,70,7-70,Andrzej Dera,ZP,Ostrów Wielkopolski,51.6495023,17.8167085,Polska,pl,ok
7,71,7-71,Artur Dębski,PSL,Siestrzeń,52.0554876,20.7205963,Polska,pl,ok
7,72,7-72,Leszek Dobrzyński,PiS,Szczecin,53.4301818,14.5509623,Polska,pl,ok
7,73,7-73,Zbigniew Dolata,PiS,Koźmin,51.0935146,15.0213590,Polska,pl,ok
7,74,7-74,Marek Domaracki,SLD,Piotrków Trybunalski,51.4082625,19.6961670,Polska,pl,ok
7,75,7-75,Ludwik Dorn,niez.,Warszawa,52.2319581,21.0067249,Polska,pl,ok
7,76,7-76,Ewa Drozd,PO,Stąporków,51.1380145,20.5573073,Polska,pl,ok
7,77,7-77,Andrzej Duda,PiS,Kraków,50.0619474,19.9368564,Polska,pl,ok
7,78,7-78,Artur Dunin,PO,Lublin,51.2505590,22.5701022,Polska,pl,ok
7,79,7-79,Zenon Durka,PO,Legionowo,52.3952285,20.9308309,Polska,pl,ok
7,8,7-8,Jan Krzysztof Ardanowski,PiS,Czernikowo,52.9422600,18.9373000,Polska,pl,ok
7,80,7-80,Dariusz Cezar Dziadzio,PSL,Rzeszów,50.0374531,22.0047174,Polska,pl,ok
7,81,7-81,Jan Dziedziczak,PiS,Warszawa,52.2319581,21.0067249,Polska,pl,ok
7,82,7-82,Janusz Dzięcioł,PO,Dąbrowa Chełmińska,53.1760827,18.3025087,Polska,pl,ok
7,83,7-83,Waldy Dzikowski,PO,Wschowa,51.8038354,16.3172771,Polska,pl,ok
7,84,7-84,Tadeusz Dziuba,PiS,Poznań,52.4082663,16.9335199,Polska,pl,ok
7,85,7-85,Wincenty Elsner,SLD,Radom,51.4022557,21.1541546,Polska,pl,ok
7,86,7-86,Joanna Fabisiak,PO,Warszawa,52.2319581,21.0067249,Polska,pl,ok
7,87,7-87,Jacek Falfus,PiS,Siemianowice Śląskie,50.3121356,19.0177437,Polska,pl,ok
7,88,7-88,Jerzy Fedorowicz,PO,Polanica-Zdrój,50.3988610,16.5062022,Polska,pl,ok
7,89,7-89,Arkady Fiedler,PO,Londyn,51.5074456,-0.1277653,United Kingdom,gb,ok
7,9,7-9,Iwona Ewa Arent,PiS,Olsztyn,53.7766839,20.4765070,Polska,pl,ok
7,90,7-90,Anna Fotyga,PiS,Lębork,54.5295600,17.7402490,Polska,pl,ok
7,91,7-91,Krzysztof Gadowski,PO,Bochnia,49.9746842,20.4253292,Polska,pl,ok
7,92,7-92,Ryszard Galla,niez.,Wrocław,51.1089776,17.0326689,Polska,pl,ok
7,93,7-93,Andrzej Gałażewski,PO,Kraków,50.0619474,19.9368564,Polska,pl,ok
7,94,7-94,Elżbieta Gapińska,PO,Płock,52.5464521,19.7008606,Polska,pl,ok
7,95,7-95,Tomasz Garbowski,SLD,Kluczbork,50.9710826,18.2010090,Polska,pl,ok
7,96,7-96,Stanisław Gawłowski,PO,Brzeg,50.8529011,17.4708931,Polska,pl,ok
7,97,7-97,Lidia Gądek,PO,Wolbrom,50.3848386,19.7598844,Polska,pl,ok
7,98,7-98,Magdalena Gąsior-Marek,PO,Lublin,51.2505590,22.5701022,Polska,pl,ok
7,99,7-99,Elżbieta Gelert,PO,Gdańsk,54.3482907,18.6540233,Polska,pl,ok
8,1,8-1,Adam Abramowicz,PiS,Biała Podlaska,52.0338399,23.1193948,Polska,pl,ok
8,10,8-10,Bartosz Arłukowicz,PO-KO,Resko,53.7733969,15.4056058,Polska,pl,ok
8,100,8-100,Teresa Glenc,PiS,Gorzyczki,49.9479424,18.4054172,Polska,pl,ok
8,101,8-101,Piotr Gliński,PiS,Warszawa,52.2319581,21.0067249,Polska,pl,ok
8,102,8-102,Konrad Głębocki,PiS,Częstochowa,50.8120466,19.1132130,Polska,pl,ok
8,103,8-103,Tomasz Głogowski,PO-KO,Tarnowskie Góry,50.4445194,18.8554757,Polska,pl,ok
8,104,8-104,Krzysztof Głuchowski,PiS,Łuków,51.9251738,22.3727818,Polska,pl,ok
8,105,8-105,Marta Golbik,PO-KO,Gliwice,50.2941130,18.6657306,Polska,pl,ok
8,106,8-106,Małgorzata Golińska,PiS,Szczecinek,53.7023421,16.7071342,Polska,pl,ok
8,107,8-107,Kazimierz Gołojuch,PiS,Łańcut,50.0690725,22.2320924,Polska,pl,ok
8,108,8-108,Jarosław Gonciarz,PiS,Czeladź,50.3184581,19.0736572,Polska,pl,ok
8,109,8-109,Małgorzata Gosiewska,PiS,Gdańsk,54.3482907,18.6540233,Polska,pl,ok
8,11,8-11,Paweł Arndt,PO-KO,Gniezno,52.5246502,17.5981524,Polska,pl,ok
8,110,8-110,Jerzy Gosiewski,PiS,Maków Mazowiecki,52.8656780,21.1012240,Polska,pl,ok
8,111,8-111,Jarosław Gowin,PiS,Kraków,50.0619474,19.9368564,Polska,pl,ok
8,112,8-112,Artur Górski,PiS,Warszawa,52.2319581,21.0067249,Polska,pl,ok
8,113,8-113,Cezary Grabarczyk,PO-KO,Łódź,51.7687323,19.4569911,Polska,pl,ok
8,114,8-114,Jan Grabiec,PO-KO,Legionowo,52.3952285,20.9308309,Polska,pl,ok
8,115,8-115,Paweł Grabowski,Kukiz15,Brzeg,50.8529011,17.4708931,Polska,pl,ok
8,116,8-116,Rafał Grupiński,PO-KO,Wronki,52.7100316,16.3742572,Polska,pl,ok
8,117,8-117,Zbigniew Gryglas,PiS,Jelonki,52.2242640,20.9162919,Polska,pl,ok
8,118,8-118,Kazimierz Gwiazdowski,PiS,Radziłów,53.4097836,22.4093950,Polska,pl,ok
8,119,8-119,Andrzej Halicki,PO-KO,Warszawa,52.2319581,21.0067249,Polska,pl,ok
8,12,8-12,Marek Ast,PiS,Zielona Góra,51.9383777,15.5050408,Polska,pl,ok
8,120,8-120,Teresa Hałas,PiS,Krasnystaw,50.9829960,23.1697933,Polska,pl,ok
8,121,8-121,Agnieszka Hanajczyk,PO-KO,Zgierz,51.8560819,19.4052228,Polska,pl,ok
8,122,8-122,Bożena Henczyca,PO-KO,Kluczbork,50.9710826,18.2010090,Polska,pl,ok
8,123,8-123,Paulina Hennig-Kloska,PO-KO,Gniezno,52.5246502,17.5981524,Polska,pl,ok
8,124,8-124,Jolanta Hibner,PO-KO,Ząbki,52.2923335,21.1146999,Polska,pl,ok
8,125,8-125,Czesław Hoc,PiS,Jelenin,51.6692213,15.4641552,Polska,pl,ok
8,126,8-126,Marek Hok,PO-KO,Koszalin,54.1909200,16.1770700,Polska,pl,ok
8,127,8-127,Marcin Horała,PiS,Gdańsk,54.3482907,18.6540233,Polska,pl,ok
8,128,8-128,Józefa Hrynkiewicz,PiS,Daniuszewo,,,,,not_found
8,129,8-129,Stanisław Huskowski,PSL-UED,Wrocław,51.1089776,17.0326689,Polska,pl,ok
8,13,8-13,Urszula Augustyn,PO-KO,Tarnów,50.0123784,20.9880739,Polska,pl,ok
8,130,8-130,Michał Jach,PiS,Łomża,53.1824307,22.0521838,Polska,pl,ok
8,131,8-131,Jerzy Jachnik,PP,Bielsko-Biała,49.8221180,19.0448936,Polska,pl,ok
8,132,8-132,Patryk Jaki,PiS,Opole,51.9966667,19.1627778,Polska,pl,ok
8,133,8-133,Marek Jakubiak,niez.,Warszawa,52.2319581,21.0067249,Polska,pl,ok
8,134,8-134,Wiesław Janczyk,PiS,Chomranice,49.6798984,20.5898699,Polska,pl,ok
8,135,8-135,Grzegorz Janik,PiS,Rybnik,50.0955793,18.5419933,Polska,pl,ok
8,136,8-136,Maria Małgorzata Janyska,PO-KO,Wyrzysk,53.1569822,17.2627004,Polska,pl,ok
8,137,8-137,Michał Jaros,PO-KO,Aleksandrów Kujawski,52.8765365,18.6935744,Polska,pl,ok
8,138,8-138,Krystian Jarubas,PSL-KP,Busko-Zdrój,50.4675900,20.7191900,Polska,pl,ok
8,139,8-139,Wojciech Jasiński,PiS,Gostynin,52.4242453,19.4633384,Polska,pl,ok
8,14,8-14,Joanna Augustynowska,PO-KO,Głogów,51.6634169,16.0860805,Polska,pl,ok
8,140,8-140,Tomasz Jaskóła,UPR,Częstochowa,50.8120466,19.1132130,Polska,pl,ok
8,141,8-141,Andrzej Jaworski,PiS,Włocławek,52.6603872,19.0719480,Polska,pl,ok
8,142,8-142,Mariusz Orion Jędrysek,PiS,Głubczyce,50.2001072,17.8301977,Polska,pl,ok
8,143,8-143,Bartosz Józwiak,UPR,Września,52.3250694,17.5652282,Polska,pl,ok
8,144,8-144,Krzysztof Jurgiel,PiS,Ogrodniki,52.7735390,23.3000559,Polska,pl,ok
8,145,8-145,Norbert Kaczmarczyk,PiS,Proszowice,50.1926479,20.2917555,Polska,pl,ok
8,146,8-146,Jarosław Kaczyński,PiS,Warszawa,52.2319581,21.0067249,Polska,pl,ok
8,147,8-147,Piotr Kaleta,PiS,Kalisz,51.7624752,18.0895358,Polska,pl,ok
8,148,8-148,Bożena Kamińska,PO-KO,Gołdap,54.3077084,22.3018576,Polska,pl,ok
8,149,8-149,Mariusz Kamiński,PiS,Sochaczew,52.2367219,20.2571236,Polska,pl,ok
8,15,8-15,Tadeusz Aziewicz,PO-KO,Sopot,54.4430399,18.5613095,Polska,pl,ok
8,150,8-150,Michał Kamiński,PSL-KP,Warszawa,52.2319581,21.0067249,Polska,pl,ok
8,151,8-151,Włodzimierz Karpiński,PO-KO,Puławy,51.4262598,21.9853014,Polska,pl,ok
8,152,8-152,Mieczysław Kasprzak,PSL-KP,Jarosław,50.0159029,22.6796573,Polska,pl,ok
8,153,8-153,Beata Kempa,PiS,Syców,51.3078551,17.7198113,Polska,pl,ok
8,154,8-154,Małgorzata Kidawa-Błońska,PO-KO,Warszawa,52.2319581,21.0067249,Polska,pl,ok
8,155,8-155,Marcin Kierwiński,PO-KO,Warszawa,52.2319581,21.0067249,Polska,pl,ok
8,156,8-156,Jan Kilian,PiS,Stargard Gdański,53.9671805,18.5321130,Polska,pl,ok
8,157,8-157,Jan Klawiter,niez.,Rumia,54.5696102,18.3849041,Polska,pl,ok
8,158,8-158,Izabela Kloc,PiS,Mikołów,50.1960028,18.8539322,Polska,pl,ok
8,159,8-159,Joanna Kluzik-Rostkowska,PO-KO,Katowice,50.2598987,19.0215852,Polska,pl,ok
8,16,8-16,Zbigniew Babalski,PiS,Ostróda,53.7028533,19.9623028,Polska,pl,ok
8,160,8-160,Eugeniusz Kłopotek,PSL-KP,Chojnice,53.6952912,17.5614973,Polska,pl,ok
8,161,8-161,Sławomir Kłosowski,PiS,Wambierzyce,50.4900304,16.4558424,Polska,pl,ok
8,162,8-162,Andrzej Kobylarz,Kukiz15,Gdańsk,54.3482907,18.6540233,Polska,pl,ok
8,163,8-163,Paweł Kobyliński,PO-KO,Bytom,50.3470387,18.9231857,Polska,pl,ok
8,164,8-164,Magdalena Kochan,PO-KO,Szczecin,53.4301818,14.5509623,Polska,pl,ok
8,165,8-165,Agnieszka Kołacz-Leszczyńska,PO-KO,Wałbrzych,50.7659054,16.2825424,Polska,pl,ok
8,166,8-166,Lech Kołakowski,PiS,Zambrów,52.9855200,22.2411700,Polska,pl,ok
8,167,8-167,Robert Kołakowski,PiS,Ciechanów,52.8819798,20.6191479,Polska,pl,ok
8,168,8-168,Zbigniew Konwiński,PO-KO,Słupsk,54.4635771,17.0209480,Polska,pl,ok
8,169,8-169,Ewa Kopacz,PO-KO,Skaryszew,51.3105682,21.2523856,Polska,pl,ok
8,17,8-17,Piotr Łukasz Babiarz,niez.,Wrocław,51.1089776,17.0326689,Polska,pl,ok
8,170,8-170,Joanna Kopcińska,PiS,Łódź,51.7687323,19.4569911,Polska,pl,ok
8,171,8-171,Adam Korol,PO-KO,Gdańsk,54.3482907,18.6540233,Polska,pl,ok
8,172,8-172,Leszek Korzeniowski,PO-KO,Warszawa,52.2319581,21.0067249,Polska,pl,ok
8,173,8-173,Roman Jacek Kosecki,PO-KO,Piaseczno,52.0747377,21.0270885,Polska,pl,ok
8,174,8-174,Władysław Kosiniak-Kamysz,PSL-KP,Kraków,50.0619474,19.9368564,Polska,pl,ok
8,175,8-175,Wojciech Kossakowski,PiS,Ełk,53.8239584,22.3619165,Polska,pl,ok
8,176,8-176,Tomasz Kostuś,PO-KO,Kluczbork,50.9710826,18.2010090,Polska,pl,ok
8,177,8-177,Andrzej Kosztowniak,PiS,Radom,51.4022557,21.1541546,Polska,pl,ok
8,178,8-178,Kazimierz Kotowski,PSL-KP,Opatów,50.8017661,21.4238281,Polska,pl,ok
8,179,8-179,Henryk Kowalczyk,PiS,Żabianka,54.4201197,18.5756153,Polska,pl,ok
8,18,8-18,Piotr Babinetz,PiS,Krosno,49.6889844,21.7534788,Polska,pl,ok
8,180,8-180,Bartosz Kownacki,PiS,Warszawa,52.2319581,21.0067249,Polska,pl,ok
8,181,8-181,Ewa Kozanecka,PiS,Września,52.3250694,17.5652282,Polska,pl,ok
8,182,8-182,Jerzy Kozłowski,UPR,Kalisz,51.7624752,18.0895358,Polska,pl,ok
8,183,8-183,Maks Kraczkowski,PiS,Warszawa,52.2319581,21.0067249,Polska,pl,ok
8,184,8-184,Jarosław Krajewski,PiS,Warszawa,52.2319581,21.0067249,Polska,pl,ok
8,185,8-185,Wiesław Krajewski,PiS,Chojnów,51.2722138,15.9393854,Polska,pl,ok
8,186,8-186,Leonard Krasulski,PiS,Sopot,54.4430399,18.5613095,Polska,pl,ok
8,187,8-187,Robert Kropiwnicki,PO-KO,Legnica,51.2047689,16.1746750,Polska,pl,ok
8,188,8-188,Piotr Król,PiS,Bydgoszcz,53.1219648,18.0002529,Polska,pl,ok
8,189,8-189,Wojciech Król,PO-KO,Jaworzno,50.2034390,19.2721559,Polska,pl,ok
8,19,8-19,Wojciech Bakun,Kukiz15,Przemyśl,49.7835475,22.7885036,Polska,pl,ok
8,190,8-190,Elżbieta Kruk,PiS,Lublin,51.2505590,22.5701022,Polska,pl,ok
8,191,8-191,Anna Krupka,PiS,Warszawa,52.2319581,21.0067249,Polska,pl,ok
8,192,8-192,Andrzej Kryj,PiS,Ostrowiec Świętokrzyski,50.9398768,21.3874300,Polska,pl,ok
8,193,8-193,Bernadeta Krynicka,PiS,Łomża,53.1824307,22.0521838,Polska,pl,ok
8,194,8-194,Marek Krząkała,PO-KO,Rybnik,50.0955793,18.5419933,Polska,pl,ok
8,195,8-195,Henryka Krzywonos-Strycharska,PO-KO,Olsztyn,53.7766839,20.4765070,Polska,pl,ok
8,196,8-196,Dariusz Kubiak,PiS,Piotrków Trybunalski,51.4082625,19.6961670,Polska,pl,ok
8,197,8-197,Krzysztof Kubów,PiS,Lubin,51.3996783,16.1993379,Polska,pl,ok
8,198,8-198,Tomasz Kucharski,PO-KO,Gorzów Wielkopolski,52.7309926,15.2400451,Polska,pl,ok
8,199,8-199,Marek Kuchciński,PiS,Przemyśl,49.7835475,22.7885036,Polska,pl,ok
8,2,8-2,Andrzej Adamczyk,PiS,Krzeszowice,50.1350246,19.6320164,Polska,pl,ok
8,20,8-20,Paweł Bańkowski,PO-KO,Jaworzno,50.2034390,19.2721559,Polska,pl,ok
8,200,8-200,Paweł Kukiz,Kukiz15,Paczków,50.4642876,17.0063856,Polska,pl,ok
8,201,8-201,Jakub Kulesza,Konfederacja,Lublin,51.2505590,22.5701022,Polska,pl,ok
8,202,8-202,Józef Kurek,,,,,,,missing
8,203,8-203,Jacek Kurzępa,PiS,Świebodzin,52.2498357,15.5324973,Polska,pl,ok
8,204,8-204,Anna Kwiecień,PiS,Radom,51.4022557,21.1541546,Polska,pl,ok
8,205,8-205,Marek Kwitek,PiS,Annopol,50.8851655,21.8550836,Polska,pl,ok
8,206,8-206,Stanisław Lamczyk,PO-KO,Brusy,53.8861557,17.7190437,Polska,pl,ok
8,207,8-207,Józef Lassota,PO-KO,Siedliska,50.3789043,20.0227966,Polska,pl,ok
8,208,8-208,Tomasz Latos,PiS,Poznań,52.4082663,16.9335199,Polska,pl,ok
8,209,8-209,Bogdan Latosiński,PiS,Chmielnik,50.6145952,20.7510406,Polska,pl,ok
8,21,8-21,Ryszard Bartosik,PiS,Turek,52.0159500,18.5019100,Polska,pl,ok
8,210,8-210,Gabriela Lenartowicz,PO-KO,Katowice,50.2598987,19.0215852,Polska,pl,ok
8,211,8-211,Tomasz Lenz,PO-KO,Mogilno,52.6573410,17.9500677,Polska,pl,ok
8,212,8-212,Izabela Leszczyna,PO-KO,Częstochowa,50.8120466,19.1132130,Polska,pl,ok
8,213,8-213,Józef Leśniak,PiS,Limanowa,49.7149918,20.4230742,Polska,pl,ok
8,214,8-214,Joanna Lichocka,PiS,Warszawa,52.2319581,21.0067249,Polska,pl,ok
8,215,8-215,Ewa Lieder,PO-KO,Gdańsk,54.3482907,18.6540233,Polska,pl,ok
8,216,8-216,Krzysztof Lipiec,PiS,Starachowice,51.0384569,21.0820842,Polska,pl,ok
8,217,8-217,Adam Lipiński,PiS,Głubczyce,50.2001072,17.8301977,Polska,pl,ok
8,218,8-218,Piotr Liroy-Marzec,PP,Busko-Zdrój,50.4675900,20.7191900,Polska,pl,ok
8,219,8-219,Paweł Lisiecki,PiS,Warszawa,52.2319581,21.0067249,Polska,pl,ok
8,22,8-22,Barbara Bartuś,PiS,Gorlice,49.6582900,21.1593832,Polska,pl,ok
8,220,8-220,Radosław Lubczyk,PSL-KP,Szczecinek,53.7023421,16.7071342,Polska,pl,ok
8,221,8-221,Katarzyna Lubnauer,PO-KO,Łódź,51.7687323,19.4569911,Polska,pl,ok
8,222,8-222,Krzysztof Łapiński,PiS,Warszawa,52.2319581,21.0067249,Polska,pl,ok
8,223,8-223,Tomasz Ławniczak,PiS,Ostrów Wielkopolski,51.6495023,17.8167085,Polska,pl,ok
8,224,8-224,Jan Łopata,PSL-KP,Motycz,51.2395618,22.3812812,Polska,pl,ok
8,225,8-225,Marzena Machałek,PiS,Wrocław,51.1089776,17.0326689,Polska,pl,ok
8,226,8-226,Andrzej Maciejewski,niez.,Bartoszyce,54.2534341,20.8083932,Polska,pl,ok
8,227,8-227,Krzysztof Maciejewski,PiS,Pabianice,51.6639859,19.3535024,Polska,pl,ok
8,228,8-228,Antoni Macierewicz,PiS,Warszawa,52.2319581,21.0067249,Polska,pl,ok
8,229,8-229,Ewa Malik,PiS,Sosnowiec,50.2780834,19.1342944,Polska,pl,ok
8,23,8-23,Mieczysław Kazimierz Baszko,PiS,Boratyńszczyzna,53.2895500,23.6023000,Polska,pl,ok
8,230,8-230,Mirosław Maliszewski,PSL-KP,Warszawa,52.2319581,21.0067249,Polska,pl,ok
8,231,8-231,Beata Małecka-Libera,PO-KO,Dąbrowa Górnicza,50.3308692,19.2078918,Polska,pl,ok
8,232,8-232,Jerzy Małecki,PiS,Pisz,53.6290631,21.8082539,Polska,pl,ok
8,233,8-233,Maciej Małecki,PiS,Warszawa,52.2319581,21.0067249,Polska,pl,ok
8,234,8-234,Arkadiusz Marchewka,PO-KO,Szczecin,53.4301818,14.5509623,Polska,pl,ok
8,235,8-235,Gabriela Masłowska,PiS,Batorz,50.8494606,22.4927100,Polska,pl,ok
8,236,8-236,Maciej Masłowski,Kukiz15,Rzeszów,50.0374531,22.0047174,Polska,pl,ok
8,237,8-237,Jerzy Materna,PiS,Zielona Góra,51.9383777,15.5050408,Polska,pl,ok
8,238,8-238,Beata Mateusiak-Pielucha,PiS,Wieluń,51.2204544,18.5700965,Polska,pl,ok
8,239,8-239,Grzegorz Matusiak,PiS,Jaworzno,50.2034390,19.2721559,Polska,pl,ok
8,24,8-24,Dariusz Bąk,PiS,Mogielnica,51.6929526,20.7233710,Polska,pl,ok
8,240,8-240,Andrzej Matusiewicz,PiS,Krosno,49.6889844,21.7534788,Polska,pl,ok
8,241,8-241,Marek Matuszewski,PiS,Zgierz,51.8560819,19.4052228,Polska,pl,ok
8,242,8-242,Kazimierz Matuszny,PiS,Milówka,49.5576572,19.0877284,Polska,pl,ok
8,243,8-243,Beata Mazurek,PiS,Ostrów Mazowiecka,52.8000429,21.8976380,Polska,pl,ok
8,244,8-244,Jerzy Meysztowicz,PO-KO,Kraków,50.0619474,19.9368564,Polska,pl,ok
8,245,8-245,Antoni Mężydło,PO-KO,Lubawa,53.5051482,19.7494057,Polska,pl,ok
8,246,8-246,Mieczysław Miazga,PiS,Sokołów Małopolski,50.2311643,22.1189272,Polska,pl,ok
8,247,8-247,Iwona Michałek,PiS,Szczecin,53.4301818,14.5509623,Polska,pl,ok
8,248,8-248,Krzysztof Michałkiewicz,PiS,Oborniki Śląskie,51.3010662,16.9145509,Polska,pl,ok
8,249,8-249,Krzysztof Mieszkowski,PO-KO,Głogów,51.6634169,16.0860805,Polska,pl,ok
8,25,8-25,Paweł Bejda,PSL-KP,Łowicz,52.1012240,19.9474614,Polska,pl,ok
8,250,8-250,Anna Milczanowska,PiS,Radomsko,51.0674769,19.4446109,Polska,pl,ok
8,251,8-251,Daniel Milewski,PiS,Chicago (USA),41.8755616,-87.6244212,United States,us,ok
8,252,8-252,Rajmund Miller,PO-KO,Kielce,50.8719903,20.6310488,Polska,pl,ok
8,253,8-253,Piotr Misiło,PO-KO,Szczecin,53.4301818,14.5509623,Polska,pl,ok
8,254,8-254,Aldona Młyńczak,PO-KO,Wrocław,51.1089776,17.0326689,Polska,pl,ok
8,255,8-255,Kornel Morawiecki,WiS,Warszawa,52.2319581,21.0067249,Polska,pl,ok
8,256,8-256,Robert Mordak,Kukiz15,Radom,51.4022557,21.1541546,Polska,pl,ok
8,257,8-257,Jan Mosiński,PiS,Lubin,51.3996783,16.1993379,Polska,pl,ok
8,258,8-258,Kazimierz Moskal,PiS,Żyraków,50.0859393,21.3947638,Polska,pl,ok
8,259,8-259,Andżelika Możdżanowska,PiS,Kępno,51.2790265,17.9866632,Polska,pl,ok
8,26,8-26,Włodzimierz Bernacki,PiS,Proszowice,50.1926479,20.2917555,Polska,pl,ok
8,260,8-260,Czesław Mroczek,PO-KO,Kałuszyn,52.2087832,21.8118810,Polska,pl,ok
8,261,8-261,Aleksander Mrówczyński,PiS,Chojnice,53.6952912,17.5614973,Polska,pl,ok
8,262,8-262,Izabela Katarzyna Mrzygłocka,PO-KO,Wałbrzych,50.7659054,16.2825424,Polska,pl,ok
8,263,8-263,Joanna Mucha,PO-KO,Płońsk,52.6264016,20.3642812,Polska,pl,ok
8,264,8-264,Arkadiusz Mularczyk,PiS,Racibórz,50.0905252,18.2151495,Polska,pl,ok
8,265,8-265,Killion Munyama,PO-KO,Makala,-6.1026446,23.5517796,République démocratique du Congo,cd,ok
8,266,8-266,Wojciech Murdzek,PiS,Świdnica,50.8424835,16.4870549,Polska,pl,ok
8,267,8-267,Arkadiusz Myrcha,PO-KO,Toruń,53.0102721,18.6048094,Polska,pl,ok
8,268,8-268,Piotr Naimski,PiS,Warszawa,52.2319581,21.0067249,Polska,pl,ok
8,269,8-269,Anna Nemś,PO-KO,Ogrodzieniec,50.4521463,19.5213629,Polska,pl,ok
8,27,8-27,Anna Białkowska,PO-KO,Radom,51.4022557,21.1541546,Polska,pl,ok
8,270,8-270,Sławomir Neumann,PO-KO,Starogard Gdański,53.9671805,18.5321130,Polska,pl,ok
8,271,8-271,Dorota Niedziela,PO-KO,Oświęcim,50.0382443,19.2214053,Polska,pl,ok
8,272,8-272,Małgorzata Niemczyk,PO-KO,Łódź,51.7687323,19.4569911,Polska,pl,ok
8,273,8-273,Stefan Niesiołowski,PSL-KP,Kałęczew,51.9246414,19.7937882,Polska,pl,ok
8,274,8-274,Sławomir Nitras,PO-KO,Połczyn-Zdrój,53.7648981,16.0952705,Polska,pl,ok
8,275,8-275,Tomasz Piotr Nowak,PO-KO,Kwidzyn,53.7204653,18.9374641,Polska,pl,ok
8,276,8-276,Mirosława Nykiel,PO-KO,Wańkowa,49.5095451,22.4763143,Polska,pl,ok
8,277,8-277,Włodzimierz Nykiel,PO-KO,Łódź,51.7687323,19.4569911,Polska,pl,ok
8,278,8-278,Norbert Obrycki,PO-KO,Szczecin,53.4301818,14.5509623,Polska,pl,ok
8,279,8-279,Marzena Okła-Drewnowicz,PO-KO,Skarżysko-Kamienna,51.1229657,20.8770091,Polska,pl,ok
8,28,8-28,Jerzy Bielecki,PiS,Janów Lubelski,50.7065895,22.4110663,Polska,pl,ok
8,280,8-280,Paweł Olszewski,PO-KO,Bydgoszcz,53.1219648,18.0002529,Polska,pl,ok
8,281,8-281,Piotr Olszówka,PiS,Biłgoraj,50.5424846,22.7209326,Polska,pl,ok
8,282,8-282,Adam Ołdakowski,PiS,Giżycko,54.0361354,21.7661326,Polska,pl,ok
8,283,8-283,Marek Opioła,PiS,Warszawa,52.2319581,21.0067249,Polska,pl,ok
8,284,8-284,Katarzyna Osos,PO-KO,Świebodzin,52.2498357,15.5324973,Polska,pl,ok
8,285,8-285,Krzysztof Ostrowski,PiS,Wrocław,51.1089776,17.0326689,Polska,pl,ok
8,286,8-286,Jacek Osuch,PiS,Olkusz,50.2788158,19.5596307,Polska,pl,ok
8,287,8-287,Anna Paluch,PiS,Nowy Targ,49.4892092,20.0263411,Polska,pl,ok
8,288,8-288,Mirosław Pampuch,PO-KO,Olsztyn,53.7766839,20.4765070,Polska,pl,ok
8,289,8-289,Paweł Papke,PO-KO,Starogard Gdański,53.9671805,18.5321130,Polska,pl,ok
8,29,8-29,Marek Biernacki,PSL-KP,Sopot,54.4430399,18.5613095,Polska,pl,ok
8,290,8-290,Błażej Parda,Kukiz15,Piła,53.1511306,16.7380343,Polska,pl,ok
8,291,8-291,Urszula Pasławska,PSL-KP,Biskupiec,53.8637983,20.9549890,Polska,pl,ok
8,292,8-292,Krzysztof Paszyk,PSL-KP,Poznań,52.4082663,16.9335199,Polska,pl,ok
8,293,8-293,Jerzy Paul,PiS,Nowa Sarzyna,50.3197908,22.3434799,Polska,pl,ok
8,294,8-294,Krystyna Pawłowicz,PiS,Wojcieszów,50.9516542,15.9217422,Polska,pl,ok
8,295,8-295,Zbigniew Pawłowicz,PO-KO,Kamień Koszyrski,51.6271153,24.9613570,Україна,ua,ok
8,296,8-296,Ryszard Petru,TERAZ!,Wrocław,51.1089776,17.0326689,Polska,pl,ok
8,297,8-297,Małgorzata Pępek,PO-KO,Kocierz Rydzwałdzki,,,,,not_found
8,298,8-298,Sławomir Jan Piechota,PO-KO,Tomaszów Mazowiecki,51.5194865,20.0337541,Polska,pl,ok
8,299,8-299,Danuta Pietraszewska,PO-KO,Ruda Śląska,50.2698658,18.8642588,Polska,pl,ok
8,3,8-3,Zbigniew Ajchler,PO-KO,Szamotuły,52.6120328,16.5831241,Polska,pl,ok
8,30,8-30,Zbigniew Biernat,PiS,Zator,49.9963053,19.4376782,Polska,pl,ok
8,300,8-300,Stanisław Pięta,niez.,Bielsko-Biała,49.8221180,19.0448936,Polska,pl,ok
8,301,8-301,Dariusz Piontkowski,PiS,Sielc,52.6419424,22.9152491,Polska,pl,ok
8,302,8-302,Stanisław Piotrowicz,PiS,Bochnia,49.9746842,20.4253292,Polska,pl,ok
8,303,8-303,Teresa Piotrowska,PO-KO,Tczew,54.0869532,18.8000293,Polska,pl,ok
8,304,8-304,Kazimierz Plocke,PO-KO,Domatowo,54.7109464,18.2228010,Polska,pl,ok
8,305,8-305,Jerzy Polaczek,PiS,Piekary Śląskie,50.3840312,18.9456429,Polska,pl,ok
8,306,8-306,Marek Polak,PiS,Wadowice,49.8834484,19.4925345,Polska,pl,ok
8,307,8-307,Piotr Polak,PiS,Grabinka,51.7794444,18.8350000,Polska,pl,ok
8,308,8-308,Agnieszka Pomaska,PO-KO,Gdynia,54.5164982,18.5402738,Polska,pl,ok
8,309,8-309,Jarosław Porwich,niez.,Gorzów Wielkopolski,52.7309926,15.2400451,Polska,pl,ok
8,31,8-31,Mariusz Błaszczak,PiS,Legionowo,52.3952285,20.9308309,Polska,pl,ok
8,310,8-310,Marcin Porzucek,PiS,Kielce,50.8719903,20.6310488,Polska,pl,ok
8,311,8-311,Jacek Protas,PO-KO,Lidzbark Warmiński,54.1259406,20.5805641,Polska,pl,ok
8,312,8-312,Jacek Protasiewicz,PSL-KP,Brzeg,50.8529011,17.4708931,Polska,pl,ok
8,313,8-313,Piotr Pszczółkowski,PiS,Łódź,51.7687323,19.4569911,Polska,pl,ok
8,314,8-314,Grzegorz Puda,PiS,Bielsko-Biała,49.8221180,19.0448936,Polska,pl,ok
8,315,8-315,Paweł Pudłowski,PO-KO,Zielona Góra,51.9383777,15.5050408,Polska,pl,ok
8,316,8-316,Piotr Pyzik,PiS,Puławy,51.4262598,21.9853014,Polska,pl,ok
8,317,8-317,Elżbieta Radziszewska,PO-KO,Białocin,52.2764050,19.9689237,Polska,pl,ok
8,318,8-318,Elżbieta Rafalska,PiS,Wschowa,51.8038354,16.3172771,Polska,pl,ok
8,319,8-319,Grzegorz Raniewicz,PO-KO,Chełm,51.1355883,23.4939364,Polska,pl,ok
8,32,8-32,Magdalena Błeńska,niez.,Gdynia,54.5164982,18.5402738,Polska,pl,ok
8,320,8-320,Ireneusz Raś,PO-KO,Proszowice,50.1926479,20.2917555,Polska,pl,ok
8,321,8-321,Stefan Romecki,Kukiz15,Koszalin,54.1909200,16.1770700,Polska,pl,ok
8,322,8-322,Monika Rosa,PO-KO,Czeladź,50.3184581,19.0736572,Polska,pl,ok
8,323,8-323,Halina Rozpondek,PO-KO,Częstochowa,50.8120466,19.1132130,Polska,pl,ok
8,324,8-324,Marek Ruciński,niez.,Poznań,52.4082663,16.9335199,Polska,pl,ok
8,325,8-325,Urszula Rusecka,PiS,Kraków,50.0619474,19.9368564,Polska,pl,ok
8,326,8-326,Leszek Ruszczyk,PO-KO,Radom,51.4022557,21.1541546,Polska,pl,ok
8,327,8-327,Dorota Rutkowska,PO-KO,Skierniewice,51.9580068,20.1448085,Polska,pl,ok
8,328,8-328,Jakub Rutnicki,PO-KO,Szamotuły,52.6120328,16.5831241,Polska,pl,ok
8,329,8-329,Marek Rząsa,PO-KO,Rzeszów,50.0374531,22.0047174,Polska,pl,ok
8,33,8-33,Jacek Bogucki,PiS,Wysokie Mazowieckie,52.9256354,22.5104014,Polska,pl,ok
8,330,8-330,Łukasz Rzepecki,Kukiz15,Zgierz,51.8560819,19.4052228,Polska,pl,ok
8,331,8-331,Bogdan Rzońca,PiS,Zarzecze,49.9128713,18.8210518,Polska,pl,ok
8,332,8-332,Tomasz Rzymkowski,PiS,Kutno,52.2222131,19.3874589,Polska,pl,ok
8,333,8-333,Jarosław Sachajko,Kukiz15,Lublin,51.2505590,22.5701022,Polska,pl,ok
8,334,8-334,Janusz Sanocki,PP,Nysa,37.9031225,28.1456496,Türkiye,tr,ok
8,335,8-335,Jacek Sasin,PiS,Warszawa,52.2319581,21.0067249,Polska,pl,ok
8,336,8-336,Marek Sawicki,PSL-KP,Sawice,52.3484323,22.4878811,Polska,pl,ok
8,337,8-337,Grzegorz Schetyna,PO-KO,Opole,51.9966667,19.1627778,Polska,pl,ok
8,338,8-338,Joanna Scheuring-Wielgus,TERAZ!,Toruń,53.0102721,18.6048094,Polska,pl,ok
8,339,8-339,Joanna Mihułka,TERAZ!,Głogów,51.6634169,16.0860805,Polska,pl,ok
8,34,8-34,Jerzy Borowczak,PO-KO,Białogard,54.0145099,15.9691251,Polska,pl,ok
8,340,8-340,Anna Schmidt-Rodziewicz,PiS,Jarosław,50.0159029,22.6796573,Polska,pl,ok
8,341,8-341,Grzegorz Schreiber,PiS,Bydgoszcz,53.1219648,18.0002529,Polska,pl,ok
8,342,8-342,Łukasz Schreiber,PiS,Bydgoszcz,53.1219648,18.0002529,Polska,pl,ok
8,343,8-343,Jarosław Sellin,PiS,Gdynia,54.5164982,18.5402738,Polska,pl,ok
8,344,8-344,Edward Siarka,PiS,Rabka,54.7541603,17.5159920,Polska,pl,ok
8,345,8-345,Anna Maria Siarkowska,PiS,Warszawa,52.2319581,21.0067249,Polska,pl,ok
8,346,8-346,Krystyna Sibińska,PO-KO,Złocieniec,53.5310477,16.0107245,Polska,pl,ok
8,347,8-347,Tomasz Siemoniak,PO-KO,Wałbrzych,50.7659054,16.2825424,Polska,pl,ok
8,348,8-348,Krzysztof Sitarski,PiS,Wodzisław Śląski,50.0023056,18.4481091,Polska,pl,ok
8,349,8-349,Krystyna Skowrońska,PO-KO,Mielec,50.2802473,21.4631343,Polska,pl,ok
8,35,8-35,Joanna Borowiak,PiS,Włocławek,52.6603872,19.0719480,Polska,pl,ok
8,350,8-350,Wojciech Skurkiewicz,PiS,Radom,51.4022557,21.1541546,Polska,pl,ok
8,351,8-351,Paweł Skutecki,Konfederacja,Bydgoszcz,53.1219648,18.0002529,Polska,pl,ok
8,352,8-352,Andrzej Smirnow,PiS,Warszawa,52.2319581,21.0067249,Polska,pl,ok
8,353,8-353,Kazimierz Smoliński,PiS,Malbork,54.0358356,19.0368496,Polska,pl,ok
8,354,8-354,Anna Elżbieta Sobecka,PiS,Piotrków Kujawski,52.5505700,18.4987200,Polska,pl,ok
8,355,8-355,Czesław Sobierajski,PiS,Kielce,50.8719903,20.6310488,Polska,pl,ok
8,356,8-356,Artur Soboń,PiS,Świdnik,51.2164934,22.6909558,Polska,pl,ok
8,357,8-357,Bogusław Sonik,PO,Kraków,50.0619474,19.9368564,Polska,pl,ok
8,358,8-358,Zbigniew Sosnowski,PSL-KP,Rypin,53.0672809,19.4060273,Polska,pl,ok
8,359,8-359,Andrzej Sośnierz,PiS,Głuchołazy,50.3170828,17.3833809,Polska,pl,ok
8,36,8-36,Agata Borowiec,PiS,Biłgoraj,50.5424846,22.7209326,Polska,pl,ok
8,360,8-360,Marek Sowa,PO-KO,Libiąż,50.1030516,19.3147486,Polska,pl,ok
8,361,8-361,Lech Sprawka,PiS,Kolonia Radawczyk,51.2044444,22.4305556,Polska,pl,ok
8,362,8-362,Mirosława Stachowiak-Różecka,PiS,Świebodzin,52.2498357,15.5324973,Polska,pl,ok
8,363,8-363,Dariusz Starzycki,PiS,Chrzanów,52.2277881,20.8851195,Polska,pl,ok
8,364,8-364,Michał Stasiński,PO-KO,Bydgoszcz,53.1219648,18.0002529,Polska,pl,ok
8,365,8-365,Jarosław Stawiarski,PiS,Kraśnik,50.9434932,22.2083580,Polska,pl,ok
8,366,8-366,Elżbieta Stępień,PO-KO,Lubin,51.3996783,16.1993379,Polska,pl,ok
8,367,8-367,Mirosław Suchoń,PO-KO,Bielsko-Biała,49.8221180,19.0448936,Polska,pl,ok
8,368,8-368,Marek Suski,PiS,Grójec,51.8655126,20.8675017,Polska,pl,ok
8,369,8-369,Paweł Suski,PO-KO,Wałcz,53.2728538,16.4768177,Polska,pl,ok
8,37,8-37,Elżbieta Zielińska,UPR,Gorlice,49.6582900,21.1593832,Polska,pl,ok
8,370,8-370,Artur Szałabawka,PiS,Szczecin,53.4301818,14.5509623,Polska,pl,ok
8,371,8-371,Wojciech Szarama,PiS,Bytom,50.3470387,18.9231857,Polska,pl,ok
8,372,8-372,Michał Szczerba,PO-KO,Warszawa,52.2319581,21.0067249,Polska,pl,ok
8,373,8-373,Józefa Szczurek-Żelazko,PiS,Nowy Sącz,49.6103040,20.7149366,Polska,pl,ok
8,374,8-374,Jolanta Szczypińska,PiS,Słupsk,54.4635771,17.0209480,Polska,pl,ok
8,375,8-375,Paweł Szefernaker,PiS,Szczecin,53.4301818,14.5509623,Polska,pl,ok
8,376,8-376,Jan Szewczak,PiS,Piła,53.1511306,16.7380343,Polska,pl,ok
8,377,8-377,Jarosław Szlachetka,PiS,Myślenice,49.8346080,19.9384283,Polska,pl,ok
8,378,8-378,Andrzej Szlachta,PiS,Rzeszów,50.0374531,22.0047174,Polska,pl,ok
8,379,8-379,Adam Szłapka,PO-KO,Kościan,52.0833695,16.6460888,Polska,pl,ok
8,38,8-38,Bożena Borys-Szopa,PiS,Lędziny,50.1286240,19.1160922,Polska,pl,ok
8,380,8-380,Paweł Szramka,Kukiz15,Brodnica,53.2580920,19.3993626,Polska,pl,ok
8,381,8-381,Krzysztof Szulowski,PiS,Janowiec,51.3232858,21.8906160,Polska,pl,ok
8,382,8-382,Krystyna Szumilas,PO-KO,Knurów,50.2071818,18.6637073,Polska,pl,ok
8,383,8-383,Stanisław Szwed,PiS,Bielsko-Biała,49.8221180,19.0448936,Polska,pl,ok
8,384,8-384,Halina Szydełko,PiS,Rzeszów,50.0374531,22.0047174,Polska,pl,ok
8,385,8-385,Beata Szydło,PiS,Oświęcim,50.0382443,19.2214053,Polska,pl,ok
8,386,8-386,Bożena Szydłowska,PO-KO,Poznań,52.4082663,16.9335199,Polska,pl,ok
8,387,8-387,Ewa Szymańska,PiS,Prochowice,51.2734220,16.3644321,Polska,pl,ok
8,388,8-388,Tomasz Szymański,PO-KO,Grudziądz,53.4725120,18.7618937,Polska,pl,ok
8,389,8-389,Szymon Szynkowski vel Sęk,PiS,Poznań,52.4082663,16.9335199,Polska,pl,ok
8,39,8-39,Krzysztof Brejza,PO-KO,Bydgoszcz,53.1219648,18.0002529,Polska,pl,ok
8,390,8-390,Jan Szyszko,PiS,Stara Miłosna,52.2191651,21.2352031,Polska,pl,ok
8,391,8-391,Agnieszka Ścigaj,Kukiz15,Kraków,50.0619474,19.9368564,Polska,pl,ok
8,392,8-392,Iwona Śledzińska-Katarasińska,PO-KO,Komorniki,51.9766589,20.8499671,Polska,pl,ok
8,393,8-393,Janusz Śniadek,PiS,Sopot,54.4430399,18.5613095,Polska,pl,ok
8,394,8-394,Jacek Świat,PiS,Wrocław,51.1089776,17.0326689,Polska,pl,ok
8,395,8-395,Marcin Święcicki,PO-KO,Warszawa,52.2319581,21.0067249,Polska,pl,ok
8,396,8-396,Dominik Tarczyński,PiS,Lublin,51.2505590,22.5701022,Polska,pl,ok
8,397,8-397,Krzysztof Tchórzewski,PiS,Rzążew,52.1239626,22.4784473,Polska,pl,ok
8,398,8-398,Robert Telus,PiS,Opoczno,51.3782439,20.2931754,Polska,pl,ok
8,399,8-399,Ryszard Terlecki,PiS,Kraków,50.0619474,19.9368564,Polska,pl,ok
8,4,8-4,Adam Andruszkiewicz,niez.,Grajewo,53.6399088,22.4578391,Polska,pl,ok
8,40,8-40,Joachim Brudziński,PiS,Świerklaniec,50.4291096,18.9742883,Polska,pl,ok
8,400,8-400,Grzegorz Tobiszowski,PiS,Ruda Śląska,50.2698658,18.8642588,Polska,pl,ok
8,401,8-401,Genowefa Tokarska,PSL-KP,Biszcza,50.4008703,22.6507044,Polska,pl,ok
8,402,8-402,Ewa Tomaszewska,PiS,Płock,52.5464521,19.7008606,Polska,pl,ok
8,403,8-403,Jacek Tomczak,PSL-KP,Poznań,52.4082663,16.9335199,Polska,pl,ok
8,404,8-404,Cezary Tomczyk,PO-KO,Gryfice,53.9148529,15.1987062,Polska,pl,ok
8,405,8-405,Tomasz Tomczykiewicz,PO,Pszczyna,49.9778089,18.9423721,Polska,pl,ok
8,406,8-406,Krzysztof Truskolaski,PO-KO,Białystok,53.1323980,23.1591679,Polska,pl,ok
8,407,8-407,Rafał Trzaskowski,PO,Warszawa,52.2319581,21.0067249,Polska,pl,ok
8,408,8-408,Sylwester Tułajew,PiS,Lublin,51.2505590,22.5701022,Polska,pl,ok
8,409,8-409,Stanisław Tyszka,Kukiz15,Warszawa,52.2319581,21.0067249,Polska,pl,ok
8,41,8-41,Józef Brynkus,Kukiz15,Nowy Targ,49.4892092,20.0263411,Polska,pl,ok
8,410,8-410,Robert Tyszkiewicz,PO-KO,Białystok,53.1323980,23.1591679,Polska,pl,ok
8,411,8-411,Jarosław Urbaniak,PO-KO,Ostrów Wielkopolski,51.6495023,17.8167085,Polska,pl,ok
8,412,8-412,Piotr Uruski,PiS,Sanok,49.5609053,22.2070280,Polska,pl,ok
8,413,8-413,Piotr Uściński,PiS,Warszawa,52.2319581,21.0067249,Polska,pl,ok
8,414,8-414,Teresa Wargocka,PiS,Mińsk Mazowiecki,52.1795959,21.5694560,Polska,pl,ok
8,415,8-415,Robert Warwas,PiS,Jaworzno,50.2034390,19.2721559,Polska,pl,ok
8,416,8-416,Jan Warzecha,PiS,Jodłowa,50.7198490,19.2937300,Polska,pl,ok
8,417,8-417,Anna Wasilewska,PO-KO,Ostrowiec Świętokrzyski,50.9398768,21.3874300,Polska,pl,ok
8,418,8-418,Małgorzata Wassermann,PiS,Kraków,50.0619474,19.9368564,Polska,pl,ok
8,419,8-419,Witold Waszczykowski,PiS,Piotrków Trybunalski,51.4082625,19.6961670,Polska,pl,ok
8,42,8-42,Barbara Bubula,PiS,Kraków,50.0619474,19.9368564,Polska,pl,ok
8,420,8-420,Maciej Wąsik,PiS,Warszawa,52.2319581,21.0067249,Polska,pl,ok
8,421,8-421,Rafał Weber,PiS,Tarnobrzeg,50.5729327,21.6791667,Polska,pl,ok
8,422,8-422,Monika Wielichowska,PO-KO,Nowa Ruda,50.5734953,16.5113781,Polska,pl,ok
8,423,8-423,Ryszard Wilczyński,PO-KO,Ostrów Wielkopolski,51.6495023,17.8167085,Polska,pl,ok
8,424,8-424,Jacek Wilk,Konfederacja,Kocina,50.2977536,20.6796976,Polska,pl,ok
8,425,8-425,Jerzy Wilk,PiS,Elbląg,54.1558708,19.4044583,Polska,pl,ok
8,426,8-426,Wojciech Wilk,PO,Kraśnik,50.9434932,22.2083580,Polska,pl,ok
8,427,8-427,Robert Winnicki,Konfederacja,Zgorzelec,51.1517870,15.0144330,Polska,pl,ok
8,428,8-428,Mariusz Witczak,PO-KO,Koźminek,51.7983010,18.3383583,Polska,pl,ok
8,429,8-429,Elżbieta Witek,PiS,Jawor,51.0677021,16.1976136,Polska,pl,ok
8,43,8-43,Wojciech Buczak,PiS,Rzeszów,50.0374531,22.0047174,Polska,pl,ok
8,430,8-430,Grzegorz Wojciechowski,PiS,Rawa Mazowiecka,51.7582859,20.2509980,Polska,pl,ok
8,431,8-431,Michał Wojtkiewicz,PiS,Tuchów,49.8952190,21.0538362,Polska,pl,ok
8,432,8-432,Grzegorz Adam Woźniak,PiS,Garwolin,51.8958048,21.6210647,Polska,pl,ok
8,433,8-433,Tadeusz Woźniak,PiS,Kutno,52.2222131,19.3874589,Polska,pl,ok
8,434,8-434,Marek Wójcik,PO-KO,Katowice,50.2598987,19.0215852,Polska,pl,ok
8,435,8-435,Michał Wójcik,PiS,Kraków,50.0619474,19.9368564,Polska,pl,ok
8,436,8-436,Rafał Wójcikowski,Kukiz15,Tomaszów Mazowiecki,51.5194865,20.0337541,Polska,pl,ok
8,437,8-437,Kornelia Wróblewska,PO-KO,Międzyrzec Podlaski,51.9853172,22.7842492,Polska,pl,ok
8,438,8-438,Krystyna Wróblewska,PiS,Rzeszów,50.0374531,22.0047174,Polska,pl,ok
8,439,8-439,Bartłomiej Wróblewski,PiS,Poznań,52.4082663,16.9335199,Polska,pl,ok
8,44,8-44,Waldemar Buda,PiS,Turek,52.0159500,18.5019100,Polska,pl,ok
8,440,8-440,Małgorzata Wypych,PiS,Warszawa,52.2319581,21.0067249,Polska,pl,ok
8,441,8-441,Marek Zagórski,PiS,Kamień Pomorski,53.9653947,14.7728556,Polska,pl,ok
8,442,8-442,Anna Zalewska,PiS,Świebodzice,50.8724646,16.3228783,Polska,pl,ok
8,443,8-443,Krzysztof Zaremba,PiS,Szczecin,53.4301818,14.5509623,Polska,pl,ok
8,444,8-444,Artur Zasada,PiS,Zielona Góra,51.9383777,15.5050408,Polska,pl,ok
8,445,8-445,Sławomir Zawiślak,PiS,Krasnobród,50.5460046,23.2115593,Polska,pl,ok
8,446,8-446,Łukasz Zbonikowski,PiS,Toruń,53.0102721,18.6048094,Polska,pl,ok
8,447,8-447,Witold Zembaczyński,PO-KO,Opole,51.9966667,19.1627778,Polska,pl,ok
8,448,8-448,Marian Zembala,PO-KO,Krzepice,50.9706951,18.7255158,Polska,pl,ok
8,449,8-449,Piotr Zgorzelski,PSL-KP,Płock,52.5464521,19.7008606,Polska,pl,ok
8,45,8-45,Borys Budka,PO-KO,Czeladź,50.3184581,19.0736572,Polska,pl,ok
8,450,8-450,Jarosław Zieliński,PiS,Szwajcaria,46.7985624,8.2319736,Schweiz/Suisse/Svizzera/Svizra,ch,ok
8,451,8-451,Wojciech Ziemniak,PO-KO,Czempiń,52.1431479,16.7613308,Polska,pl,ok
8,452,8-452,Zbigniew Ziobro,PiS,Kraków,50.0619474,19.9368564,Polska,pl,ok
8,453,8-453,Szymon Ziółkowski,PO-KO,Poznań,52.4082663,16.9335199,Polska,pl,ok
8,454,8-454,Maria Zuba,PiS,Suchedniów,51.0472338,20.8386652,Polska,pl,ok
8,455,8-455,Wojciech Zubowski,PiS,Wrocław,51.1089776,17.0326689,Polska,pl,ok
8,456,8-456,Małgorzata Zwiercan,PiS,Gdynia,54.5164982,18.5402738,Polska,pl,ok
8,457,8-457,Ireneusz Zyska,PiS,Świebodzice,50.8724646,16.3228783,Polska,pl,ok
8,458,8-458,Jacek Żalek,PiS,Białystok,53.1323980,23.1591679,Polska,pl,ok
8,459,8-459,Stanisław Żmijan,PO-KO,Tarnogród,50.3613090,22.7419384,Polska,pl,ok
8,46,8-46,Bożenna Bukiewicz,PO-KO,Żary,51.6385162,15.1422487,Polska,pl,ok
8,460,8-460,Jerzy Żyżyński,PiS,Łomża,53.1824307,22.0521838,Polska,pl,ok
8,461,8-461,Anna Cicholska,PiS,Ciechanów,52.8819798,20.6191479,Polska,pl,ok
8,462,8-462,Katarzyna Czochara,PiS,Biała,52.7962925,23.2369031,Polska,pl,ok
8,463,8-463,Alicja Kaczorowska,PiS,Łódź,51.7687323,19.4569911,Polska,pl,ok
8,464,8-464,Ewa Kołodziej,PO-KO,Katowice,50.2598987,19.0215852,Polska,pl,ok
8,465,8-465,Stefan Strzałkowski,PiS,Białogard,54.0145099,15.9691251,Polska,pl,ok
8,466,8-466,Waldemar Olejniczak,PiS,Przybojewo,52.7405556,19.5566667,Polska,pl,ok
8,467,8-467,Bartłomiej Stawiarski,PiS,Strzelce Opolskie,50.5109033,18.3004547,Polska,pl,ok
8,468,8-468,Andrzej Melak,PiS,Warszawa,52.2319581,21.0067249,Polska,pl,ok
8,469,8-469,Grzegorz Raczak,PiS,Gdańsk,54.3482907,18.6540233,Polska,pl,ok
8,47,8-47,Lidia Burzyńska,PiS,Rzeki Wielkie,50.8773000,19.3881800,Polska,pl,ok
8,470,8-470,Grzegorz Piechowiak,PiS,Piła,53.1511306,16.7380343,Polska,pl,ok
8,471,8-471,Małgorzata Janowska,PiS,Zgorzelec,51.1517870,15.0144330,Polska,pl,ok
8,472,8-472,Marta Kubiak,PiS,Piła,53.1511306,16.7380343,Polska,pl,ok
8,473,8-473,Tomasz Zieliński,PiS,Józefów,50.4808298,23.0540591,Polska,pl,ok
8,474,8-474,Mariusz Trepka,PiS,Myszków,50.5646661,19.3248616,Polska,pl,ok
8,475,8-475,Kamil Bortniczuk,PiS,Głuchołazy,50.3170828,17.3833809,Polska,pl,ok
8,476,8-476,Sławomir Hajos,PiS,Zawoja,49.6600228,19.5579106,Polska,pl,ok
8,477,8-477,Grzegorz Lorek,PiS,Piotrków Trybunalski,51.4082625,19.6961670,Polska,pl,ok
8,478,8-478,Robert Majka,niez.,Przemyśl,49.7835475,22.7885036,Polska,pl,ok
8,479,8-479,Jagna Marczułajtis-Walczak,PO-KO,Zakopane,49.2969114,19.9504753,Polska,pl,ok
8,48,8-48,Małgorzata Chmiel,PO-KO,Gdańsk,54.3482907,18.6540233,Polska,pl,ok
8,480,8-480,Magdalena Ewa Marek,PO-KO,Lublin,51.2505590,22.5701022,Polska,pl,ok
8,481,8-481,Iwona Krawczyk,PO-KO,Jawor,51.0677021,16.1976136,Polska,pl,ok
8,482,8-482,Grzegorz Lipiec,PO-KO,Kraków,50.0619474,19.9368564,Polska,pl,ok
8,483,8-483,Danuta Nowicka,PiS,,,,,,missing
8,484,8-484,Paweł Rychlik,PiS,Wieluń,51.2204544,18.5700965,Polska,pl,ok
8,485,8-485,Sławomir Skwarek,PiS,Radzyń Podlaski,51.7756663,22.6249658,Polska,pl,ok
8,486,8-486,Piotr Müller,PiS,Słupsk,54.4635771,17.0209480,Polska,pl,ok
8,487,8-487,Maciej Badora,PiS,Wałbrzych,50.7659054,16.2825424,Polska,pl,ok
8,488,8-488,Lucjan Cichosz,PiS,Antoniówka,51.4112313,20.1634414,Polska,pl,ok
8,489,8-489,Krzysztof Ciebiada,PiS,Pabianice,51.6639859,19.3535024,Polska,pl,ok
8,49,8-49,Zbigniew Chmielowiec,PiS,Kolbuszowa,50.2433277,21.7754563,Polska,pl,ok
8,490,8-490,Katarzyna Dutkiewicz,PiS,Racibórz,50.0905252,18.2151495,Polska,pl,ok
8,491,8-491,Krzysztof Janusz Kozik,PiS,Chrzanów,52.2277881,20.8851195,Polska,pl,ok
8,492,8-492,Zofia Ławrynowicz,PO-KO,Stargard,53.3089775,15.0316459,Polska,pl,ok
8,493,8-493,Michał Jan Mazowiecki,PSL-KP,Warszawa,52.2319581,21.0067249,Polska,pl,ok
8,494,8-494,Rafał Mucha,PiS,Gryfino,53.2535889,14.4924243,Polska,pl,ok
8,495,8-495,Jerzy Naszkiewicz,PiS,Lisięcice,50.2619374,17.8769631,Polska,pl,ok
8,496,8-496,Maria Nowak,PiS,Chorzów,50.2884726,18.9703798,Polska,pl,ok
8,497,8-497,Elżbieta Teresa Płonka,PiS,Bogatynia,50.9077147,14.9539185,Polska,pl,ok
8,498,8-498,Roman Sasin,PiS,Brzeziny,51.8006608,19.7446206,Polska,pl,ok
8,499,8-499,Adam Śnieżek,PiS,Orzechówka,50.9907698,20.8916471,Polska,pl,ok
8,5,8-5,Waldemar Andzel,PiS,Czeladź,50.3184581,19.0736572,Polska,pl,ok
8,50,8-50,Barbara Chrobak,Kukiz15,Braniewo,54.3791309,19.8222225,Polska,pl,ok
8,500,8-500,Piotr Walkowski,PSL-KP,Boguszów-Gorce,50.7566795,16.2043895,Polska,pl,ok
8,501,8-501,Henryk Wnorowski,PiS,Wnory - Stare,53.0553500,22.5855300,Polska,pl,ok
8,502,8-502,Agnieszka Soin,PiS,Szczytno,53.5637330,20.9968636,Polska,pl,ok
8,503,8-503,Adam Kałaska,PiS,Ryki,51.6266968,21.9356960,Polska,pl,ok
8,504,8-504,Alicja Dąbrowska,PO-KO,Ostrowiec Świętokrzyski,50.9398768,21.3874300,Polska,pl,ok
8,505,8-505,Edyta Kubik,niez.,Oława,50.9431901,17.2957066,Polska,pl,ok
8,51,8-51,Sylwester Chruszcz,PiS,Głogów,51.6634169,16.0860805,Polska,pl,ok
8,52,8-52,Alicja Chybicka,PO-KO,Wałbrzych,50.7659054,16.2825424,Polska,pl,ok
8,53,8-53,Janusz Cichoń,PO-KO,Bytom,50.3470387,18.9231857,Polska,pl,ok
8,54,8-54,Michał Cieślak,PiS,Dąbrowa Tarnowska,50.1743495,20.9850707,Polska,pl,ok
8,55,8-55,Piotr Cieśliński,PO-KO,Olsztyn,53.7766839,20.4765070,Polska,pl,ok
8,56,8-56,Tomasz Cimoszewicz,PO-KO,Warszawa,52.2319581,21.0067249,Polska,pl,ok
8,57,8-57,Tadeusz Cymański,PiS,Nowy Staw,50.1539564,19.2967148,Polska,pl,ok
8,58,8-58,Adam Cyrański,PO-KO,Kielce,50.8719903,20.6310488,Polska,pl,ok
8,59,8-59,Krzysztof Czabański,PiS,Warszawa,52.2319581,21.0067249,Polska,pl,ok
8,6,8-6,Piotr Apel,Kukiz15,Warszawa,52.2319581,21.0067249,Polska,pl,ok
8,60,8-60,Przemysław Czarnecki,PiS,Wrocław,51.1089776,17.0326689,Polska,pl,ok
8,61,8-61,Witold Czarnecki,PiS,Murowana Goślina,52.5758465,17.0097914,Polska,pl,ok
8,62,8-62,Arkadiusz Czartoryski,PiS,Ostrołęka,53.0779641,21.5748428,Polska,pl,ok
8,63,8-63,Anna Czech,PiS,Tarnów,50.0123784,20.9880739,Polska,pl,ok
8,64,8-64,Zofia Czernow,PO-KO,Wola Obszańska,50.3179658,22.9102851,Polska,pl,ok
8,65,8-65,Anita Czerwińska,PiS,Warszawa,52.2319581,21.0067249,Polska,pl,ok
8,66,8-66,Andrzej Czerwiński,PO-KO,Nowy Sącz,49.6103040,20.7149366,Polska,pl,ok
8,67,8-67,Grzegorz Długi,Kukiz15,Katowice,50.2598987,19.0215852,Polska,pl,ok
8,68,8-68,Leszek Dobrzyński,PiS,Szczecin,53.4301818,14.5509623,Polska,pl,ok
8,69,8-69,Zbigniew Dolata,PiS,Koźmin,51.0935146,15.0213590,Polska,pl,ok
8,7,8-7,Dorota Arciszewska-Mielewczyk,PiS,Gdynia,54.5164982,18.5402738,Polska,pl,ok
8,70,8-70,Barbara Dolniak,PO-KO,Bytom,50.3470387,18.9231857,Polska,pl,ok
8,71,8-71,Ewa Drozd,PO-KO,Stąporków,51.1380145,20.5573073,Polska,pl,ok
8,72,8-72,Antoni Duda,PiS,Stary Sącz,49.5640376,20.6366038,Polska,pl,ok
8,73,8-73,Elżbieta Duda,PiS,Skała,50.2303769,19.8535370,Polska,pl,ok
8,74,8-74,Jan Duda,PiS,Nowy Sącz,49.6103040,20.7149366,Polska,pl,ok
8,75,8-75,Artur Dunin,PO-KO,Lublin,51.2505590,22.5701022,Polska,pl,ok
8,76,8-76,Marcin Duszek,PiS,Łosice,52.2115134,22.7172940,Polska,pl,ok
8,77,8-77,Michał Dworczyk,PiS,Warszawa,52.2319581,21.0067249,Polska,pl,ok
8,78,8-78,Jan Dziedziczak,PiS,Warszawa,52.2319581,21.0067249,Polska,pl,ok
8,79,8-79,Waldy Dzikowski,PO-KO,Wschowa,51.8038354,16.3172771,Polska,pl,ok
8,8,8-8,Jan Krzysztof Ardanowski,PiS,Czernikowo,52.9422600,18.9373000,Polska,pl,ok
8,80,8-80,Tadeusz Dziuba,PiS,Poznań,52.4082663,16.9335199,Polska,pl,ok
8,81,8-81,Barbara Dziuk,PiS,Tarnowskie Góry,50.4445194,18.8554757,Polska,pl,ok
8,82,8-82,Joanna Fabisiak,PO-KO,Warszawa,52.2319581,21.0067249,Polska,pl,ok
8,83,8-83,Jacek Falfus,PiS,Siemianowice Śląskie,50.3121356,19.0177437,Polska,pl,ok
8,84,8-84,Ewa Filipiak,PiS,Kraków,50.0619474,19.9368564,Polska,pl,ok
8,85,8-85,Joanna Frydrych,PO-KO,Krosno,49.6889844,21.7534788,Polska,pl,ok
8,86,8-86,Grzegorz Furgo,PO-KO,Gdańsk,54.3482907,18.6540233,Polska,pl,ok
8,87,8-87,Krzysztof Gadowski,PO-KO,Bochnia,49.9746842,20.4253292,Polska,pl,ok
8,88,8-88,Kinga Gajewska,PO-KO,Warszawa,52.2319581,21.0067249,Polska,pl,ok
8,89,8-89,Leszek Galemba,PiS,Koło,52.2453972,20.9454394,Polska,pl,ok
8,9,8-9,Iwona Arent,PiS,Olsztyn,53.7766839,20.4765070,Polska,pl,ok
8,90,8-90,Ryszard Galla,niez.,Wrocław,51.1089776,17.0326689,Polska,pl,ok
8,91,8-91,Elżbieta Gapińska,PO-KO,Płock,52.5464521,19.7008606,Polska,pl,ok
8,92,8-92,Kamila Gasiuk-Pihowicz,PO-KO,Warszawa,52.2319581,21.0067249,Polska,pl,ok
8,93,8-93,Zdzisław Gawlik,PO-KO,Dębica,50.0461164,21.4127615,Polska,pl,ok
8,94,8-94,Stanisław Gawłowski,PO-KO,Brzeg,50.8529011,17.4708931,Polska,pl,ok
8,95,8-95,Andrzej Gawron,PiS,Kochcice,50.7081700,18.6893100,Polska,pl,ok
8,96,8-96,Lidia Gądek,PO-KO,Wolbrom,50.3848386,19.7598844,Polska,pl,ok
8,97,8-97,Elżbieta Gelert,PO-KO,Gdańsk,54.3482907,18.6540233,Polska,pl,ok
8,98,8-98,Artur Gierada,PO-KO,Kielce,50.8719903,20.6310488,Polska,pl,ok
8,99,8-99,Szymon Giżyński,PiS,Częstochowa,50.8120466,19.1132130,Polska,pl,ok
9,1,9-1,Andrzej Adamczyk,PiS,Krzeszowice,50.1350246,19.6320164,Polska,pl,ok
9,10,9-10,Marek Ast,PiS,Zielona Góra,51.9383777,15.5050408,Polska,pl,ok
9,100,9-100,Anna Gembicka,PiS,Włocławek,52.6603872,19.0719480,Polska,pl,ok
9,101,9-101,Hanna Gill-Piątek,KO,Łódź,51.7687323,19.4569911,Polska,pl,ok
9,102,9-102,Zbigniew Girzyński,PS,Sierpc,52.8531770,19.6614140,Polska,pl,ok
9,103,9-103,Szymon Giżyński,PiS,Częstochowa,50.8120466,19.1132130,Polska,pl,ok
9,104,9-104,Teresa Glenc,PiS,Gorzyczki,49.9479424,18.4054172,Polska,pl,ok
9,105,9-105,Piotr Gliński,PiS,Warszawa,52.2319581,21.0067249,Polska,pl,ok
9,106,9-106,Tomasz Głogowski,KO,Tarnowskie Góry,50.4445194,18.8554757,Polska,pl,ok
9,107,9-107,Marta Golbik,KO,Gliwice,50.2941130,18.6657306,Polska,pl,ok
9,108,9-108,Małgorzata Golińska,PiS,Szczecinek,53.7023421,16.7071342,Polska,pl,ok
9,109,9-109,Kazimierz Gołojuch,PiS,Łańcut,50.0690725,22.2320924,Polska,pl,ok
9,11,9-11,Urszula Augustyn,KO,Tarnów,50.0123784,20.9880739,Polska,pl,ok
9,110,9-110,Jarosław Gonciarz,PiS,Czeladź,50.3184581,19.0736572,Polska,pl,ok
9,111,9-111,Robert Gontarz,PiS,Żuromin,53.0671703,19.9078353,Polska,pl,ok
9,112,9-112,Daria Gosek-Popiołek,Lewica,Sosnowiec,50.2780834,19.1342944,Polska,pl,ok
9,113,9-113,Małgorzata Gosiewska,PiS,Gdańsk,54.3482907,18.6540233,Polska,pl,ok
9,114,9-114,Jarosław Gowin,niez.,Kraków,50.0619474,19.9368564,Polska,pl,ok
9,115,9-115,Agnieszka Górska,PiS,Skarżysko-Kamienna,51.1229657,20.8770091,Polska,pl,ok
9,116,9-116,Maciej Górski,PiS,Wegrów,52.4008284,22.0464785,Polska,pl,ok
9,117,9-117,Cezary Grabarczyk,KO,Łódź,51.7687323,19.4569911,Polska,pl,ok
9,118,9-118,Krzysztof Grabczuk,KO,Sawin,51.2724096,23.4366676,Polska,pl,ok
9,119,9-119,Jan Grabiec,KO,Legionowo,52.3952285,20.9308309,Polska,pl,ok
9,12,9-12,Tadeusz Aziewicz,KO,Sopot,54.4430399,18.5613095,Polska,pl,ok
9,120,9-120,Michał Gramatyka,Polska2050,Katowice,50.2598987,19.0215852,Polska,pl,ok
9,121,9-121,Marek Gróbarczyk,PiS,Nowy Sącz,49.6103040,20.7149366,Polska,pl,ok
9,122,9-122,Rafał Grupiński,KO,Wronki,52.7100316,16.3742572,Polska,pl,ok
9,123,9-123,Andrzej Grzyb,KP,Siedlików,51.4781295,17.9623155,Polska,pl,ok
9,124,9-124,Andrzej Gut-Mostowy,PiS,Zakopane,49.2969114,19.9504753,Polska,pl,ok
9,125,9-125,Kazimierz Gwiazdowski,PiS,Radziłów,53.4097836,22.4093950,Polska,pl,ok
9,126,9-126,Marcin Gwóźdź,PiS,Ząbkowice Śl.,50.3732397,19.2742429,Polska,pl,ok
9,127,9-127,Riad Haidar,KO,Sowieda,,,,,not_found
9,128,9-128,Teresa Hałas,PiS,Krasnystaw,50.9829960,23.1697933,Polska,pl,ok
9,129,9-129,Agnieszka Hanajczyk,KO,Zgierz,51.8560819,19.4052228,Polska,pl,ok
9,13,9-13,Zbigniew Babalski,PiS,Ostróda,53.7028533,19.9623028,Polska,pl,ok
9,130,9-130,Jerzy Hardie-Douglas,KO,Łódź,51.7687323,19.4569911,Polska,pl,ok
9,131,9-131,Iwona Hartwich,KO,Rypin,53.0672809,19.4060273,Polska,pl,ok
9,132,9-132,Paulina Hennig-Kloska,Polska2050,Gniezno,52.5246502,17.5981524,Polska,pl,ok
9,133,9-133,Czesław Hoc,PiS,Jelenin,51.6692213,15.4641552,Polska,pl,ok
9,134,9-134,Zbigniew Grzegorz Hoffmann,PiS,Poznań,52.4082663,16.9335199,Polska,pl,ok
9,135,9-135,Marek Hok,KO,Koszalin,54.1909200,16.1770700,Polska,pl,ok
9,136,9-136,Marcin Horała,PiS,Gdańsk,54.3482907,18.6540233,Polska,pl,ok
9,137,9-137,Paweł Hreniak,PiS,Wrocław,51.1089776,17.0326689,Polska,pl,ok
9,138,9-138,Arkadiusz Iwaniak,Lewica,Płock,52.5464521,19.7008606,Polska,pl,ok
9,139,9-139,Michał Jach,PiS,Łomża,53.1824307,22.0521838,Polska,pl,ok
9,14,9-14,Piotr Babinetz,PiS,Krosno,49.6889844,21.7534788,Polska,pl,ok
9,140,9-140,Klaudia Jachira,KO,Wrocław,51.1089776,17.0326689,Polska,pl,ok
9,141,9-141,Wiesław Janczyk,PiS,Chomranice,49.6798984,20.5898699,Polska,pl,ok
9,142,9-142,Małgorzata Janowska,PiS,Zgorzelec,51.1517870,15.0144330,Polska,pl,ok
9,143,9-143,Maria Małgorzata Janyska,KO,Wyrzysk,53.1569822,17.2627004,Polska,pl,ok
9,144,9-144,Michał Jaros,KO,Aleksandrów Kujawski,52.8765365,18.6935744,Polska,pl,ok
9,145,9-145,Joanna Jaśkowiak,KO,Poznań,52.4082663,16.9335199,Polska,pl,ok
9,146,9-146,Dariusz Joński,KO,Łódź,51.7687323,19.4569911,Polska,pl,ok
9,147,9-147,Norbert Kaczmarczyk,PiS,Proszowice,50.1926479,20.2917555,Polska,pl,ok
9,148,9-148,Filip Kaczyński,PiS,Sucha Beskidzka,49.7328974,19.5824593,Polska,pl,ok
9,149,9-149,Jarosław Kaczyński,PiS,Warszawa,52.2319581,21.0067249,Polska,pl,ok
9,15,9-15,Ryszard Bartosik,PiS,Turek,52.0159500,18.5019100,Polska,pl,ok
9,150,9-150,Piotr Kaleta,PiS,Kalisz,51.7624752,18.0895358,Polska,pl,ok
9,151,9-151,Sebastian Kaleta,PiS,Siedliszczo,,,,,not_found
9,152,9-152,Mariusz Kałużny,PiS,Toruń,53.0102721,18.6048094,Polska,pl,ok
9,153,9-153,Krystian Kamiński,Konfederacja,Zielona Góra,51.9383777,15.5050408,Polska,pl,ok
9,154,9-154,Mariusz Kamiński,PiS,Sochaczew,52.2367219,20.2571236,Polska,pl,ok
9,155,9-155,Jan Kanthak,PiS,Gdańsk,54.3482907,18.6540233,Polska,pl,ok
9,156,9-156,Fryderyk Kapinos,PiS,Mielec,50.2802473,21.4631343,Polska,pl,ok
9,157,9-157,Mieczysław Kasprzak,KP,Jarosław,50.0159029,22.6796573,Polska,pl,ok
9,158,9-158,Małgorzata Kidawa-Błońska,KO,Warszawa,52.2319581,21.0067249,Polska,pl,ok
9,159,9-159,Marcin Kierwiński,KO,Warszawa,52.2319581,21.0067249,Polska,pl,ok
9,16,9-16,Władysław Teofil Bartoszewski,KP,Warszawa,52.2319581,21.0067249,Polska,pl,ok
9,160,9-160,Dariusz Klimczak,KP,Rawa Mazowiecka,51.7582859,20.2509980,Polska,pl,ok
9,161,9-161,Joanna Kluzik-Rostkowska,KO,Katowice,50.2598987,19.0215852,Polska,pl,ok
9,162,9-162,Lech Kołakowski,PiS,Zambrów,52.9855200,22.2411700,Polska,pl,ok
9,163,9-163,Ewa Kołodziej,KO,Katowice,50.2598987,19.0215852,Polska,pl,ok
9,164,9-164,Maciej Konieczny,Lewica,Gliwice,50.2941130,18.6657306,Polska,pl,ok
9,165,9-165,Zbigniew Konwiński,KO,Słupsk,54.4635771,17.0209480,Polska,pl,ok
9,166,9-166,Przemysław Koperski,Lewica,Opole,51.9966667,19.1627778,Polska,pl,ok
9,167,9-167,Maciej Kopiec,Lewica,Rydułtowy,50.0584360,18.4171831,Polska,pl,ok
9,168,9-168,Janusz Korwin-Mikke,Konfederacja,Warszawa,52.2319581,21.0067249,Polska,pl,ok
9,169,9-169,Władysław Kosiniak-Kamysz,KP,Kraków,50.0619474,19.9368564,Polska,pl,ok
9,17,9-17,Barbara Bartuś,PiS,Gorlice,49.6582900,21.1593832,Polska,pl,ok
9,170,9-170,Wojciech Kossakowski,PiS,Ełk,53.8239584,22.3619165,Polska,pl,ok
9,171,9-171,Tomasz Kostuś,KO,Kluczbork,50.9710826,18.2010090,Polska,pl,ok
9,172,9-172,Andrzej Kosztowniak,PiS,Radom,51.4022557,21.1541546,Polska,pl,ok
9,173,9-173,Katarzyna Kotula,Lewica,Gryfino,53.2535889,14.4924243,Polska,pl,ok
9,174,9-174,Paweł Kowal,KO,Rzeszów,50.0374531,22.0047174,Polska,pl,ok
9,175,9-175,Henryk Kowalczyk,PiS,Żabianka,54.4201197,18.5756153,Polska,pl,ok
9,176,9-176,Janusz Kowalski,PiS,Opole,51.9966667,19.1627778,Polska,pl,ok
9,177,9-177,Bartosz Kownacki,PiS,Warszawa,52.2319581,21.0067249,Polska,pl,ok
9,178,9-178,Ewa Kozanecka,PiS,Września,52.3250694,17.5652282,Polska,pl,ok
9,179,9-179,Krzysztof Janusz Kozik,PiS,Chrzanów,52.2277881,20.8851195,Polska,pl,ok
9,18,9-18,Mieczysław Baszko,PiS,Boratyńszczyzna,53.2895500,23.6023000,Polska,pl,ok
9,180,9-180,Iwona Maria Kozłowska,KO,Więcbork,53.3525453,17.4873925,Polska,pl,ok
9,181,9-181,Jarosław Krajewski,PiS,Warszawa,52.2319581,21.0067249,Polska,pl,ok
9,182,9-182,Stefan Krajewski,KP,Zambrów,52.9855200,22.2411700,Polska,pl,ok
9,183,9-183,Wiesław Krajewski,PiS,Chojnów,51.2722138,15.9393854,Polska,pl,ok
9,184,9-184,Leonard Krasulski,PiS,Sopot,54.4430399,18.5613095,Polska,pl,ok
9,185,9-185,Michał Krawczyk,KO,Lublin,51.2505590,22.5701022,Polska,pl,ok
9,186,9-186,Katarzyna Kretkowska,Lewica,Gdynia,54.5164982,18.5402738,Polska,pl,ok
9,187,9-187,Robert Kropiwnicki,KO,Legnica,51.2047689,16.1746750,Polska,pl,ok
9,188,9-188,Piotr Król,PiS,Bydgoszcz,53.1219648,18.0002529,Polska,pl,ok
9,189,9-189,Wojciech Król,KO,Jaworzno,50.2034390,19.2721559,Polska,pl,ok
9,19,9-19,Dariusz Bąk,PiS,Mogielnica,51.6929526,20.7233710,Polska,pl,ok
9,190,9-190,Anna Krupka,PiS,Warszawa,52.2319581,21.0067249,Polska,pl,ok
9,191,9-191,Paweł Krutul,Lewica,Białystok,53.1323980,23.1591679,Polska,pl,ok
9,192,9-192,Andrzej Kryj,PiS,Ostrowiec Świętokrzyski,50.9398768,21.3874300,Polska,pl,ok
9,193,9-193,Marek Krząkała,KO,Rybnik,50.0955793,18.5419933,Polska,pl,ok
9,194,9-194,Henryka Krzywonos-Strycharska,KO,Olsztyn,53.7766839,20.4765070,Polska,pl,ok
9,195,9-195,Marta Kubiak,PiS,Piła,53.1511306,16.7380343,Polska,pl,ok
9,196,9-196,Krzysztof Kubów,PiS,Lubin,51.3996783,16.1993379,Polska,pl,ok
9,197,9-197,Anita Kucharska-Dziedzic,Lewica,Wołczyn,51.0190253,18.0496030,Polska,pl,ok
9,198,9-198,Marek Kuchciński,PiS,Przemyśl,49.7835475,22.7885036,Polska,pl,ok
9,199,9-199,Paweł Kukiz,Kukiz15,Paczków,50.4642876,17.0063856,Polska,pl,ok
9,2,9-2,Rafał Adamczyk,Lewica,Dąbrowa Górnicza,50.3308692,19.2078918,Polska,pl,ok
9,20,9-20,Paweł Bejda,KP,Łowicz,52.1012240,19.9474614,Polska,pl,ok
9,200,9-200,Marcin Kulasek,Lewica,Jędrzejów,50.6394435,20.3046116,Polska,pl,ok
9,201,9-201,Jakub Kulesza,niez.,Lublin,51.2505590,22.5701022,Polska,pl,ok
9,202,9-202,Maria Kurowska,PiS,Brzostek,49.8784697,21.4118650,Polska,pl,ok
9,203,9-203,Władysław Kurowski,PiS,Myślenice,49.8346080,19.9384283,Polska,pl,ok
9,204,9-204,Dariusz Kurzawa,KP,Strzelno,52.6301742,18.1733807,Polska,pl,ok
9,205,9-205,Robert Kwiatkowski,LD,Przemyśl,49.7835475,22.7885036,Polska,pl,ok
9,206,9-206,Anna Kwiecień,PiS,Radom,51.4022557,21.1541546,Polska,pl,ok
9,207,9-207,Marek Kwitek,PiS,Annopol,50.8851655,21.8550836,Polska,pl,ok
9,208,9-208,Maciej Lasek,KO,Elbląg,54.1558708,19.4044583,Polska,pl,ok
9,209,9-209,Tomasz Latos,PiS,Poznań,52.4082663,16.9335199,Polska,pl,ok
9,21,9-21,Konrad Berkowicz,Konfederacja,Kraków,50.0619474,19.9368564,Polska,pl,ok
9,210,9-210,Gabriela Lenartowicz,KO,Katowice,50.2598987,19.0215852,Polska,pl,ok
9,211,9-211,Ewa Leniart,PiS,Dylągówka,49.9039992,22.2083372,Polska,pl,ok
9,212,9-212,Tomasz Lenz,KO,Mogilno,52.6573410,17.9500677,Polska,pl,ok
9,213,9-213,Izabela Leszczyna,KO,Częstochowa,50.8120466,19.1132130,Polska,pl,ok
9,214,9-214,Joanna Lichocka,PiS,Warszawa,52.2319581,21.0067249,Polska,pl,ok
9,215,9-215,Krzysztof Lipiec,PiS,Starachowice,51.0384569,21.0820842,Polska,pl,ok
9,216,9-216,Adam Lipiński,PiS,Głubczyce,50.2001072,17.8301977,Polska,pl,ok
9,217,9-217,Paweł Lisiecki,PiS,Warszawa,52.2319581,21.0067249,Polska,pl,ok
9,218,9-218,Grzegorz Lorek,PiS,Piotrków Trybunalski,51.4082625,19.6961670,Polska,pl,ok
9,219,9-219,Radosław Lubczyk,KP,Szczecinek,53.7023421,16.7071342,Polska,pl,ok
9,22,9-22,Magdalena Biejat,Lewica,Warszawa,52.2319581,21.0067249,Polska,pl,ok
9,220,9-220,Katarzyna Lubnauer,KO,Łódź,51.7687323,19.4569911,Polska,pl,ok
9,221,9-221,Tomasz Ławniczak,PiS,Ostrów Wielkopolski,51.6495023,17.8167085,Polska,pl,ok
9,222,9-222,Artur Łącki,KO,Trzebiatów,54.0626270,15.2656577,Polska,pl,ok
9,223,9-223,Jan Łopata,KP,Motycz,51.2395618,22.3812812,Polska,pl,ok
9,224,9-224,Magdalena Łośko,KO,Inowrocław,52.7952408,18.2595624,Polska,pl,ok
9,225,9-225,Marzena Machałek,PiS,Wrocław,51.1089776,17.0326689,Polska,pl,ok
9,226,9-226,Beata Maciejewska,niez.,Gdańsk,54.3482907,18.6540233,Polska,pl,ok
9,227,9-227,Antoni Macierewicz,PiS,Warszawa,52.2319581,21.0067249,Polska,pl,ok
9,228,9-228,Wojciech Maksymowicz,niez.,Włocławek,52.6603872,19.0719480,Polska,pl,ok
9,229,9-229,Marlena Magdalena Maląg,PiS,Ostrów Wielkopolski,51.6495023,17.8167085,Polska,pl,ok
9,23,9-23,Jerzy Bielecki,PiS,Janów Lubelski,50.7065895,22.4110663,Polska,pl,ok
9,230,9-230,Ewa Malik,PiS,Sosnowiec,50.2780834,19.1342944,Polska,pl,ok
9,231,9-231,Mirosław Maliszewski,KP,Warszawa,52.2319581,21.0067249,Polska,pl,ok
9,232,9-232,Jerzy Małecki,PiS,Pisz,53.6290631,21.8082539,Polska,pl,ok
9,233,9-233,Maciej Małecki,PiS,Warszawa,52.2319581,21.0067249,Polska,pl,ok
9,234,9-234,Arkadiusz Marchewka,KO,Szczecin,53.4301818,14.5509623,Polska,pl,ok
9,235,9-235,Jagna Marczułajtis-Walczak,KO,Zakopane,49.2969114,19.9504753,Polska,pl,ok
9,236,9-236,Gabriela Masłowska,PiS,Batorz,50.8494606,22.4927100,Polska,pl,ok
9,237,9-237,Jerzy Materna,PiS,Zielona Góra,51.9383777,15.5050408,Polska,pl,ok
9,238,9-238,Beata Mateusiak-Pielucha,PiS,Wieluń,51.2204544,18.5700965,Polska,pl,ok
9,239,9-239,Grzegorz Matusiak,PiS,Jaworzno,50.2034390,19.2721559,Polska,pl,ok
9,24,9-24,Marek Biernacki,KP,Sopot,54.4430399,18.5613095,Polska,pl,ok
9,240,9-240,Marek Matuszewski,PiS,Zgierz,51.8560819,19.4052228,Polska,pl,ok
9,241,9-241,Kazimierz Matuszny,PiS,Milówka,49.5576572,19.0877284,Polska,pl,ok
9,242,9-242,Paulina Matysiak,Lewica,Kutno,52.2222131,19.3874589,Polska,pl,ok
9,243,9-243,Iwona Michałek,KP,Szczecin,53.4301818,14.5509623,Polska,pl,ok
9,244,9-244,Krzysztof Mieszkowski,KO,Głogów,51.6634169,16.0860805,Polska,pl,ok
9,245,9-245,Anna Milczanowska,PiS,Radomsko,51.0674769,19.4446109,Polska,pl,ok
9,246,9-246,Daniel Milewski,PiS,Chicago (USA),41.8755616,-87.6244212,United States,us,ok
9,247,9-247,Rajmund Miller,KO,Kielce,50.8719903,20.6310488,Polska,pl,ok
9,248,9-248,Aleksander Miszalski,KO,Kraków,50.0619474,19.9368564,Polska,pl,ok
9,249,9-249,Mateusz Morawiecki,PiS,Wrocław,51.1089776,17.0326689,Polska,pl,ok
9,25,9-25,Mariusz Błaszczak,PiS,Legionowo,52.3952285,20.9308309,Polska,pl,ok
9,250,9-250,Jan Mosiński,PiS,Lubin,51.3996783,16.1993379,Polska,pl,ok
9,251,9-251,Kazimierz Moskal,PiS,Żyraków,50.0859393,21.3947638,Polska,pl,ok
9,252,9-252,Czesław Mroczek,KO,Kałuszyn,52.2087832,21.8118810,Polska,pl,ok
9,253,9-253,Aleksander Mrówczyński,PiS,Chojnice,53.6952912,17.5614973,Polska,pl,ok
9,254,9-254,Izabela Katarzyna Mrzygłocka,KO,Wałbrzych,50.7659054,16.2825424,Polska,pl,ok
9,255,9-255,Joanna Mucha,Polska2050,Płońsk,52.6264016,20.3642812,Polska,pl,ok
9,256,9-256,Arkadiusz Mularczyk,PiS,Racibórz,50.0905252,18.2151495,Polska,pl,ok
9,257,9-257,Piotr Müller,PiS,Słupsk,54.4635771,17.0209480,Polska,pl,ok
9,258,9-258,Killion Munyama,KO,Makala,-6.1026446,23.5517796,République démocratique du Congo,cd,ok
9,259,9-259,Wojciech Murdzek,PiS,Świdnica,50.8424835,16.4870549,Polska,pl,ok
9,26,9-26,Mateusz Bochenek,KO,Sosnowiec,50.2780834,19.1342944,Polska,pl,ok
9,260,9-260,Arkadiusz Myrcha,KO,Toruń,53.0102721,18.6048094,Polska,pl,ok
9,261,9-261,Grzegorz Napieralski,KO,Szczecin,53.4301818,14.5509623,Polska,pl,ok
9,262,9-262,Sławomir Neumann,KO,Starogard Gdański,53.9671805,18.5321130,Polska,pl,ok
9,263,9-263,Dorota Niedziela,KO,Oświęcim,50.0382443,19.2214053,Polska,pl,ok
9,264,9-264,Małgorzata Niemczyk,KO,Łódź,51.7687323,19.4569911,Polska,pl,ok
9,265,9-265,Sławomir Nitras,KO,Połczyn-Zdrój,53.7648981,16.0952705,Polska,pl,ok
9,266,9-266,Barbara Nowacka,KO,Warszawa,52.2319581,21.0067249,Polska,pl,ok
9,267,9-267,Tomasz Piotr Nowak,KO,Kwidzyń,53.7335842,18.9319222,Polska,pl,ok
9,268,9-268,Danuta Nowicka,PiS,Niegowonice,50.3881900,19.4225400,Polska,pl,ok
9,269,9-269,Wanda Nowicka,Lewica,Lublin,51.2505590,22.5701022,Polska,pl,ok
9,27,9-27,Rafał Bochenek,PiS,Kraków,50.0619474,19.9368564,Polska,pl,ok
9,270,9-270,Urszula Nowogórska,KP,Limanowa,49.7149918,20.4230742,Polska,pl,ok
9,271,9-271,Mirosława Nykiel,KO,Wańkowa,49.5095451,22.4763143,Polska,pl,ok
9,272,9-272,Robert Obaz,Lewica,Jelenia Góra,50.9031028,15.7344306,Polska,pl,ok
9,273,9-273,Marcin Ociepa,PiS,Opole,51.9966667,19.1627778,Polska,pl,ok
9,274,9-274,Marzena Okła-Drewnowicz,KO,Skarżysko-Kamienna,51.1229657,20.8770091,Polska,pl,ok
9,275,9-275,Tomasz Olichwer,KO,Sosnowiec,50.2780834,19.1342944,Polska,pl,ok
9,276,9-276,Dariusz Olszewski,PiS,Otwock,52.1161661,21.2934590,Polska,pl,ok
9,277,9-277,Paweł Olszewski,KO,Bydgoszcz,53.1219648,18.0002529,Polska,pl,ok
9,278,9-278,Marek Opioła,PiS,Warszawa,52.2319581,21.0067249,Polska,pl,ok
9,279,9-279,Katarzyna Osos,KO,Świebodzin,52.2498357,15.5324973,Polska,pl,ok
9,28,9-28,Jerzy Borowczak,KO,Białogard,54.0145099,15.9691251,Polska,pl,ok
9,280,9-280,Jacek Osuch,PiS,Olkusz,50.2788158,19.5596307,Polska,pl,ok
9,281,9-281,Jacek Ozdoba,PiS,Warszawa,52.2319581,21.0067249,Polska,pl,ok
9,282,9-282,Anna Paluch,PiS,Nowy Targ,49.4892092,20.0263411,Polska,pl,ok
9,283,9-283,Teresa Pamuła,PiS,Lubaczów,50.1574473,23.1225859,Polska,pl,ok
9,284,9-284,Paweł Papke,KO,Starogard Gdański,53.9671805,18.5321130,Polska,pl,ok
9,285,9-285,Urszula Pasławska,KP,Biskupiec,53.8637983,20.9549890,Polska,pl,ok
9,286,9-286,Krzysztof Paszyk,KP,Poznań,52.4082663,16.9335199,Polska,pl,ok
9,287,9-287,Jerzy Paul,PiS,Nowa Sarzyna,50.3197908,22.3434799,Polska,pl,ok
9,288,9-288,Karolina Pawliczak,KO,Godziesze Wielkie,51.6455637,18.1790069,Polska,pl,ok
9,289,9-289,Monika Pawłowska,PiS,Ryki,51.6266968,21.9356960,Polska,pl,ok
9,29,9-29,Joanna Borowiak,PiS,Włocławek,52.6603872,19.0719480,Polska,pl,ok
9,290,9-290,Małgorzata Pępek,KO,Kocierz Rydzwałdzki,,,,,not_found
9,291,9-291,Krzysztof Piątkowski,KO,Zgierz,51.8560819,19.4052228,Polska,pl,ok
9,292,9-292,Bolesław Piecha,PiS,Rybnik,50.0955793,18.5419933,Polska,pl,ok
9,293,9-293,Sławomir Jan Piechota,KO,Tomaszów Mazowiecki,51.5194865,20.0337541,Polska,pl,ok
9,294,9-294,Grzegorz Piechowiak,PiS,Piła,53.1511306,16.7380343,Polska,pl,ok
9,295,9-295,Anna Pieczarka,PiS,Tuchów,49.8952190,21.0538362,Polska,pl,ok
9,296,9-296,Katarzyna Maria Piekarska,KO,Warszawa,52.2319581,21.0067249,Polska,pl,ok
9,297,9-297,Dariusz Piontkowski,PiS,Sielc,52.6419424,22.9152491,Polska,pl,ok
9,298,9-298,Kazimierz Plocke,KO,Domatowo,54.7109464,18.2228010,Polska,pl,ok
9,299,9-299,Kacper Płażyński,PiS,Gdańsk,54.3482907,18.6540233,Polska,pl,ok
9,3,9-3,Piotr Adamowicz,KO,Elbląg,54.1558708,19.4044583,Polska,pl,ok
9,30,9-30,Kamil Bortniczuk,PiS,Głuchołazy,50.3170828,17.3833809,Polska,pl,ok
9,300,9-300,Elżbieta Płonka,PiS,Bogatynia,50.9077147,14.9539185,Polska,pl,ok
9,301,9-301,Jerzy Polaczek,PiS,Piekary Śląskie,50.3840312,18.9456429,Polska,pl,ok
9,302,9-302,Marek Polak,PiS,Wadowice,49.8834484,19.4925345,Polska,pl,ok
9,303,9-303,Piotr Polak,PiS,Grabinka,51.7794444,18.8350000,Polska,pl,ok
9,304,9-304,Agnieszka Pomaska,KO,Gdynia,54.5164982,18.5402738,Polska,pl,ok
9,305,9-305,Paweł Poncyljusz,KO,Warszawa,52.2319581,21.0067249,Polska,pl,ok
9,306,9-306,Violetta Porowska,PiS,Opole,51.9966667,19.1627778,Polska,pl,ok
9,307,9-307,Marcin Porzucek,PiS,Kielce,50.8719903,20.6310488,Polska,pl,ok
9,308,9-308,Małgorzata Prokop-Paczkowska,Lewica,Krotoszyn,51.6959260,17.4374158,Polska,pl,ok
9,309,9-309,Jacek Protas,KO,Lidzbark Warmiński,54.1259406,20.5805641,Polska,pl,ok
9,31,9-31,Piotr Borys,KO,Bolesławiec,51.2630333,15.5651049,Polska,pl,ok
9,310,9-310,Jacek Protasiewicz,KP,Brzeg,50.8529011,17.4708931,Polska,pl,ok
9,311,9-311,Grzegorz Puda,PiS,Bielsko-Biała,49.8221180,19.0448936,Polska,pl,ok
9,312,9-312,Ireneusz Raś,KP,Proszowice,50.1926479,20.2917555,Polska,pl,ok
9,313,9-313,Zbigniew Rau,PiS,Łódź,51.7687323,19.4569911,Polska,pl,ok
9,314,9-314,Monika Rosa,KO,Czeladź,50.3184581,19.0736572,Polska,pl,ok
9,315,9-315,Dariusz Rosati,KO,Radom,51.4022557,21.1541546,Polska,pl,ok
9,316,9-316,Andrzej Rozenek,LD,Warszawa,52.2319581,21.0067249,Polska,pl,ok
9,317,9-317,Urszula Rusecka,PiS,Kraków,50.0619474,19.9368564,Polska,pl,ok
9,318,9-318,Grzegorz Rusiecki,KO,Leszno,51.8436498,16.5744141,Polska,pl,ok
9,319,9-319,Marek Rutka,Lewica,Gdynia,54.5164982,18.5402738,Polska,pl,ok
9,32,9-32,Bożena Borys-Szopa,PiS,Lędziny,50.1286240,19.1160922,Polska,pl,ok
9,320,9-320,Jakub Rutnicki,KO,Szamotuły,52.6120328,16.5831241,Polska,pl,ok
9,321,9-321,Paweł Rychlik,PiS,Wieluń,51.2204544,18.5700965,Polska,pl,ok
9,322,9-322,Marek Rząsa,KO,Rzeszów,50.0374531,22.0047174,Polska,pl,ok
9,323,9-323,Jarosław Rzepa,KP,Szamotuły,52.6120328,16.5831241,Polska,pl,ok
9,324,9-324,Tomasz Rzymkowski,PiS,Kutno,52.2222131,19.3874589,Polska,pl,ok
9,325,9-325,Jarosław Sachajko,Kukiz15,Lublin,51.2505590,22.5701022,Polska,pl,ok
9,326,9-326,Piotr Sak,PiS,Tarnów,50.0123784,20.9880739,Polska,pl,ok
9,327,9-327,Wojciech Saługa,KO,Jaworzno,50.2034390,19.2721559,Polska,pl,ok
9,328,9-328,Jacek Sasin,PiS,Warszawa,52.2319581,21.0067249,Polska,pl,ok
9,329,9-329,Marek Sawicki,KP,Sawice,52.3484323,22.4878811,Polska,pl,ok
9,33,9-33,Krzysztof Bosak,Konfederacja,Zielona Góra,51.9383777,15.5050408,Polska,pl,ok
9,330,9-330,Grzegorz Schetyna,KO,Opole,51.9966667,19.1627778,Polska,pl,ok
9,331,9-331,Joanna Scheuring-Wielgus,Lewica,Toruń,53.0102721,18.6048094,Polska,pl,ok
9,332,9-332,Anna Schmidt,PiS,Jarosław,50.0159029,22.6796573,Polska,pl,ok
9,333,9-333,Łukasz Schreiber,PiS,Bydgoszcz,53.1219648,18.0002529,Polska,pl,ok
9,334,9-334,Małgorzata Sekuła-Szmajdzińska,Lewica,Warszawa,52.2319581,21.0067249,Polska,pl,ok
9,335,9-335,Jarosław Sellin,PiS,Gdynia,54.5164982,18.5402738,Polska,pl,ok
9,336,9-336,Joanna Senyszyn,LD,Gdynia,54.5164982,18.5402738,Polska,pl,ok
9,337,9-337,Edward Siarka,PiS,Rabka,54.7541603,17.5159920,Polska,pl,ok
9,338,9-338,Anna Maria Siarkowska,Konfederacja,Warszawa,52.2319581,21.0067249,Polska,pl,ok
9,339,9-339,Krystyna Sibińska,KO,Złocieniec,53.5310477,16.0107245,Polska,pl,ok
9,34,9-34,Grzegorz Braun,Konfederacja,Toruń,53.0102721,18.6048094,Polska,pl,ok
9,340,9-340,Czesław Siekierski,KP,Stopnica,50.4382587,20.9385676,Polska,pl,ok
9,341,9-341,Tomasz Siemoniak,KO,Wałbrzych,50.7659054,16.2825424,Polska,pl,ok
9,342,9-342,Bartłomiej Sienkiewicz,KO,Kielce,50.8719903,20.6310488,Polska,pl,ok
9,343,9-343,Zdzisław Sipiera,PiS,Pruszków,52.1626141,20.8080199,Polska,pl,ok
9,344,9-344,Krystyna Skowrońska,KO,Mielec,50.2802473,21.4631343,Polska,pl,ok
9,345,9-345,Sławomir Skwarek,PiS,Radzyń Podlaski,51.7756663,22.6249658,Polska,pl,ok
9,346,9-346,Waldemar Sługocki,KO,Sulechów,52.0854782,15.6259091,Polska,pl,ok
9,347,9-347,Kazimierz Smoliński,PiS,Malbork,54.0358356,19.0368496,Polska,pl,ok
9,348,9-348,Krzysztof Sobolewski,PiS,Radymno,49.9540655,22.8267334,Polska,pl,ok
9,349,9-349,Artur Soboń,PiS,Świdnik,51.2164934,22.6909558,Polska,pl,ok
9,35,9-35,Waldemar Buda,PiS,Turek,52.0159500,18.5019100,Polska,pl,ok
9,350,9-350,Agnieszka Soin,PiS,Szczytno,53.5637330,20.9968636,Polska,pl,ok
9,351,9-351,Bogusław Sonik,niez.,Kraków,50.0619474,19.9368564,Polska,pl,ok
9,352,9-352,Andrzej Sośnierz,PS,Głuchołazy,50.3170828,17.3833809,Polska,pl,ok
9,353,9-353,Dobromir Sośnierz,Konfederacja,Katowice,50.2598987,19.0215852,Polska,pl,ok
9,354,9-354,Marek Sowa,KO,Libiąż,50.1030516,19.3147486,Polska,pl,ok
9,355,9-355,Anita Sowińska,Lewica,Tomaszów Mazowiecki,51.5194865,20.0337541,Polska,pl,ok
9,356,9-356,Katarzyna Sójka,PiS,Ostrów Wielkopolski,51.6495023,17.8167085,Polska,pl,ok
9,357,9-357,Magdalena Sroka,KP,Gdańsk,54.3482907,18.6540233,Polska,pl,ok
9,358,9-358,Mirosława Stachowiak-Różecka,PiS,Świebodzin,52.2498357,15.5324973,Polska,pl,ok
9,359,9-359,Dariusz Stefaniuk,PiS,Biała Podlaska,52.0338399,23.1193948,Polska,pl,ok
9,36,9-36,Borys Budka,KO,Czeladź,50.3184581,19.0736572,Polska,pl,ok
9,360,9-360,Franciszek Sterczewski,KO,Poznań,52.4082663,16.9335199,Polska,pl,ok
9,361,9-361,Beata Strzałka,PiS,Biłgoraj,50.5424846,22.7209326,Polska,pl,ok
9,362,9-362,Mirosław Suchoń,Polska2050,Bielsko-Biała,49.8221180,19.0448936,Polska,pl,ok
9,363,9-363,Marek Suski,PiS,Grójec,51.8655126,20.8675017,Polska,pl,ok
9,364,9-364,Artur Szałabawka,PiS,Szczecin,53.4301818,14.5509623,Polska,pl,ok
9,365,9-365,Wojciech Szarama,PiS,Bytom,50.3470387,18.9231857,Polska,pl,ok
9,366,9-366,Wiesław Szczepański,Lewica,Chrośnica,50.9798255,15.7871904,Polska,pl,ok
9,367,9-367,Michał Szczerba,KO,Warszawa,52.2319581,21.0067249,Polska,pl,ok
9,368,9-368,Aleksandra Łapiak,PiS,Ciechanowiec,52.6787967,22.4991103,Polska,pl,ok
9,369,9-369,Józefa Szczurek-Żelazko,PiS,Nowy Sącz,49.6103040,20.7149366,Polska,pl,ok
9,37,9-37,Stanisław Bukowiec,KP,Bochnia,49.9746842,20.4253292,Polska,pl,ok
9,370,9-370,Paweł Szefernaker,PiS,Szczecin,53.4301818,14.5509623,Polska,pl,ok
9,371,9-371,Andrzej Szejna,Lewica,Końskie,51.1910223,20.4071836,Polska,pl,ok
9,372,9-372,Andrzej Szewiński,KO,Warszawa,52.2319581,21.0067249,Polska,pl,ok
9,373,9-373,Adam Szłapka,KO,Kościan,52.0833695,16.6460888,Polska,pl,ok
9,374,9-374,Jan Szopiński,Lewica,Kosobudy,50.6316267,23.0894553,Polska,pl,ok
9,375,9-375,Paweł Szramka,KO,Brodnica,53.2580920,19.3993626,Polska,pl,ok
9,376,9-376,Krzysztof Szulowski,PiS,Janowiec,51.3232858,21.8906160,Polska,pl,ok
9,377,9-377,Krystyna Szumilas,KO,Knurów,50.2071818,18.6637073,Polska,pl,ok
9,378,9-378,Łukasz Szumowski,PiS,Warszawa,52.2319581,21.0067249,Polska,pl,ok
9,379,9-379,Stanisław Szwed,PiS,Bielsko-Biała,49.8221180,19.0448936,Polska,pl,ok
9,38,9-38,Lidia Burzyńska,PiS,Rzeki Wielkie,50.8773000,19.3881800,Polska,pl,ok
9,380,9-380,Ewa Szymańska,PiS,Prochowice,51.2734220,16.3644321,Polska,pl,ok
9,381,9-381,Tomasz Szymański,KO,Grudziądz,53.4725120,18.7618937,Polska,pl,ok
9,382,9-382,Szymon Szynkowski vel Sęk,PiS,Poznań,52.4082663,16.9335199,Polska,pl,ok
9,383,9-383,Agnieszka Ścigaj,PS,Kraków,50.0619474,19.9368564,Polska,pl,ok
9,384,9-384,Iwona Śledzińska-Katarasińska,KO,Komorniki,51.9766589,20.8499671,Polska,pl,ok
9,385,9-385,Krzysztof Śmiszek,Lewica,Stalowa Wola,50.5653105,22.0644075,Polska,pl,ok
9,386,9-386,Janusz Śniadek,PiS,Sopot,54.4430399,18.5613095,Polska,pl,ok
9,387,9-387,Adam Śnieżek,PiS,Orzechówka,50.9907698,20.8916471,Polska,pl,ok
9,388,9-388,Jacek Świat,PiS,Wrocław,51.1089776,17.0326689,Polska,pl,ok
9,389,9-389,Dominik Tarczyński,PiS,Lublin,51.2505590,22.5701022,Polska,pl,ok
9,39,9-39,Wiesław Buż,Lewica,Rzeszów,50.0374531,22.0047174,Polska,pl,ok
9,390,9-390,Krzysztof Tchórzewski,PiS,Rzążew,52.1239626,22.4784473,Polska,pl,ok
9,391,9-391,Robert Telus,PiS,Opoczno,51.3782439,20.2931754,Polska,pl,ok
9,392,9-392,Ryszard Terlecki,PiS,Kraków,50.0619474,19.9368564,Polska,pl,ok
9,393,9-393,Tadeusz Tomaszewski,Lewica,Niechanowo,52.4643201,17.6777258,Polska,pl,ok
9,394,9-394,Włodzimierz Tomaszewski,PiS,Łódź,51.7687323,19.4569911,Polska,pl,ok
9,395,9-395,Jacek Tomczak,KP,Poznań,52.4082663,16.9335199,Polska,pl,ok
9,396,9-396,Cezary Tomczyk,KO,Gryfice,53.9148529,15.1987062,Polska,pl,ok
9,397,9-397,Małgorzata Tracz,KO,Bolesławiec,51.2630333,15.5651049,Polska,pl,ok
9,398,9-398,Tomasz Trela,Lewica,Łódź,51.7687323,19.4569911,Polska,pl,ok
9,399,9-399,Mariusz Trepka,PiS,Myszków,50.5646661,19.3248616,Polska,pl,ok
9,4,9-4,Romuald Ajchler,Lewica,Duszniki Wielkopolskie,52.4462577,16.4267079,Polska,pl,ok
9,40,9-40,Małgorzata Chmiel,KO,Gdańsk,54.3482907,18.6540233,Polska,pl,ok
9,400,9-400,Krzysztof Truskolaski,KO,Białystok,53.1323980,23.1591679,Polska,pl,ok
9,401,9-401,Krzysztof Tuduj,Konfederacja,Warszawa,52.2319581,21.0067249,Polska,pl,ok
9,402,9-402,Sylwester Tułajew,PiS,Lublin,51.2505590,22.5701022,Polska,pl,ok
9,403,9-403,Stanisław Tyszka,Konfederacja,Warszawa,52.2319581,21.0067249,Polska,pl,ok
9,404,9-404,Robert Tyszkiewicz,KO,Białystok,53.1323980,23.1591679,Polska,pl,ok
9,405,9-405,Katarzyna Ueberhan,Lewica,Poznań,52.4082663,16.9335199,Polska,pl,ok
9,406,9-406,Jarosław Urbaniak,KO,Ostrów Wielkopolski,51.6495023,17.8167085,Polska,pl,ok
9,407,9-407,Michał Urbaniak,Konfederacja,Gdynia,54.5164982,18.5402738,Polska,pl,ok
9,408,9-408,Piotr Uruski,PiS,Sanok,49.5609053,22.2070280,Polska,pl,ok
9,409,9-409,Piotr Uściński,PiS,Warszawa,52.2319581,21.0067249,Polska,pl,ok
9,41,9-41,Zbigniew Chmielowiec,PiS,Kolbuszowa,50.2433277,21.7754563,Polska,pl,ok
9,410,9-410,Jarosław Wałęsa,KO,Gdańsk,54.3482907,18.6540233,Polska,pl,ok
9,411,9-411,Marcin Warchoł,PiS,Nisko,50.5198985,22.1398860,Polska,pl,ok
9,412,9-412,Teresa Wargocka,PiS,Mińsk Mazowiecki,52.1795959,21.5694560,Polska,pl,ok
9,413,9-413,Robert Warwas,PiS,Jaworzno,50.2034390,19.2721559,Polska,pl,ok
9,414,9-414,Jan Warzecha,PiS,Jodłowa,50.7198490,19.2937300,Polska,pl,ok
9,415,9-415,Anna Wasilewska,KO,Ostrowiec Świętokrzyski,50.9398768,21.3874300,Polska,pl,ok
9,416,9-416,Małgorzata Wassermann,PiS,Kraków,50.0619474,19.9368564,Polska,pl,ok
9,417,9-417,Piotr Wawrzyk,PiS,Kielce,50.8719903,20.6310488,Polska,pl,ok
9,418,9-418,Maciej Wąsik,PiS,Warszawa,52.2319581,21.0067249,Polska,pl,ok
9,419,9-419,Marta Wcisło,KO,Kraśnik,50.9434932,22.2083580,Polska,pl,ok
9,42,9-42,Kazimierz Choma,PiS,Kraśnik,50.9434932,22.2083580,Polska,pl,ok
9,420,9-420,Rafał Weber,PiS,Tarnobrzeg,50.5729327,21.6791667,Polska,pl,ok
9,421,9-421,Marek Wesoły,PiS,Ruda Śląska,50.2698658,18.8642588,Polska,pl,ok
9,422,9-422,Patryk Wicher,PiS,Nowy Sącz,49.6103040,20.7149366,Polska,pl,ok
9,423,9-423,Dariusz Wieczorek,Lewica,Szczecin,53.4301818,14.5509623,Polska,pl,ok
9,424,9-424,Monika Wielichowska,KO,Nowa Ruda,50.5734953,16.5113781,Polska,pl,ok
9,425,9-425,Ryszard Wilczyński,KO,Ostrów Wielkopolski,51.6495023,17.8167085,Polska,pl,ok
9,426,9-426,Jerzy Wilk,PiS,Elbląg,54.1558708,19.4044583,Polska,pl,ok
9,427,9-427,Robert Winnicki,Konfederacja,Zgorzelec,51.1517870,15.0144330,Polska,pl,ok
9,428,9-428,Mariusz Witczak,KO,Koźminek,51.7983010,18.3383583,Polska,pl,ok
9,429,9-429,Elżbieta Witek,PiS,Jawor,51.0677021,16.1976136,Polska,pl,ok
9,43,9-43,Dominika Chorosińska,PiS,Elbląg,54.1558708,19.4044583,Polska,pl,ok
9,430,9-430,Grzegorz Wojciechowski,PiS,Rawa Mazowiecka,51.7582859,20.2509980,Polska,pl,ok
9,431,9-431,Agata Katarzyna Wojtyszek,PiS,starachowice,51.0384569,21.0820842,Polska,pl,ok
9,432,9-432,Zdzisław Wolski,Lewica,Szczawno-Zdrój,50.7951667,16.2232713,Polska,pl,ok
9,433,9-433,Bogusław Wontor,Lewica,Słubice,52.3557481,14.5662367,Polska,pl,ok
9,434,9-434,Michał Woś,PiS,Racibórz,50.0905252,18.2151495,Polska,pl,ok
9,435,9-435,Grzegorz Adam Woźniak,PiS,Garwolin,51.8958048,21.6210647,Polska,pl,ok
9,436,9-436,Tadeusz Woźniak,PiS,Kutno,52.2222131,19.3874589,Polska,pl,ok
9,437,9-437,Michał Wójcik,PiS,Kraków,50.0619474,19.9368564,Polska,pl,ok
9,438,9-438,Bartłomiej Wróblewski,PiS,Poznań,52.4082663,16.9335199,Polska,pl,ok
9,439,9-439,Michał Wypij,KO,Wrocław,51.1089776,17.0326689,Polska,pl,ok
9,44,9-44,Tadeusz Chrzan,PiS,Grodzisko Dolne,50.1637598,22.4596076,Polska,pl,ok
9,440,9-440,Marek Zagórski,PiS,Kamień Pomorski,53.9653947,14.7728556,Polska,pl,ok
9,441,9-441,Paweł Zalewski,Polska2050,Warszawa,52.2319581,21.0067249,Polska,pl,ok
9,442,9-442,Adrian Zandberg,Lewica,Aalbore,,,,,not_found
9,443,9-443,Marcelina Zawisza,Lewica,Katowice,50.2598987,19.0215852,Polska,pl,ok
9,444,9-444,Sławomir Zawiślak,PiS,Krasnobród,50.5460046,23.2115593,Polska,pl,ok
9,445,9-445,Witold Zembaczyński,KO,Opole,51.9966667,19.1627778,Polska,pl,ok
9,446,9-446,Piotr Zgorzelski,KP,Płock,52.5464521,19.7008606,Polska,pl,ok
9,447,9-447,Zbigniew Ziejewski,KP,Morąg,53.9119982,19.9279895,Polska,pl,ok
9,448,9-448,Urszula Zielińska,KO,Warszawa,52.2319581,21.0067249,Polska,pl,ok
9,449,9-449,Jarosław Zieliński,PiS,Szwajcaria,46.7985624,8.2319736,Schweiz/Suisse/Svizzera/Svizra,ch,ok
9,45,9-45,Anna Ewa Cicholska,PiS,Ciechanów,52.8819798,20.6191479,Polska,pl,ok
9,450,9-450,Tomasz Zieliński,PiS,Józefów,50.4808298,23.0540591,Polska,pl,ok
9,451,9-451,Piotr Benedykt Zientarski,KO,Szczecinek,53.7023421,16.7071342,Polska,pl,ok
9,452,9-452,Tomasz Zimoch,Polska2050,Łódź,51.7687323,19.4569911,Polska,pl,ok
9,453,9-453,Zbigniew Ziobro,PiS,Kraków,50.0619474,19.9368564,Polska,pl,ok
9,454,9-454,Wojciech Zubowski,PiS,Wrocław,51.1089776,17.0326689,Polska,pl,ok
9,455,9-455,Tadeusz Zwiefka,KO,Tuchola,53.5880901,17.8590414,Polska,pl,ok
9,456,9-456,Ireneusz Zyska,PiS,Świebodzice,50.8724646,16.3228783,Polska,pl,ok
9,457,9-457,Jacek Żalek,PiS,Białystok,53.1323980,23.1591679,Polska,pl,ok
9,458,9-458,Bożena Żelazowska,KP,Chełm,51.1355883,23.4939364,Polska,pl,ok
9,459,9-459,Stanisław Żuk,Kukiz15,Plimkaim,,,,,not_found
9,46,9-46,Janusz Cichoń,KO,Bytom,50.3470387,18.9231857,Polska,pl,ok
9,460,9-460,Anna Maria Żukowska,Lewica,Warszawa,52.2319581,21.0067249,Polska,pl,ok
9,461,9-461,Waldemar Olejniczak,PiS,Przybojewo,52.7405556,19.5566667,Polska,pl,ok
9,462,9-462,Jacek Kurzępa,PiS,Świebodzin,52.2498357,15.5324973,Polska,pl,ok
9,463,9-463,Andrzej Szlachta,PiS,Rzeszów,50.0374531,22.0047174,Polska,pl,ok
9,464,9-464,Mariusz Gosek,PiS,Kielce,50.8719903,20.6310488,Polska,pl,ok
9,465,9-465,Szymon Pogoda,PiS,Bolesławiec,51.2630333,15.5651049,Polska,pl,ok
9,466,9-466,Łukasz Mejza,niez.,Zielona Góra,51.9383777,15.5050408,Polska,pl,ok
9,467,9-467,Anna Wojciechowska,KO,Suwałki,54.1027841,22.9321052,Polska,pl,ok
9,468,9-468,Adam Ołdakowski,PiS,,,,,,missing
9,469,9-469,Zbigniew Ajchler,niez.,Szamotuły,52.6120328,16.5831241,Polska,pl,ok
9,47,9-47,Michał Cieślak,PiS,Dąbrowa Tarnowska,50.1743495,20.9850707,Polska,pl,ok
9,470,9-470,Rafał Romanowski,PiS,Ciechanów,52.8819798,20.6191479,Polska,pl,ok
9,471,9-471,Elżbieta Zielińska,PiS,Gorlice,49.6582900,21.1593832,Polska,pl,ok
9,472,9-472,Krzysztof Głuchowski,PiS,Łuków,51.9251738,22.3727818,Polska,pl,ok
9,473,9-473,Leszek Kowalczyk,PiS,Ryki,51.6266968,21.9356960,Polska,pl,ok
9,474,9-474,Iwona Kurowska,PiS,Garwolin,51.8958048,21.6210647,Polska,pl,ok
9,475,9-475,Stanisław Żmijan,KO,Tarnogród,50.3613090,22.7419384,Polska,pl,ok
9,48,9-48,Tadeusz Cymański,PiS,Nowy Staw,50.1539564,19.2967148,Polska,pl,ok
9,49,9-49,Adam Cyrański,KO,Kielce,50.8719903,20.6310488,Polska,pl,ok
9,5,9-5,Adam Andruszkiewicz,PiS,Grajewo,53.6399088,22.4578391,Polska,pl,ok
9,50,9-50,Krzysztof Czarnecki,PiS,Trzcianka,53.0417550,16.4614788,Polska,pl,ok
9,51,9-51,Przemysław Czarnecki,PiS,Wrocław,51.1089776,17.0326689,Polska,pl,ok
9,52,9-52,Witold Czarnecki,PiS,Murowana Goślina,52.5758465,17.0097914,Polska,pl,ok
9,53,9-53,Przemysław Czarnek,PiS,Koło,52.2453972,20.9454394,Polska,pl,ok
9,54,9-54,Arkadiusz Czartoryski,PiS,Ostrołęka,53.0779641,21.5748428,Polska,pl,ok
9,55,9-55,Włodzimierz Czarzasty,Lewica,Warszawa,52.2319581,21.0067249,Polska,pl,ok
9,56,9-56,Jacek Czerniak,Lewica,Świdnik,51.2164934,22.6909558,Polska,pl,ok
9,57,9-57,Zofia Czernow,KO,Wola Obszańska,50.3179658,22.9102851,Polska,pl,ok
9,58,9-58,Anita Czerwińska,PiS,Warszawa,52.2319581,21.0067249,Polska,pl,ok
9,59,9-59,Katarzyna Czochara,PiS,Biała,52.7962925,23.2369031,Polska,pl,ok
9,6,9-6,Waldemar Andzel,PiS,Czeladź,50.3184581,19.0736572,Polska,pl,ok
9,60,9-60,Eugeniusz Czykwin,KO,Orla,52.7029948,23.3321917,Polska,pl,ok
9,61,9-61,Władysław Dajczak,PiS,Międzyrzec,55.7540980,27.6325781,Беларусь,by,ok
9,62,9-62,Anna Dąbrowska-Banaszek,PiS,Chełm,51.1355883,23.4939364,Polska,pl,ok
9,63,9-63,Leszek Dobrzyński,PiS,Szczecin,53.4301818,14.5509623,Polska,pl,ok
9,64,9-64,Zbigniew Dolata,PiS,Koźmin,51.0935146,15.0213590,Polska,pl,ok
9,65,9-65,Barbara Dolniak,KO,Bytom,50.3470387,18.9231857,Polska,pl,ok
9,66,9-66,Bartłomiej Dorywalski,PiS,Włoszczowa,50.8520727,19.9667772,Polska,pl,ok
9,67,9-67,Przemysław Drabek,PiS,Bielsko-Biała,49.8221180,19.0448936,Polska,pl,ok
9,68,9-68,Elżbieta Duda,PiS,Skała,50.2303769,19.8535370,Polska,pl,ok
9,69,9-69,Jan Duda,PiS,Nowy Sącz,49.6103040,20.7149366,Polska,pl,ok
9,7,9-7,Tomasz Aniśko,KO,Ośno Lubuskie,52.4551320,14.8682003,Polska,pl,ok
9,70,9-70,Marcin Duszek,PiS,Łosice,52.2115134,22.7172940,Polska,pl,ok
9,71,9-71,Michał Dworczyk,PiS,Warszawa,52.2319581,21.0067249,Polska,pl,ok
9,72,9-72,Marek Dyduch,Lewica,Świdnica,50.8424835,16.4870549,Polska,pl,ok
9,73,9-73,Artur Dziambor,niez.,Gdynia,54.5164982,18.5402738,Polska,pl,ok
9,74,9-74,Jan Dziedziczak,PiS,Warszawa,52.2319581,21.0067249,Polska,pl,ok
9,75,9-75,Agnieszka Dziemianowicz-Bąk,Lewica,Wrocław,51.1089776,17.0326689,Polska,pl,ok
9,76,9-76,Waldy Dzikowski,KO,Wschowa,51.8038354,16.3172771,Polska,pl,ok
9,77,9-77,Barbara Dziuk,PiS,Tarnowskie Góry,50.4445194,18.8554757,Polska,pl,ok
9,78,9-78,Jadwiga Emilewicz,PiS,Kraków,50.0619474,19.9368564,Polska,pl,ok
9,79,9-79,Joanna Fabisiak,KO,Warszawa,52.2319581,21.0067249,Polska,pl,ok
9,8,9-8,Jan Krzysztof Ardanowski,PiS,Czernikowo,52.9422600,18.9373000,Polska,pl,ok
9,80,9-80,Monika Falej,Lewica,Mrągowo,53.8685741,21.3051587,Polska,pl,ok
9,81,9-81,Jolanta Fedak,KP,Żary,51.6385162,15.1422487,Polska,pl,ok
9,82,9-82,Magdalena Filiks,KO,Barlinek,52.9920762,15.2166391,Polska,pl,ok
9,83,9-83,Ewa Filipiak,PiS,Kraków,50.0619474,19.9368564,Polska,pl,ok
9,84,9-84,Radosław Fogiel,PiS,Radom,51.4022557,21.1541546,Polska,pl,ok
9,85,9-85,Joanna Frydrych,KO,Krosno,49.6889844,21.7534788,Polska,pl,ok
9,86,9-86,Konrad Frysztak,KO,Radom,51.4022557,21.1541546,Polska,pl,ok
9,87,9-87,Krzysztof Gadowski,KO,Bochnia,49.9746842,20.4253292,Polska,pl,ok
9,88,9-88,Aleksandra Gajewska,KO,Warszawa,52.2319581,21.0067249,Polska,pl,ok
9,89,9-89,Kinga Gajewska,KO,Warszawa,52.2319581,21.0067249,Polska,pl,ok
9,9,9-9,Iwona Arent,PiS,Olsztyn,53.7766839,20.4765070,Polska,pl,ok
9,90,9-90,Leszek Galemba,PiS,Koło,52.2453972,20.9454394,Polska,pl,ok
9,91,9-91,Ryszard Galla,niez.,Wrocław,51.1089776,17.0326689,Polska,pl,ok
9,92,9-92,Elżbieta Gapińska,KO,Płock,52.5464521,19.7008606,Polska,pl,ok
9,93,9-93,Kamila Gasiuk-Pihowicz,KO,Warszawa,52.2319581,21.0067249,Polska,pl,ok
9,94,9-94,Adam Gawęda,PiS,Rydułtowy,50.0584360,18.4171831,Polska,pl,ok
9,95,9-95,Krzysztof Gawkowski,Lewica,Warszawa,52.2319581,21.0067249,Polska,pl,ok
9,96,9-96,Andrzej Gawron,PiS,Kochcice,50.7081700,18.6893100,Polska,pl,ok
9,97,9-97,Grzegorz Gaża,PiS,Pszczyna,49.9778089,18.9423721,Polska,pl,ok
9,98,9-98,Maciej Gdula,Lewica,Żywiec,49.6890338,19.2030500,Polska,pl,ok
9,99,9-99,Elżbieta Gelert,KO,Gdańsk,54.3482907,18.6540233,Polska,pl,ok
10,1,10-1,Andrzej Adamczyk,PiS,Krzeszowice,50.1350246,19.6320164,Polska,pl,ok
10,10,10-10,Urszula Augustyn,KO,Tarnów,50.0123784,20.9880739,Polska,pl,ok
10,100,10-100,Piotr Gliński,PiS,Warszawa,52.2319581,21.0067249,Polska,pl,ok
10,101,10-101,Tomasz Głogowski,KO,Tarnowskie Góry,50.4445194,18.8554757,Polska,pl,ok
10,102,10-102,Piotr Głowski,KO,Bydgoszcz,53.1219648,18.0002529,Polska,pl,ok
10,103,10-103,Marta Golbik,KO,Gliwice,50.2941130,18.6657306,Polska,pl,ok
10,104,10-104,Małgorzata Golińska,PiS,Szczecinek,53.7023421,16.7071342,Polska,pl,ok
10,105,10-105,Kazimierz Gołojuch,PiS,Łańcut,50.0690725,22.2320924,Polska,pl,ok
10,106,10-106,Adam Gomoła,Polska2050,Opole,51.9966667,19.1627778,Polska,pl,ok
10,107,10-107,Robert Gontarz,PiS,Żuromin,53.0671703,19.9078353,Polska,pl,ok
10,108,10-108,Stanisław Gorczyca,KO,Miłomłyn,53.7634000,19.8413501,Polska,pl,ok
10,109,10-109,Mariusz Gosek,PiS,Kielce,50.8719903,20.6310488,Polska,pl,ok
10,11,10-11,Piotr Babinetz,PiS,Krosno,49.6889844,21.7534788,Polska,pl,ok
10,110,10-110,Daria Gosek-Popiołek,Lewica,Sosnowiec,50.2780834,19.1342944,Polska,pl,ok
10,111,10-111,Małgorzata Gosiewska,PiS,Gdańsk,54.3482907,18.6540233,Polska,pl,ok
10,112,10-112,Piotr Górnikiewicz,Polska2050,Tarnów,50.0123784,20.9880739,Polska,pl,ok
10,113,10-113,Agnieszka Górska,PiS,Skarżysko-Kamienna,51.1229657,20.8770091,Polska,pl,ok
10,114,10-114,Krzysztof Grabczuk,KO,Sawin,51.2724096,23.4366676,Polska,pl,ok
10,115,10-115,Jan Grabiec,KO,Legionowo,52.3952285,20.9308309,Polska,pl,ok
10,116,10-116,Marcin Grabowski,PiS,Ostrołęka,53.0779641,21.5748428,Polska,pl,ok
10,117,10-117,Michał Gramatyka,Polska2050,Katowice,50.2598987,19.0215852,Polska,pl,ok
10,118,10-118,Małgorzata Gromadzka,KO,Tarnogród,50.3613090,22.7419384,Polska,pl,ok
10,119,10-119,Marek Gróbarczyk,PiS,Nowy Sącz,49.6103040,20.7149366,Polska,pl,ok
10,12,10-12,Ryszard Bartosik,PiS,Turek,52.0159500,18.5019100,Polska,pl,ok
10,120,10-120,Andrzej Grzyb,PSL-TD,Siedlików,51.4781295,17.9623155,Polska,pl,ok
10,121,10-121,Andrzej Gut-Mostowy,PiS,Zakopane,49.2969114,19.9504753,Polska,pl,ok
10,122,10-122,Kazimierz Gwiazdowski,PiS,Radziłów,53.4097836,22.4093950,Polska,pl,ok
10,123,10-123,Marcin Gwóźdź,PiS,Ząbkowice Śl.,50.3732397,19.2742429,Polska,pl,ok
10,124,10-124,Marek Gzik,KO,Gliwice,50.2941130,18.6657306,Polska,pl,ok
10,125,10-125,Krzysztof Habura,KO,Pabianice,51.6639859,19.3535024,Polska,pl,ok
10,126,10-126,Agnieszka Hanajczyk,KO,Zgierz,51.8560819,19.4052228,Polska,pl,ok
10,127,10-127,Iwona Hartwich,KO,Rypin,53.0672809,19.4060273,Polska,pl,ok
10,128,10-128,Paulina Hennig-Kloska,Centrum,Gniezno,52.5246502,17.5981524,Polska,pl,ok
10,129,10-129,Krzysztof Hetman,PSL-TD,Lublin,51.2505590,22.5701022,Polska,pl,ok
10,13,10-13,Władysław Bartoszewski,PSL-TD,Warszawa,52.2319581,21.0067249,Polska,pl,ok
10,130,10-130,Czesław Hoc,PiS,Jelenin,51.6692213,15.4641552,Polska,pl,ok
10,131,10-131,Zbigniew Hoffmann,PiS,Poznań,52.4082663,16.9335199,Polska,pl,ok
10,132,10-132,Marek Tomasz Hok,KO,Koszalin,54.1909200,16.1770700,Polska,pl,ok
10,133,10-133,Szymon Hołownia,Polska2050,Białystok,53.1323980,23.1591679,Polska,pl,ok
10,134,10-134,Marcin Horała,PiS,Gdańsk,54.3482907,18.6540233,Polska,pl,ok
10,135,10-135,Łukasz Horbatowski,KO,Głogów,51.6634169,16.0860805,Polska,pl,ok
10,136,10-136,Paweł Hreniak,PiS,Wrocław,51.1089776,17.0326689,Polska,pl,ok
10,137,10-137,Paweł Jabłoński,PiS,Opole,51.9966667,19.1627778,Polska,pl,ok
10,138,10-138,Klaudia Jachira,KO,Wrocław,51.1089776,17.0326689,Polska,pl,ok
10,139,10-139,Marek Jakubiak,niez.,Warszawa,52.2319581,21.0067249,Polska,pl,ok
10,14,10-14,Barbara Bartuś,PiS,Gorlice,49.6582900,21.1593832,Polska,pl,ok
10,140,10-140,Maria Małgorzata Janyska,KO,Wyrzysk,53.1569822,17.2627004,Polska,pl,ok
10,141,10-141,Michał Jaros,KO,Aleksandrów Kujawski,52.8765365,18.6935744,Polska,pl,ok
10,142,10-142,Patryk Jaskulski,KO,Szczecin,53.4301818,14.5509623,Polska,pl,ok
10,143,10-143,Danuta Jazłowiecka,KO,Opole,51.9966667,19.1627778,Polska,pl,ok
10,144,10-144,Dariusz Joński,KO,Łódź,51.7687323,19.4569911,Polska,pl,ok
10,145,10-145,Marcin Józefaciuk,niez.,Łódź,51.7687323,19.4569911,Polska,pl,ok
10,146,10-146,Norbert Jakub Kaczmarczyk,PiS,Proszowice,50.1926479,20.2917555,Polska,pl,ok
10,147,10-147,Filip Kaczyński,PiS,Sucha Beskidzka,49.7328974,19.5824593,Polska,pl,ok
10,148,10-148,Jarosław Kaczyński,PiS,Warszawa,52.2319581,21.0067249,Polska,pl,ok
10,149,10-149,Piotr Kaleta,PiS,Kalisz,51.7624752,18.0895358,Polska,pl,ok
10,15,10-15,Paweł Bejda,PSL-TD,Łowicz,52.1012240,19.9474614,Polska,pl,ok
10,150,10-150,Sebastian Kaleta,PiS,Siedliszcze,51.1946235,23.1648455,Polska,pl,ok
10,151,10-151,Mariusz Kałużny,PiS,Toruń,53.0102721,18.6048094,Polska,pl,ok
10,152,10-152,Mariusz Kamiński,PiS,Sochaczew,52.2367219,20.2571236,Polska,pl,ok
10,153,10-153,Piotr Kandyba,KO,Dobra,51.9161774,18.6159693,Polska,pl,ok
10,154,10-154,Jan Kanthak,PiS,Gdańsk,54.3482907,18.6540233,Polska,pl,ok
10,155,10-155,Fryderyk Sylwester Kapinos,PiS,Mielec,50.2802473,21.4631343,Polska,pl,ok
10,156,10-156,Jacek Karnowski,KO,Gdańsk,54.3482907,18.6540233,Polska,pl,ok
10,157,10-157,Iwona Karolewska,KO,Lniano,53.5291700,18.2204000,Polska,pl,ok
10,158,10-158,Rafał Kasprzyk,Centrum,Busko Zdrój,50.4675900,20.7191900,Polska,pl,ok
10,159,10-159,Henryk Kiepura,PSL-TD,Kłobuck,50.9025547,18.9371600,Polska,pl,ok
10,16,10-16,Konrad Berkowicz,Konfederacja,Kraków,50.0619474,19.9368564,Polska,pl,ok
10,160,10-160,Marcin Kierwiński,KO,Warszawa,52.2319581,21.0067249,Polska,pl,ok
10,161,10-161,Katarzyna Kierzek-Koperska,KO,Września,52.3250694,17.5652282,Polska,pl,ok
10,162,10-162,Dariusz Klimczak,PSL-TD,Rawa Mazowiecka,51.7582859,20.2509980,Polska,pl,ok
10,163,10-163,Joanna Kluzik-Rostkowska,KO,Katowice,50.2598987,19.0215852,Polska,pl,ok
10,164,10-164,Agnieszka Maria Kłopotek,PSL-TD,Tarnów,50.0123784,20.9880739,Polska,pl,ok
10,165,10-165,Łukasz Kmita,PiS,Olkusz,50.2788158,19.5596307,Polska,pl,ok
10,166,10-166,Michał Kobosko,Polska2050-TD,Warszawa,52.2319581,21.0067249,Polska,pl,ok
10,167,10-167,Maria Koc,PiS,Prudnik,50.3217212,17.5801041,Polska,pl,ok
10,168,10-168,Ewa Kołodziej,KO,Katowice,50.2598987,19.0215852,Polska,pl,ok
10,169,10-169,Magdalena Małgorzata Kołodziejczak,KO,Dąbrówka,53.4602777,23.5302231,Polska,pl,ok
10,17,10-17,Sylwia Bielawska,KO,Głuszyca,50.6850304,16.3730344,Polska,pl,ok
10,170,10-170,Michał Kołodziejczak,KO,Sieradz,51.6017529,18.7399015,Polska,pl,ok
10,171,10-171,Rafał Komarewicz,Centrum,Ełk,53.8239584,22.3619165,Polska,pl,ok
10,172,10-172,Maciej Konieczny,Razem,Gliwice,50.2941130,18.6657306,Polska,pl,ok
10,173,10-173,Zbigniew Konwiński,KO,Słupsk,54.4635771,17.0209480,Polska,pl,ok
10,174,10-174,Władysław Kosiniak-Kamysz,PSL-TD,Kraków,50.0619474,19.9368564,Polska,pl,ok
10,175,10-175,Tomasz Kostuś,KO,Kluczbork,50.9710826,18.2010090,Polska,pl,ok
10,176,10-176,Andrzej Kosztowniak,PiS,Radom,51.4022557,21.1541546,Polska,pl,ok
10,177,10-177,Katarzyna Kotula,Lewica,Gryfino,53.2535889,14.4924243,Polska,pl,ok
10,178,10-178,Paweł Kowal,KO,Rzeszów,50.0374531,22.0047174,Polska,pl,ok
10,179,10-179,Henryk Kowalczyk,PiS,Żabianka,54.4201197,18.5756153,Polska,pl,ok
10,18,10-18,Marek Biernacki,PSL-TD,Sopot,54.4430399,18.5613095,Polska,pl,ok
10,180,10-180,Janusz Kowalski,niez.,Opole,51.9966667,19.1627778,Polska,pl,ok
10,181,10-181,Bartosz Józef Kownacki,PiS,Warszawa,52.2319581,21.0067249,Polska,pl,ok
10,182,10-182,Iwona Maria Kozłowska,KO,Więcbork,53.3525453,17.4873925,Polska,pl,ok
10,183,10-183,Stefan Krajewski,PSL-TD,Zambrów,52.9855200,22.2411700,Polska,pl,ok
10,184,10-184,Wiesław Krajewski,PiS,Chojnów,51.2722138,15.9393854,Polska,pl,ok
10,185,10-185,Leonard Krasulski,PiS,Sopot,54.4430399,18.5613095,Polska,pl,ok
10,186,10-186,Iwona Małgorzata Krawczyk,KO,Jawor,51.0677021,16.1976136,Polska,pl,ok
10,187,10-187,Michał Krawczyk,KO,Lublin,51.2505590,22.5701022,Polska,pl,ok
10,188,10-188,Robert Kropiwnicki,KO,Legnica,51.2047689,16.1746750,Polska,pl,ok
10,189,10-189,Piotr Król,PiS,Bydgoszcz,53.1219648,18.0002529,Polska,pl,ok
10,19,10-19,Paweł Bliźniuk,KO,Łódź,51.7687323,19.4569911,Polska,pl,ok
10,190,10-190,Wojciech Król,KO,Jaworzno,50.2034390,19.2721559,Polska,pl,ok
10,191,10-191,Anna Krupka,PiS,Warszawa,52.2319581,21.0067249,Polska,pl,ok
10,192,10-192,Andrzej Kryj,PiS,Ostrowiec Świętokrzyski,50.9398768,21.3874300,Polska,pl,ok
10,193,10-193,Mariusz Krystian,PiS,Zator,49.9963053,19.4376782,Polska,pl,ok
10,194,10-194,Marek Krząkała,KO,Rybnik,50.0955793,18.5419933,Polska,pl,ok
10,195,10-195,Adam Krzemiński,KO,Ciechanów,52.8819798,20.6191479,Polska,pl,ok
10,196,10-196,Henryka Krzywonos-Strycharska,KO,Olsztyn,53.7766839,20.4765070,Polska,pl,ok
10,197,10-197,Krzysztof Kubów,PiS,Lubin,51.3996783,16.1993379,Polska,pl,ok
10,198,10-198,Anita Kucharska-Dziedzic,Lewica,Wołczyn,51.0190253,18.0496030,Polska,pl,ok
10,199,10-199,Marek Kuchciński,PiS,Przemyśl,49.7835475,22.7885036,Polska,pl,ok
10,2,10-2,Piotr Adamowicz,KO,Elbląg,54.1558708,19.4044583,Polska,pl,ok
10,20,10-20,Mariusz Błaszczak,PiS,Legionowo,52.3952285,20.9308309,Polska,pl,ok
10,200,10-200,Paweł Kukiz,Demokracja,Paczków,50.4642876,17.0063856,Polska,pl,ok
10,201,10-201,Marcin Kulasek,Lewica,Jędrzejów,50.6394435,20.3046116,Polska,pl,ok
10,202,10-202,Maria Kurowska,PiS,Brzostek,49.8784697,21.4118650,Polska,pl,ok
10,203,10-203,Władysław Kurowski,PiS,Myślenice,49.8346080,19.9384283,Polska,pl,ok
10,204,10-204,Zbigniew Krzysztof Kuźmiuk,PiS,Komorowo,51.3698532,17.0885584,Polska,pl,ok
10,205,10-205,Anna Kwiecień,PiS,Radom,51.4022557,21.1541546,Polska,pl,ok
10,206,10-206,Piotr Lachowicz,KO,Nowy Sącz,49.6103040,20.7149366,Polska,pl,ok
10,207,10-207,Stanisław Lamczyk,KO,Brusy,53.8861557,17.7190437,Polska,pl,ok
10,208,10-208,Maciej Lasek,KO,Elbląg,54.1558708,19.4044583,Polska,pl,ok
10,209,10-209,Gabriela Lenartowicz,KO,Katowice,50.2598987,19.0215852,Polska,pl,ok
10,21,10-21,Mateusz Bochenek,KO,Sosnowiec,50.2780834,19.1342944,Polska,pl,ok
10,210,10-210,Ewa Leniart,PiS,Dylągówka,49.9039992,22.2083372,Polska,pl,ok
10,211,10-211,Aleksandra Leo,Centrum,Warszawa,52.2319581,21.0067249,Polska,pl,ok
10,212,10-212,Izabela Leszczyna,KO,Częstochowa,50.8120466,19.1132130,Polska,pl,ok
10,213,10-213,Joanna Lichocka,PiS,Warszawa,52.2319581,21.0067249,Polska,pl,ok
10,214,10-214,Krzysztof Lipiec,PiS,Starachowice,51.0384569,21.0820842,Polska,pl,ok
10,215,10-215,Łukasz Litewka,Lewica,Sosnowiec,50.2780834,19.1342944,Polska,pl,ok
10,216,10-216,Grzegorz Lorek,PiS,Piotrków Trybunalski,51.4082625,19.6961670,Polska,pl,ok
10,217,10-217,Radosław Lubczyk,PSL-TD,Szczecinek,53.7023421,16.7071342,Polska,pl,ok
10,218,10-218,Katarzyna Anna Lubnauer,KO,Łódź,51.7687323,19.4569911,Polska,pl,ok
10,219,10-219,Adam Luboński,Polska2050,Piła,53.1511306,16.7380343,Polska,pl,ok
10,22,10-22,Rafał Bochenek,PiS,Kraków,50.0619474,19.9368564,Polska,pl,ok
10,220,10-220,Artur Jarosław Łącki,KO,Trzebiatów,54.0626270,15.2656577,Polska,pl,ok
10,221,10-221,Alicja Łepkowska-Gołaś,KO,Łomża,53.1824307,22.0521838,Polska,pl,ok
10,222,10-222,Dorota Łoboda,KO,Warszawa,52.2319581,21.0067249,Polska,pl,ok
10,223,10-223,Krystian Łuczak,KO,Włocławek,52.6603872,19.0719480,Polska,pl,ok
10,224,10-224,Sebastian Łukaszewicz,PiS,Białystok,53.1323980,23.1591679,Polska,pl,ok
10,225,10-225,Marzena Anna Machałek,PiS,Wrocław,51.1089776,17.0326689,Polska,pl,ok
10,226,10-226,Antoni Macierewicz,PiS,Warszawa,52.2319581,21.0067249,Polska,pl,ok
10,227,10-227,Marlena Magdalena Maląg,PiS,Ostrów Wielkopolski,51.6495023,17.8167085,Polska,pl,ok
10,228,10-228,Ewa Malik,PiS,Sosnowiec,50.2780834,19.1342944,Polska,pl,ok
10,229,10-229,Mirosław Maliszewski,PSL-TD,Warszawa,52.2319581,21.0067249,Polska,pl,ok
10,23,10-23,Izabela Bodnar,Centrum,Lubliniec,50.6690160,18.6825574,Polska,pl,ok
10,230,10-230,Maciej Małecki,PiS,Warszawa,52.2319581,21.0067249,Polska,pl,ok
10,231,10-231,Arkadiusz Marchewka,KO,Szczecin,53.4301818,14.5509623,Polska,pl,ok
10,232,10-232,Jagna Marczułajtis-Walczak,KO,Zakopane,49.2969114,19.9504753,Polska,pl,ok
10,233,10-233,Dorota Marek,KO,Krzeszowice,50.1350246,19.6320164,Polska,pl,ok
10,234,10-234,Dariusz Matecki,PiS,Szczecin,53.4301818,14.5509623,Polska,pl,ok
10,235,10-235,Jerzy Materna,PiS,Zielona Góra,51.9383777,15.5050408,Polska,pl,ok
10,236,10-236,Grzegorz Matusiak,PiS,Jaworzno,50.2034390,19.2721559,Polska,pl,ok
10,237,10-237,Katarzyna Matusik-Lipiec,KO,Gorlice,49.6582900,21.1593832,Polska,pl,ok
10,238,10-238,Marek Matuszewski,PiS,Zgierz,51.8560819,19.4052228,Polska,pl,ok
10,239,10-239,Paulina Matysiak,niez.,Kutno,52.2222131,19.3874589,Polska,pl,ok
10,24,10-24,Jacek Bogucki,PiS,Wysokie Mazowieckie,52.9256354,22.5104014,Polska,pl,ok
10,240,10-240,Łukasz Mejza,niez.,Zielona Góra,51.9383777,15.5050408,Polska,pl,ok
10,241,10-241,Sławomir Mentzen,Konfederacja,Toruń,53.0102721,18.6048094,Polska,pl,ok
10,242,10-242,Anna Milczanowska,PiS,Radomsko,51.0674769,19.4446109,Polska,pl,ok
10,243,10-243,Daniel Milewski,PiS,Chicago (Usa),41.8755616,-87.6244212,United States,us,ok
10,244,10-244,Rajmund Miller,KO,Kielce,50.8719903,20.6310488,Polska,pl,ok
10,245,10-245,Aleksander Miszalski,KO,Kraków,50.0619474,19.9368564,Polska,pl,ok
10,246,10-246,Mateusz Morawiecki,PiS,Wrocław,51.1089776,17.0326689,Polska,pl,ok
10,247,10-247,Jan Mosiński,PiS,Lubin,51.3996783,16.1993379,Polska,pl,ok
10,248,10-248,Michał Moskal,PiS,Janów Lubelski,50.7065895,22.4110663,Polska,pl,ok
10,249,10-249,Czesław Mroczek,KO,Kałuszyn,52.2087832,21.8118810,Polska,pl,ok
10,25,10-25,Zbigniew Bogucki,PiS,Góra,51.6681499,16.5393277,Polska,pl,ok
10,250,10-250,Aleksander Mikołaj Mrówczyński,PiS,Chojnice,53.6952912,17.5614973,Polska,pl,ok
10,251,10-251,Izabela Katarzyna Mrzygłocka,KO,Wałbrzych,50.7659054,16.2825424,Polska,pl,ok
10,252,10-252,Joanna Mucha,niez.,Płońsk,52.6264016,20.3642812,Polska,pl,ok
10,253,10-253,Arkadiusz Mularczyk,PiS,Racibórz,50.0905252,18.2151495,Polska,pl,ok
10,254,10-254,Krzysztof Mulawa,Konfederacja,Siedlce,52.1663751,22.2765138,Polska,pl,ok
10,255,10-255,Piotr Müller,PiS,Słupsk,54.4635771,17.0209480,Polska,pl,ok
10,256,10-256,Arkadiusz Myrcha,KO,Toruń,53.0102721,18.6048094,Polska,pl,ok
10,257,10-257,Grzegorz Napieralski,KO,Szczecin,53.4301818,14.5509623,Polska,pl,ok
10,258,10-258,Dorota Niedziela,KO,Oświęcim,50.0382443,19.2214053,Polska,pl,ok
10,259,10-259,Jacek Niedźwiedzki,KO,Suwałki,54.1027841,22.9321052,Polska,pl,ok
10,26,10-26,Krzysztof Bojarski,KO,Annopol,50.8851655,21.8550836,Polska,pl,ok
10,260,10-260,Małgorzata Niemczyk,KO,Łódź,51.7687323,19.4569911,Polska,pl,ok
10,261,10-261,Jolanta Niezgodzka,KO,Kłobuck,50.9025547,18.9371600,Polska,pl,ok
10,262,10-262,Sławomir Nitras,KO,Połczyn-Zdrój,53.7648981,16.0952705,Polska,pl,ok
10,263,10-263,Barbara Nowacka,KO,Warszawa,52.2319581,21.0067249,Polska,pl,ok
10,264,10-264,Maja Ewa Nowak,Polska2050,Nowa Sól,51.8019595,15.7175608,Polska,pl,ok
10,265,10-265,Tomasz Piotr Nowak,KO,Kwidzyn,53.7204653,18.9374641,Polska,pl,ok
10,266,10-266,Wanda Nowicka,Lewica,Lublin,51.2505590,22.5701022,Polska,pl,ok
10,267,10-267,Urszula Nowogórska,PSL-TD,Limanowa,49.7149918,20.4230742,Polska,pl,ok
10,268,10-268,Mirosława Nykiel,KO,Wańkowa,49.5095451,22.4763143,Polska,pl,ok
10,269,10-269,Marcin Ociepa,PiS,Opole,51.9966667,19.1627778,Polska,pl,ok
10,27,10-27,Joanna Borowiak,PiS,Włocławek,52.6603872,19.0719480,Polska,pl,ok
10,270,10-270,Marzena Okła-Drewnowicz,KO,Skarżysko-Kamienna,51.1229657,20.8770091,Polska,pl,ok
10,271,10-271,Barbara Okuła,Centrum,Siemiatycze,52.4278979,22.8627258,Polska,pl,ok
10,272,10-272,Barbara Oliwiecka,Centrum,Kalisz,51.7624752,18.0895358,Polska,pl,ok
10,273,10-273,Dorota Olko,Lewica,Siedlce,52.1663751,22.2765138,Polska,pl,ok
10,274,10-274,Paweł Olszewski,KO,Bydgoszcz,53.1219648,18.0002529,Polska,pl,ok
10,275,10-275,Mirosław Adam Orliński,PSL-TD,Warszawa,52.2319581,21.0067249,Polska,pl,ok
10,276,10-276,Łukasz Osmalak,Polska2050,Mikołów,50.1960028,18.8539322,Polska,pl,ok
10,277,10-277,Katarzyna Osos,KO,Świebodzin,52.2498357,15.5324973,Polska,pl,ok
10,278,10-278,Jacek Osuch,PiS,Olkusz,50.2788158,19.5596307,Polska,pl,ok
10,279,10-279,Jacek Ozdoba,PiS,Warszawa,52.2319581,21.0067249,Polska,pl,ok
10,28,10-28,Kamil Bortniczuk,PiS,Głuchołazy,50.3170828,17.3833809,Polska,pl,ok
10,280,10-280,Teresa Pamuła,PiS,Lubaczów,50.1574473,23.1225859,Polska,pl,ok
10,281,10-281,Paweł Papke,KO,Starogard Gdański,53.9671805,18.5321130,Polska,pl,ok
10,282,10-282,Urszula Pasławska,PSL-TD,Biskupiec,53.8637983,20.9549890,Polska,pl,ok
10,283,10-283,Krzysztof Paszyk,PSL-TD,Poznań,52.4082663,16.9335199,Polska,pl,ok
10,284,10-284,Karolina Pawliczak,KO,Godziesze Wielkie,51.6455637,18.1790069,Polska,pl,ok
10,285,10-285,Bartłomiej Pejo,Konfederacja,Świdnik,51.2164934,22.6909558,Polska,pl,ok
10,286,10-286,Ryszard Petru,Centrum,Wrocław,51.1089776,17.0326689,Polska,pl,ok
10,287,10-287,Małgorzata Pępek,KO,Kocierz Rydzwałdzki,,,,,not_found
10,288,10-288,Bolesław Piecha,PiS,Rybnik,50.0955793,18.5419933,Polska,pl,ok
10,289,10-289,Grzegorz Piechowiak,PiS,Piła,53.1511306,16.7380343,Polska,pl,ok
10,29,10-29,Piotr Borys,KO,Bolesławiec,51.2630333,15.5651049,Polska,pl,ok
10,290,10-290,Anna Pieczarka,PiS,Tuchów,49.8952190,21.0538362,Polska,pl,ok
10,291,10-291,Katarzyna Maria Piekarska,KO,Warszawa,52.2319581,21.0067249,Polska,pl,ok
10,292,10-292,Norbert Pietrykowski,Centrum,Mława,53.1116182,20.3831732,Polska,pl,ok
10,293,10-293,Lucjan Marek Pietrzczyk,KO,Bilcza,50.7873121,20.6198282,Polska,pl,ok
10,294,10-294,Dariusz Piontkowski,PiS,Sielc,52.6419424,22.9152491,Polska,pl,ok
10,295,10-295,Kazimierz Plocke,KO,Domatowo,54.7109464,18.2228010,Polska,pl,ok
10,296,10-296,Grzegorz Płaczek,Konfederacja,Tarnowskie Góry,50.4445194,18.8554757,Polska,pl,ok
10,297,10-297,Kacper Płażyński,PiS,Gdańsk,54.3482907,18.6540233,Polska,pl,ok
10,298,10-298,Szymon Pogoda,PiS,Bolesławiec,51.2630333,15.5651049,Polska,pl,ok
10,299,10-299,Jerzy Polaczek,PiS,Piekary Śląskie,50.3840312,18.9456429,Polska,pl,ok
10,3,10-3,Adam Andruszkiewicz,PiS,Grajewo,53.6399088,22.4578391,Polska,pl,ok
10,30,10-30,Bożena Borys-Szopa,PiS,Lędziny,50.1286240,19.1160922,Polska,pl,ok
10,300,10-300,Elżbieta Anna Polak,KO,Przemków,51.5275418,15.7874473,Polska,pl,ok
10,301,10-301,Piotr Polak,PiS,Grabinka,51.7794444,18.8350000,Polska,pl,ok
10,302,10-302,Agnieszka Pomaska,KO,Gdynia,54.5164982,18.5402738,Polska,pl,ok
10,303,10-303,Marcin Porzucek,PiS,Kielce,50.8719903,20.6310488,Polska,pl,ok
10,304,10-304,Jacek Protas,KO,Lidzbark Warmiński,54.1259406,20.5805641,Polska,pl,ok
10,305,10-305,Marcin Przydacz,PiS,Wieluń,51.2204544,18.5700965,Polska,pl,ok
10,306,10-306,Grzegorz Puda,PiS,Bielsko-Biała,49.8221180,19.0448936,Polska,pl,ok
10,307,10-307,Michał Pyrzyk,PSL-TD,Poznań,52.4082663,16.9335199,Polska,pl,ok
10,308,10-308,Renata Rak,KO,Szczecinek,53.7023421,16.7071342,Polska,pl,ok
10,309,10-309,Ireneusz Raś,PSL-TD,Proszowice,50.1926479,20.2917555,Polska,pl,ok
10,31,10-31,Marcin Bosacki,KO,Poznań,52.4082663,16.9335199,Polska,pl,ok
10,310,10-310,Zbigniew Rau,PiS,Łódź,51.7687323,19.4569911,Polska,pl,ok
10,311,10-311,Marcin Romanowski,PiS,Skrwilno,53.0166946,19.6247985,Polska,pl,ok
10,312,10-312,Bartosz Romowicz,Polska2050,Lesko,49.4689014,22.3303816,Polska,pl,ok
10,313,10-313,Monika Rosa,KO,Czeladź,50.3184581,19.0736572,Polska,pl,ok
10,314,10-314,Wiesław Różyński,PSL-TD,Biłgoraj,50.5424846,22.7209326,Polska,pl,ok
10,315,10-315,Urszula Rusecka,PiS,Kraków,50.0619474,19.9368564,Polska,pl,ok
10,316,10-316,Grzegorz Rusiecki,KO,Leszno,51.8436498,16.5744141,Polska,pl,ok
10,317,10-317,Jakub Rutnicki,KO,Szamotuły,52.6120328,16.5831241,Polska,pl,ok
10,318,10-318,Paweł Rychlik,PiS,Wieluń,51.2204544,18.5700965,Polska,pl,ok
10,319,10-319,Marek Rząsa,KO,Rzeszów,50.0374531,22.0047174,Polska,pl,ok
10,32,10-32,Karina Anna Bosak,Konfederacja,Szczecin,53.4301818,14.5509623,Polska,pl,ok
10,320,10-320,Jarosław Rzepa,PSL-TD,Szamotuły,52.6120328,16.5831241,Polska,pl,ok
10,321,10-321,Jarosław Sachajko,Demokracja,Lublin,51.2505590,22.5701022,Polska,pl,ok
10,322,10-322,Paweł Sałek,PiS,Skierniewice,51.9580068,20.1448085,Polska,pl,ok
10,323,10-323,Wojciech Saługa,KO,Jaworzno,50.2034390,19.2721559,Polska,pl,ok
10,324,10-324,Tadeusz Samborski,PSL-TD,Gańczary K. Lwowa,,,,,not_found
10,325,10-325,Jacek Sasin,PiS,Warszawa,52.2319581,21.0067249,Polska,pl,ok
10,326,10-326,Marek Sawicki,PSL-TD,Sawice,52.3484323,22.4878811,Polska,pl,ok
10,327,10-327,Ewa Schädler,Polska2050,Poznań,52.4082663,16.9335199,Polska,pl,ok
10,328,10-328,Joanna Scheuring-Wielgus,Lewica,Toruń,53.0102721,18.6048094,Polska,pl,ok
10,329,10-329,Anna Schmidt,PiS,Jarosław,50.0159029,22.6796573,Polska,pl,ok
10,33,10-33,Krzysztof Bosak,Konfederacja,Zielona Góra,51.9383777,15.5050408,Polska,pl,ok
10,330,10-330,Łukasz Schreiber,PiS,Bydgoszcz,53.1219648,18.0002529,Polska,pl,ok
10,331,10-331,Jarosław Sellin,PiS,Gdynia,54.5164982,18.5402738,Polska,pl,ok
10,332,10-332,Olga Ewa Semeniuk-Patkowska,PiS,Warszawa,52.2319581,21.0067249,Polska,pl,ok
10,333,10-333,Edward Siarka,PiS,Rabka,54.7541603,17.5159920,Polska,pl,ok
10,334,10-334,Krystyna Sibińska,KO,Złocieniec,53.5310477,16.0107245,Polska,pl,ok
10,335,10-335,Czesław Siekierski,PSL-TD,Stopnica,50.4382587,20.9385676,Polska,pl,ok
10,336,10-336,Rafał Siemaszko,KO,Wejherowo,54.6026348,18.2479340,Polska,pl,ok
10,337,10-337,Tomasz Siemoniak,KO,Wałbrzych,50.7659054,16.2825424,Polska,pl,ok
10,338,10-338,Bartłomiej Sienkiewicz,KO,Kielce,50.8719903,20.6310488,Polska,pl,ok
10,339,10-339,Arkadiusz Sikora,Lewica,Głubczyce,50.2001072,17.8301977,Polska,pl,ok
10,34,10-34,Grzegorz Braun,Konfederacja,Toruń,53.0102721,18.6048094,Polska,pl,ok
10,340,10-340,Włodzimierz Skalik,Konfederacja_KP,Radomsko,51.0674769,19.4446109,Polska,pl,ok
10,341,10-341,Marcin Skonieczka,Centrum,Chełmno,53.3493915,18.4235473,Polska,pl,ok
10,342,10-342,Krystyna Skowrońska,KO,Mielec,50.2802473,21.4631343,Polska,pl,ok
10,343,10-343,Sławomir Skwarek,PiS,Radzyń Podlaski,51.7756663,22.6249658,Polska,pl,ok
10,344,10-344,Waldemar Sługocki,KO,Sulechów,52.0854782,15.6259091,Polska,pl,ok
10,345,10-345,Weronika Smarduch,KO,Rabka-Zdrój,49.6076663,19.9622575,Polska,pl,ok
10,346,10-346,Kazimierz Smoliński,PiS,Malbork,54.0358356,19.0368496,Polska,pl,ok
10,347,10-347,Anna Sobolak,KO,Lublin,51.2505590,22.5701022,Polska,pl,ok
10,348,10-348,Krzysztof Sobolewski,PiS,Radymno,49.9540655,22.8267334,Polska,pl,ok
10,349,10-349,Artur Soboń,PiS,Świdnik,51.2164934,22.6909558,Polska,pl,ok
10,35,10-35,Krzysztof Brejza,KO,Bydgoszcz,53.1219648,18.0002529,Polska,pl,ok
10,350,10-350,Agnieszka Anna Soin,PiS,Szczytno,53.5637330,20.9968636,Polska,pl,ok
10,351,10-351,Zbigniew Sosnowski,PSL-TD,Rypin,53.0672809,19.4060273,Polska,pl,ok
10,352,10-352,Marek Sowa,KO,Libiąż,50.1030516,19.3147486,Polska,pl,ok
10,353,10-353,Katarzyna Sójka,PiS,Ostrów Wielkopolski,51.6495023,17.8167085,Polska,pl,ok
10,354,10-354,Magdalena Sroka,PSL-TD,Gdańsk,54.3482907,18.6540233,Polska,pl,ok
10,355,10-355,Mirosława Stachowiak-Różecka,PiS,Świebodzin,52.2498357,15.5324973,Polska,pl,ok
10,356,10-356,Dariusz Stefaniuk,PiS,Biała Podlaska,52.0338399,23.1193948,Polska,pl,ok
10,357,10-357,Franciszek Sterczewski,KO,Poznań,52.4082663,16.9335199,Polska,pl,ok
10,358,10-358,Piotr Paweł Strach,Polska2050,Częstochowa,50.8120466,19.1132130,Polska,pl,ok
10,359,10-359,Mirosław Suchoń,Centrum,Bielsko-Biała,49.8221180,19.0448936,Polska,pl,ok
10,36,10-36,Agnieszka Buczyńska,Polska2050,Tczew,54.0869532,18.8000293,Polska,pl,ok
10,360,10-360,Marek Suski,PiS,Grójec,51.8655126,20.8675017,Polska,pl,ok
10,361,10-361,Paweł Suski,KO,Wałcz,53.2728538,16.4768177,Polska,pl,ok
10,362,10-362,Artur Szałabawka,PiS,Szczecin,53.4301818,14.5509623,Polska,pl,ok
10,363,10-363,Wojciech Szarama,PiS,Bytom,50.3470387,18.9231857,Polska,pl,ok
10,364,10-364,Wiesław Szczepański,Lewica,Chrośnica,50.9798255,15.7871904,Polska,pl,ok
10,365,10-365,Michał Szczerba,KO,Warszawa,52.2319581,21.0067249,Polska,pl,ok
10,366,10-366,Krzysztof Szczucki,PiS,Elbląg,54.1558708,19.4044583,Polska,pl,ok
10,367,10-367,Józefa Szczurek-Żelazko,PiS,Nowy Sącz,49.6103040,20.7149366,Polska,pl,ok
10,368,10-368,Paweł Szefernaker,PiS,Szczecin,53.4301818,14.5509623,Polska,pl,ok
10,369,10-369,Andrzej Szejna,Lewica,Końskie,51.1910223,20.4071836,Polska,pl,ok
10,37,10-37,Waldemar Buda,PiS,Turek,52.0159500,18.5019100,Polska,pl,ok
10,370,10-370,Andrzej Szewiński,KO,Warszawa,52.2319581,21.0067249,Polska,pl,ok
10,371,10-371,Adam Szłapka,KO,Kościan,52.0833695,16.6460888,Polska,pl,ok
10,372,10-372,Henryk Szopiński,KO,Złotów,53.3631938,17.0346940,Polska,pl,ok
10,373,10-373,Paweł Szrot,PiS,Białystok,53.1323980,23.1591679,Polska,pl,ok
10,374,10-374,Krystyna Szumilas,KO,Knurów,50.2071818,18.6637073,Polska,pl,ok
10,375,10-375,Stanisław Szwed,PiS,Bielsko-Biała,49.8221180,19.0448936,Polska,pl,ok
10,376,10-376,Ewa Szymanowska,Centrum,Łódź,51.7687323,19.4569911,Polska,pl,ok
10,377,10-377,Tomasz Szymański,KO,Grudziądz,53.4725120,18.7618937,Polska,pl,ok
10,378,10-378,Szymon Szynkowski vel Sęk,PiS,Poznań,52.4082663,16.9335199,Polska,pl,ok
10,379,10-379,Łukasz Ściebiorowski,KO,Piekary Śląskie,50.3840312,18.9456429,Polska,pl,ok
10,38,10-38,Borys Budka,KO,Czeladź,50.3184581,19.0736572,Polska,pl,ok
10,380,10-380,Agnieszka Ścigaj,PiS,Kraków,50.0619474,19.9368564,Polska,pl,ok
10,381,10-381,Andrzej Śliwka,PiS,Pasłęk,54.0626346,19.6565365,Polska,pl,ok
10,382,10-382,Paweł Śliz,Polska2050,Kraków,50.0619474,19.9368564,Polska,pl,ok
10,383,10-383,Krzysztof Śmiszek,Lewica,Stalowa Wola,50.5653105,22.0644075,Polska,pl,ok
10,384,10-384,Jacek Świat,PiS,Wrocław,51.1089776,17.0326689,Polska,pl,ok
10,385,10-385,Apoloniusz Tajner,KO,Cieszyn,49.7488623,18.6334308,Polska,pl,ok
10,386,10-386,Krzysztof Tchórzewski,PiS,Rzążew,52.1239626,22.4784473,Polska,pl,ok
10,387,10-387,Robert Telus,PiS,Opoczno,51.3782439,20.2931754,Polska,pl,ok
10,388,10-388,Ryszard Terlecki,PiS,Kraków,50.0619474,19.9368564,Polska,pl,ok
10,389,10-389,Tadeusz Tomaszewski,Lewica,Niechanowo,52.4643201,17.6777258,Polska,pl,ok
10,39,10-39,Elżbieta Burkiewicz,Centrum,Mielec,50.2802473,21.4631343,Polska,pl,ok
10,390,10-390,Jacek Tomczak,PSL-TD,Poznań,52.4082663,16.9335199,Polska,pl,ok
10,391,10-391,Wioleta Tomczak,Polska2050,Gdynia,54.5164982,18.5402738,Polska,pl,ok
10,392,10-392,Cezary Tomczyk,KO,Gryfice,53.9148529,15.1987062,Polska,pl,ok
10,393,10-393,Stanisław Tomczyszyn,PSL-TD,Żagań,51.6153231,15.3007662,Polska,pl,ok
10,394,10-394,Małgorzata Tracz,KO,Bolesławiec,51.2630333,15.5651049,Polska,pl,ok
10,395,10-395,Tomasz Trela,Lewica,Łódź,51.7687323,19.4569911,Polska,pl,ok
10,396,10-396,Krzysztof Truskolaski,KO,Białystok,53.1323980,23.1591679,Polska,pl,ok
10,397,10-397,Krzysztof Tuduj,Konfederacja,Warszawa,52.2319581,21.0067249,Polska,pl,ok
10,398,10-398,Sylwester Tułajew,PiS,Lublin,51.2505590,22.5701022,Polska,pl,ok
10,399,10-399,Witold Tumanowicz,Konfederacja,Lublin,51.2505590,22.5701022,Polska,pl,ok
10,4,10-4,Waldemar Andzel,PiS,Czeladź,50.3184581,19.0736572,Polska,pl,ok
10,40,10-40,Lidia Burzyńska,PiS,Rzeki Wielkie,50.8773000,19.3881800,Polska,pl,ok
10,400,10-400,Donald Tusk,KO,Gdańsk,54.3482907,18.6540233,Polska,pl,ok
10,401,10-401,Stanisław Tyszka,Konfederacja,Warszawa,52.2319581,21.0067249,Polska,pl,ok
10,402,10-402,Katarzyna Ueberhan,Lewica,Poznań,52.4082663,16.9335199,Polska,pl,ok
10,403,10-403,Jarosław Urbaniak,KO,Ostrów Wielkopolski,51.6495023,17.8167085,Polska,pl,ok
10,404,10-404,Piotr Uruski,PiS,Sanok,49.5609053,22.2070280,Polska,pl,ok
10,405,10-405,Piotr Uściński,PiS,Warszawa,52.2319581,21.0067249,Polska,pl,ok
10,406,10-406,Jarosław Wałęsa,KO,Gdańsk,54.3482907,18.6540233,Polska,pl,ok
10,407,10-407,Marcin Warchoł,PiS,Nisko,50.5198985,22.1398860,Polska,pl,ok
10,408,10-408,Robert Wardzała,KO,Tarnów,50.0123784,20.9880739,Polska,pl,ok
10,409,10-409,Robert Warwas,PiS,Jaworzno,50.2034390,19.2721559,Polska,pl,ok
10,41,10-41,Marek Jan Chmielewski,KO,Dzierżoniów,50.7281896,16.6514455,Polska,pl,ok
10,410,10-410,Jan Warzecha,PiS,Jodłowa,50.7198490,19.2937300,Polska,pl,ok
10,411,10-411,Małgorzata Wassermann,PiS,Kraków,50.0619474,19.9368564,Polska,pl,ok
10,412,10-412,Michał Wawer,Konfederacja,Warszawa,52.2319581,21.0067249,Polska,pl,ok
10,413,10-413,Maciej Wąsik,PiS,Warszawa,52.2319581,21.0067249,Polska,pl,ok
10,414,10-414,Marta Wcisło,KO,Kraśnik,50.9434932,22.2083580,Polska,pl,ok
10,415,10-415,Rafał Weber,PiS,Tarnobrzeg,50.5729327,21.6791667,Polska,pl,ok
10,416,10-416,Marek Wesoły,PiS,Ruda Śląska,50.2698658,18.8642588,Polska,pl,ok
10,417,10-417,Joanna Wicha,Lewica,Biała Podlaska,52.0338399,23.1193948,Polska,pl,ok
10,418,10-418,Patryk Wicher,PiS,Nowy Sącz,49.6103040,20.7149366,Polska,pl,ok
10,419,10-419,Dariusz Wieczorek,Lewica,Szczecin,53.4301818,14.5509623,Polska,pl,ok
10,42,10-42,Zbigniew Chmielowiec,PiS,Kolbuszowa,50.2433277,21.7754563,Polska,pl,ok
10,420,10-420,Jarosław Wiesław Wieczorek,PiS,Gliwice,50.2941130,18.6657306,Polska,pl,ok
10,421,10-421,Monika Wielichowska,KO,Nowa Ruda,50.5734953,16.5113781,Polska,pl,ok
10,422,10-422,Ryszard Wilk,Konfederacja,Krynica-Zdrój,49.4206138,20.9594176,Polska,pl,ok
10,423,10-423,Teresa Wilk,PiS,Elbląg,54.1558708,19.4044583,Polska,pl,ok
10,424,10-424,Przemysław Wipler,Konfederacja,Piekary Śląskie,50.3840312,18.9456429,Polska,pl,ok
10,425,10-425,Aleksandra Karolina Uznańska-Wiśniewska,KO,Łódź,51.7687323,19.4569911,Polska,pl,ok
10,426,10-426,Adrian Witczak,KO,Tomaszów Mazowiecki,51.5194865,20.0337541,Polska,pl,ok
10,427,10-427,Mariusz Witczak,KO,Koźminek,51.7983010,18.3383583,Polska,pl,ok
10,428,10-428,Elżbieta Witek,PiS,Jawor,51.0677021,16.1976136,Polska,pl,ok
10,429,10-429,Przemysław Witek,KO,Lubliniec,50.6690160,18.6825574,Polska,pl,ok
10,43,10-43,Artur Chojecki,PiS,Elbląg,54.1558708,19.4044583,Polska,pl,ok
10,430,10-430,Kamil Wnuk,Polska2050,Sosnowiec,50.2780834,19.1342944,Polska,pl,ok
10,431,10-431,Anna Wojciechowska,KO,Suwałki,54.1027841,22.9321052,Polska,pl,ok
10,432,10-432,Agnieszka Wojciechowska van Heukelom,PiS,Łódź,51.7687323,19.4569911,Polska,pl,ok
10,433,10-433,Agata Wojtyszek,PiS,Starachowice,51.0384569,21.0820842,Polska,pl,ok
10,434,10-434,Bogusław Wołoszański,KO,Piotrków Trybunalski,51.4082625,19.6961670,Polska,pl,ok
10,435,10-435,Michał Woś,PiS,Racibórz,50.0905252,18.2151495,Polska,pl,ok
10,436,10-436,Grzegorz Woźniak,PiS,Garwolin,51.8958048,21.6210647,Polska,pl,ok
10,437,10-437,Tadeusz Woźniak,PiS,Kutno,52.2222131,19.3874589,Polska,pl,ok
10,438,10-438,Michał Wójcik,PiS,Kraków,50.0619474,19.9368564,Polska,pl,ok
10,439,10-439,Maciej Wróbel,KO,Giżycko,54.0361354,21.7661326,Polska,pl,ok
10,44,10-44,Kazimierz Bogusław Choma,PiS,Kraśnik,50.9434932,22.2083580,Polska,pl,ok
10,440,10-440,Bartłomiej Wróblewski,PiS,Poznań,52.4082663,16.9335199,Polska,pl,ok
10,441,10-441,Paweł Zalewski,niez.,Warszawa,52.2319581,21.0067249,Polska,pl,ok
10,442,10-442,Adrian Zandberg,Razem,"Aalborg, Dania",57.0462626,9.9215263,Danmark,dk,ok
10,443,10-443,Andrzej Tomasz Zapałowski,Konfederacja,Wałbrzych,50.7659054,16.2825424,Polska,pl,ok
10,444,10-444,Bartosz Zawieja,KO,Poznań,52.4082663,16.9335199,Polska,pl,ok
10,445,10-445,Marcelina Zawisza,Razem,Katowice,50.2598987,19.0215852,Polska,pl,ok
10,446,10-446,Sławomir Zawiślak,Konfederacja_KP,Krasnobród,50.5460046,23.2115593,Polska,pl,ok
10,447,10-447,Bogdan Andrzej Zdrojewski,KO,Kłodzko,50.4386510,16.6551878,Polska,pl,ok
10,448,10-448,Witold Zembaczyński,KO,Opole,51.9966667,19.1627778,Polska,pl,ok
10,449,10-449,Piotr Zgorzelski,PSL-TD,Płock,52.5464521,19.7008606,Polska,pl,ok
10,45,10-45,Dominika Chorosińska,PiS,Elbląg,54.1558708,19.4044583,Polska,pl,ok
10,450,10-450,Zbigniew Ziejewski,PSL-TD,Morąg,53.9119982,19.9279895,Polska,pl,ok
10,451,10-451,Urszula Sara Zielińska,KO,Warszawa,52.2319581,21.0067249,Polska,pl,ok
10,452,10-452,Jarosław Zieliński,PiS,Szwajcaria,46.7985624,8.2319736,Schweiz/Suisse/Svizzera/Svizra,ch,ok
10,453,10-453,Tomasz Zieliński,PiS,Józefów,50.4808298,23.0540591,Polska,pl,ok
10,454,10-454,Jolanta Zięba-Gzik,PSL-TD,Sieradz,51.6017529,18.7399015,Polska,pl,ok
10,455,10-455,Tomasz Zimoch,niez.,Łódź,51.7687323,19.4569911,Polska,pl,ok
10,456,10-456,Zbigniew Ziobro,PiS,Kraków,50.0619474,19.9368564,Polska,pl,ok
10,457,10-457,Wojciech Michał Zubowski,PiS,Wrocław,51.1089776,17.0326689,Polska,pl,ok
10,458,10-458,Ireneusz Zyska,PiS,Świebodzice,50.8724646,16.3228783,Polska,pl,ok
10,459,10-459,Bożena Żelazowska,PSL-TD,Chełm,51.1355883,23.4939364,Polska,pl,ok
10,46,10-46,Tadeusz Chrzan,PiS,Grodzisko Dolne,50.1637598,22.4596076,Polska,pl,ok
10,460,10-460,Anna Maria Żukowska,Lewica,Warszawa,52.2319581,21.0067249,Polska,pl,ok
10,461,10-461,Anna Baluch,PiS,Kraśnik,50.9434932,22.2083580,Polska,pl,ok
10,462,10-462,Magdalena Łośko,KO,Inowrocław,52.7952408,18.2595624,Polska,pl,ok
10,463,10-463,Monika Pawłowska,PiS,Ryki,51.6266968,21.9356960,Polska,pl,ok
10,464,10-464,Alicja Łuczak,KO,Stawiszyn,51.9182364,18.1115413,Polska,pl,ok
10,465,10-465,Dominik Jaśkowiec,KO,Kraków,50.0619474,19.9368564,Polska,pl,ok
10,466,10-466,Paweł Masełko,KO,Głubczyce,50.2001072,17.8301977,Polska,pl,ok
10,467,10-467,Katarzyna Stachowicz,KO,Sosnowiec,50.2780834,19.1342944,Polska,pl,ok
10,468,10-468,Lidia Czechak,PiS,Jarocin,51.9739233,17.5011254,Polska,pl,ok
10,469,10-469,Barbara Grygorcewicz,KO,Koszalin,54.1909200,16.1770700,Polska,pl,ok
10,47,10-47,Alicja Chybicka,KO,Wałbrzych,50.7659054,16.2825424,Polska,pl,ok
10,470,10-470,Bożenna Hołownia,Polska2050,Warszawa,52.2319581,21.0067249,Polska,pl,ok
10,471,10-471,Urszula Koszutska,KO,Ruda Śląska,50.2698658,18.8642588,Polska,pl,ok
10,472,10-472,Piotr Kowal,Lewica,Włocławek,52.6603872,19.0719480,Polska,pl,ok
10,473,10-473,Michał Kowalski,PiS,Puck,54.7203995,18.4113380,Polska,pl,ok
10,474,10-474,Maria Joanna Koźlakiewicz,KO,Mława,53.1116182,20.3831732,Polska,pl,ok
10,475,10-475,Katarzyna Królak,KO,Iława,53.5961089,19.5761026,Polska,pl,ok
10,476,10-476,Wioletta Maria Kulpa,PiS,Płock,52.5464521,19.7008606,Polska,pl,ok
10,477,10-477,Grzegorz Macko,PiS,Wałbrzych,50.7659054,16.2825424,Polska,pl,ok
10,478,10-478,Jerzy Meysztowicz,KO,Kraków,50.0619474,19.9368564,Polska,pl,ok
10,479,10-479,Krzysztof Mieszkowski,KO,Głogów,51.6634169,16.0860805,Polska,pl,ok
10,48,10-48,Anna Ewa Cicholska,PiS,Ciechanów,52.8819798,20.6191479,Polska,pl,ok
10,480,10-480,Anna Paluch,PiS,Nowy Targ,49.4892092,20.0263411,Polska,pl,ok
10,481,10-481,Krzysztof Piątkowski,KO,Zgierz,51.8560819,19.4052228,Polska,pl,ok
10,482,10-482,Mariusz Popielarz,KO,Trzemeszno,52.5600669,17.8208936,Polska,pl,ok
10,483,10-483,Magdalena Roguska,KO,Parczew,51.6390000,22.9000000,Polska,pl,ok
10,484,10-484,Marta Stożek,Razem,Wrocław,51.1089776,17.0326689,Polska,pl,ok
10,485,10-485,Krzysztof Szymański,Konfederacja,Gdańsk,54.3482907,18.6540233,Polska,pl,ok
10,486,10-486,Włodzimierz Tomaszewski,PiS,Łódź,51.7687323,19.4569911,Polska,pl,ok
10,487,10-487,Maciej Tomczykiewicz,KO,Pszczyna,49.9778089,18.9423721,Polska,pl,ok
10,488,10-488,Jarosław Krajewski,PiS,Warszawa,52.2319581,21.0067249,Polska,pl,ok
10,489,10-489,Bożena Lisowska,KO,Lublin,51.2505590,22.5701022,Polska,pl,ok
10,49,10-49,Janusz Cichoń,KO,Bytom,50.3470387,18.9231857,Polska,pl,ok
10,490,10-490,Michał Połuboczek,Konfederacja,Olecko,54.0398024,22.4934246,Polska,pl,ok
10,491,10-491,Aleksandra Kot,KO,Rzeszów,50.0374531,22.0047174,Polska,pl,ok
10,492,10-492,Rafał Romanowski,PiS,Ciechanów,52.8819798,20.6191479,Polska,pl,ok
10,493,10-493,Henryk Smolarz,PSL-TD,Lublin,51.2505590,22.5701022,Polska,pl,ok
10,494,10-494,Robert Jagła,KO,Żarów,50.9438416,16.4923538,Polska,pl,ok
10,495,10-495,Michał Jach,PiS,Łomża,53.1824307,22.0521838,Polska,pl,ok
10,496,10-496,Bogumiła Olbryś,PiS,Ostrów Mazowiecka,52.8000429,21.8976380,Polska,pl,ok
10,497,10-497,Tomasz Rzymkowski,Demokracja,Kutno,52.2222131,19.3874589,Polska,pl,ok
10,498,10-498,Marek Subocz,PiS,Wałcz,53.2728538,16.4768177,Polska,pl,ok
10,499,10-499,Bożena Borowiec,Lewica,Ostrowiec Świętokrzyski,50.9398768,21.3874300,Polska,pl,ok
10,5,10-5,Dorota Arciszewska-Mielewczyk,PiS,Gdynia,54.5164982,18.5402738,Polska,pl,ok
10,50,10-50,Krzysztof Ciecióra,PiS,Radomsko,51.0674769,19.4446109,Polska,pl,ok
10,51,10-51,Janusz Cieszyński,PiS,Wrocław,51.1089776,17.0326689,Polska,pl,ok
10,52,10-52,Michał Cieślak,PiS,Dąbrowa Tarnowska,50.1743495,20.9850707,Polska,pl,ok
10,53,10-53,Żaneta Cwalina-Śliwowska,Centrum,Ostrołęka,53.0779641,21.5748428,Polska,pl,ok
10,54,10-54,Krzysztof Czarnecki,PiS,Trzcianka,53.0417550,16.4614788,Polska,pl,ok
10,55,10-55,Witold Wojciech Czarnecki,PiS,Murowana Goślina,52.5758465,17.0097914,Polska,pl,ok
10,56,10-56,Przemysław Czarnek,PiS,Koło,52.2453972,20.9454394,Polska,pl,ok
10,57,10-57,Arkadiusz Czartoryski,PiS,Ostrołęka,53.0779641,21.5748428,Polska,pl,ok
10,58,10-58,Włodzimierz Czarzasty,Lewica,Warszawa,52.2319581,21.0067249,Polska,pl,ok
10,59,10-59,Jacek Czerniak,Lewica,Świdnik,51.2164934,22.6909558,Polska,pl,ok
10,6,10-6,Jan Krzysztof Ardanowski,Demokracja,Czernikowo,52.9422600,18.9373000,Polska,pl,ok
10,60,10-60,Zofia Czernow,KO,Wola Obszańska,50.3179658,22.9102851,Polska,pl,ok
10,61,10-61,Anita Czerwińska,PiS,Warszawa,52.2319581,21.0067249,Polska,pl,ok
10,62,10-62,Katarzyna Czochara,PiS,Biała,52.7962925,23.2369031,Polska,pl,ok
10,63,10-63,Sławomir Ćwik,Centrum,Zamość,50.7212452,23.2595799,Polska,pl,ok
10,64,10-64,Władysław Dajczak,PiS,Międzyrzec,55.7540980,27.6325781,Беларусь,by,ok
10,65,10-65,Anna Dąbrowska-Banaszek,PiS,Chełm,51.1355883,23.4939364,Polska,pl,ok
10,66,10-66,Zbigniew Dolata,PiS,Koźmin,51.0935146,15.0213590,Polska,pl,ok
10,67,10-67,Barbara Dolniak,KO,Bytom,50.3470387,18.9231857,Polska,pl,ok
10,68,10-68,Andrzej Domański,KO,Kraków,50.0619474,19.9368564,Polska,pl,ok
10,69,10-69,Bartłomiej Dorywalski,PiS,Włoszczowa,50.8520727,19.9667772,Polska,pl,ok
10,7,10-7,Iwona Ewa Arent,PiS,Olsztyn,53.7766839,20.4765070,Polska,pl,ok
10,70,10-70,Robert Dowhan,KO,Lubsko,51.7881902,14.9721266,Polska,pl,ok
10,71,10-71,Przemysław Drabek,PiS,Bielsko-Biała,49.8221180,19.0448936,Polska,pl,ok
10,72,10-72,Elżbieta Duda,PiS,Skała,50.2303769,19.8535370,Polska,pl,ok
10,73,10-73,Michał Paweł Dworczyk,PiS,Warszawa,52.2319581,21.0067249,Polska,pl,ok
10,74,10-74,Adam Dziedzic,PSL-TD,Rzeszów,50.0374531,22.0047174,Polska,pl,ok
10,75,10-75,Jan Michał Dziedziczak,PiS,Warszawa,52.2319581,21.0067249,Polska,pl,ok
10,76,10-76,Agnieszka Dziemianowicz-Bąk,Lewica,Wrocław,51.1089776,17.0326689,Polska,pl,ok
10,77,10-77,Magdalena Filiks,KO,Barlinek,52.9920762,15.2166391,Polska,pl,ok
10,78,10-78,Magdalena Filipek-Sobczak,PiS,Lublin,51.2505590,22.5701022,Polska,pl,ok
10,79,10-79,Radosław Fogiel,PiS,Radom,51.4022557,21.1541546,Polska,pl,ok
10,8,10-8,Bartosz Arłukowicz,KO,Resko,53.7733969,15.4056058,Polska,pl,ok
10,80,10-80,Bronisław Foltyn,Konfederacja,Bielsko-Biała,49.8221180,19.0448936,Polska,pl,ok
10,81,10-81,Roman Fritz,Konfederacja_KP,Mikołów,50.1960028,18.8539322,Polska,pl,ok
10,82,10-82,Joanna Frydrych,KO,Krosno,49.6889844,21.7534788,Polska,pl,ok
10,83,10-83,Konrad Frysztak,KO,Radom,51.4022557,21.1541546,Polska,pl,ok
10,84,10-84,Patryk Gabriel,KO,Gdańsk,54.3482907,18.6540233,Polska,pl,ok
10,85,10-85,Krzysztof Gadowski,KO,Bochnia,49.9746842,20.4253292,Polska,pl,ok
10,86,10-86,Aleksandra Gajewska,KO,Warszawa,52.2319581,21.0067249,Polska,pl,ok
10,87,10-87,Kinga Gajewska,KO,Warszawa,52.2319581,21.0067249,Polska,pl,ok
10,88,10-88,Elżbieta Gapińska,KO,Płock,52.5464521,19.7008606,Polska,pl,ok
10,89,10-89,Kamila Gasiuk-Pihowicz,KO,Warszawa,52.2319581,21.0067249,Polska,pl,ok
10,9,10-9,Marek Ast,PiS,Zielona Góra,51.9383777,15.5050408,Polska,pl,ok
10,90,10-90,Krzysztof Gawkowski,Lewica,Warszawa,52.2319581,21.0067249,Polska,pl,ok
10,91,10-91,Zdzisław Gawlik,KO,Dębica,50.0461164,21.4127615,Polska,pl,ok
10,92,10-92,Andrzej Gawron,PiS,Kochcice,50.7081700,18.6893100,Polska,pl,ok
10,93,10-93,Grzegorz Gaża,PiS,Pszczyna,49.9778089,18.9423721,Polska,pl,ok
10,94,10-94,Elżbieta Gelert,KO,Gdańsk,54.3482907,18.6540233,Polska,pl,ok
10,95,10-95,Anna Gembicka,PiS,Włocławek,52.6603872,19.0719480,Polska,pl,ok
10,96,10-96,Artur Daniel Gierada,KO,Kielce,50.8719903,20.6310488,Polska,pl,ok
10,97,10-97,Roman Giertych,KO,Śrem,51.6516697,15.9256487,Polska,pl,ok
10,98,10-98,Włodzisław Giziński,KO,Działdowo,53.2406366,20.1846865,Polska,pl,ok
10,99,10-99,Szymon Giżyński,PiS,Częstochowa,50.8120466,19.1132130,Polska,pl,ok
