term,mp_id,mp_term_key,name,club,professions,profession_raw,profession_clean,profession_group,profession_group_web
7,142,7-142,Adam Jarubas,,urzędnik samorządowy,urzędnik samorządowy,urzędnik samorządowy,Administracja publiczna,Sektor publiczny i służby
7,208,7-208,Adam Kwiatkowski,PiS,urzędnik,urzędnik,urzędnik,Administracja publiczna,Sektor publiczny i służby
7,178,7-178,Agnieszka Kołacz-Leszczyńska,PO,pracownik samorządowy,pracownik samorządowy,pracownik samorządowy,Administracja publiczna,Sektor publiczny i służby
7,487,7-487,Aleksander Sosna,SLD,Inspektor pracy,Inspektor pracy,inspektor pracy,Administracja publiczna,Sektor publiczny i służby
7,463,7-463,Andrzej Dąbrowski,ZP,pracownik samorządowy,pracownik samorządowy,pracownik samorządowy,Administracja publiczna,Sektor publiczny i służby
7,20,7-20,Anna Bańkowska,SLD,"ekonomista,urzędnik państwowy",urzędnik państwowy,urzędnik państwowy,Administracja publiczna,Sektor publiczny i służby
7,259,7-259,Anna Nemś,PO,pracownik samorządowy,pracownik samorządowy,pracownik samorządowy,Administracja publiczna,Sektor publiczny i służby
7,286,7-286,Anna Paluch,PiS,pracownik samorządowy,pracownik samorządowy,pracownik samorządowy,Administracja publiczna,Sektor publiczny i służby
7,219,7-219,Arkadiusz Litwiński,PO,mgr administracji,mgr administracji,mgr administracji,Administracja publiczna,Sektor publiczny i służby
7,111,7-111,Artur Górczyński,SLD,pracownik socjalny,pracownik socjalny,pracownik socjalny,Administracja publiczna,Sektor publiczny i służby
7,22,7-22,Barbara Bartuś,PiS,urzędnik,urzędnik,urzędnik,Administracja publiczna,Sektor publiczny i służby
7,499,7-499,Bożena Henczyca,PO,urzędnik samorządowy,urzędnik samorządowy,urzędnik samorządowy,Administracja publiczna,Sektor publiczny i służby
7,509,7-509,Elżbieta Nawrocka,PSL,urzędnik państwowy,urzędnik państwowy,urzędnik państwowy,Administracja publiczna,Sektor publiczny i służby
7,514,7-514,Filip Kaczyński,PiS,pracownik samorządowy,pracownik samorządowy,pracownik samorządowy,Administracja publiczna,Sektor publiczny i służby
7,398,7-398,Genowefa Tokarska,PSL,pracownik administracji rządowej,pracownik administracji rządowej,pracownik administracji rządowej,Administracja publiczna,Sektor publiczny i służby
7,189,7-189,Henryk Kowalczyk,PiS,urzędnik,urzędnik,urzędnik,Administracja publiczna,Sektor publiczny i służby
7,169,7-169,Izabela Kloc,PiS,ekspert ds. funduszy europejskich,ekspert ds. funduszy europejskich,ekspert ds. funduszy europejskich,Administracja publiczna,Sektor publiczny i służby
7,192,7-192,Jacek Kozaczyński,PO,samorządowiec,samorządowiec,samorządowiec,Administracja publiczna,Sektor publiczny i służby
7,112,7-112,Jarosław Górczyński,PSL,urzędnik samorządowy,urzędnik samorządowy,urzędnik samorządowy,Administracja publiczna,Sektor publiczny i służby
7,350,7-350,Jarosław Sellin,PiS,urzędnik państwowy,urzędnik państwowy,urzędnik państwowy,Administracja publiczna,Sektor publiczny i służby
7,279,7-279,Konstanty Oświęcimski,PO,mgr administracji,mgr administracji,mgr administracji,Administracja publiczna,Sektor publiczny i służby
7,315,7-315,Krystyna Poślednia,PO,samorządowiec,samorządowiec,samorządowiec,Administracja publiczna,Sektor publiczny i służby
7,127,7-127,Krzysztof Hetman,,pracownik samorządowy,pracownik samorządowy,pracownik samorządowy,Administracja publiczna,Sektor publiczny i służby
7,237,7-237,Marcin Mastalerek,PiS,samorządowiec,samorządowiec,samorządowiec,Administracja publiczna,Sektor publiczny i służby
7,13,7-13,Marek Ast,PiS,"pracownik samorządowy,radca prawny, urzędnik państwowy",pracownik samorządowy,pracownik samorządowy,Administracja publiczna,Sektor publiczny i służby
7,13,7-13,Marek Ast,PiS,"pracownik samorządowy,radca prawny, urzędnik państwowy",urzędnik państwowy,urzędnik państwowy,Administracja publiczna,Sektor publiczny i służby
7,461,7-461,Marek Gos,PSL,urzędnik samorządowy,urzędnik samorządowy,urzędnik samorządowy,Administracja publiczna,Sektor publiczny i służby
7,220,7-220,Marek Łapiński,PO,pracownik samorządowy,pracownik samorządowy,pracownik samorządowy,Administracja publiczna,Sektor publiczny i służby
7,59,7-59,Marian Cycoń,PO,wyższy urzędnik samorządowy,wyższy urzędnik samorządowy,wyższy urzędnik samorządowy,Administracja publiczna,Sektor publiczny i służby
7,31,7-31,Mariusz Błaszczak,PiS,urzędnik państwowy,urzędnik państwowy,urzędnik państwowy,Administracja publiczna,Sektor publiczny i służby
7,109,7-109,Małgorzata Gosiewska,PiS,urzędnik,urzędnik,urzędnik,Administracja publiczna,Sektor publiczny i służby
7,507,7-507,Małgorzata Woźniak,PO,urzędnik samorządowy,urzędnik samorządowy,urzędnik samorządowy,Administracja publiczna,Sektor publiczny i służby
7,225,7-225,Mieczysław Marcin Łuczak,PSL,pracownik administracji samorządowej,pracownik administracji samorządowej,pracownik administracji samorządowej,Administracja publiczna,Sektor publiczny i służby
7,444,7-444,Piotr Zgorzelski,PSL,pracownik samorządowy,pracownik samorządowy,pracownik samorządowy,Administracja publiczna,Sektor publiczny i służby
7,474,7-474,Piotr Łukasz Babiarz,PiS,urzędnik,urzędnik,urzędnik,Administracja publiczna,Sektor publiczny i służby
7,501,7-501,Przemysław Krysztofiak,PO,pracownik administracji samorządowej,pracownik administracji samorządowej,pracownik administracji samorządowej,Administracja publiczna,Sektor publiczny i służby
7,470,7-470,Renata Janik,PO,urzędnik samorządowy,urzędnik samorządowy,urzędnik samorządowy,Administracja publiczna,Sektor publiczny i służby
7,505,7-505,Romuald Garczewski,PSL,urzędnik samorządowy,urzędnik samorządowy,urzędnik samorządowy,Administracja publiczna,Sektor publiczny i służby
7,10,7-10,Tadeusz Arkit,PO,urzędnik samorządowy,urzędnik samorządowy,urzędnik samorządowy,Administracja publiczna,Sektor publiczny i służby
7,386,7-386,Tomasz Szymański,PO,pracownik samorządowy,pracownik samorządowy,pracownik samorządowy,Administracja publiczna,Sektor publiczny i służby
7,512,7-512,Urszula Rusecka,PiS,"ekonomista, pracownik samorządowy",pracownik samorządowy,pracownik samorządowy,Administracja publiczna,Sektor publiczny i służby
7,6,7-6,Waldemar Andzel,PiS,pracownik samorządowy,pracownik samorządowy,pracownik samorządowy,Administracja publiczna,Sektor publiczny i służby
7,357,7-357,Waldemar Sługocki,PO,"urzędnik, nauczyciel akademicki",urzędnik,urzędnik,Administracja publiczna,Sektor publiczny i służby
7,16,7-16,Zbigniew Babalski,PiS,pracownik administracji państwowej,pracownik administracji państwowej,pracownik administracji państwowej,Administracja publiczna,Sektor publiczny i służby
7,1,7-1,Adam Abramowicz,PiS,menedżer,menedżer,menedżer,Biznes i finanse,Biznes i finanse
7,165,7-165,Adam Kępiński,SLD,przedsiębiorca,przedsiębiorca,przedsiębiorca,Biznes i finanse,Biznes i finanse
7,335,7-335,Adam Rybakowicz,RP,przedsiębiorca,przedsiębiorca,przedsiębiorca,Biznes i finanse,Biznes i finanse
7,29,7-29,Andrzej Biernat,PO,menedżer,menedżer,menedżer,Biznes i finanse,Biznes i finanse
7,122,7-122,Andrzej Gut-Mostowy,PO,ekonomista,ekonomista,ekonomista,Biznes i finanse,Biznes i finanse
7,124,7-124,Andrzej Halicki,PO,ekonomista,ekonomista,ekonomista,Biznes i finanse,Biznes i finanse
7,145,7-145,Andrzej Jaworski,PiS,menadżer,menadżer,menadżer,Biznes i finanse,Biznes i finanse
7,159,7-159,Andrzej Kania,ZP,przedsiębiorca,przedsiębiorca,przedsiębiorca,Biznes i finanse,Biznes i finanse
7,275,7-275,Andrzej Orzechowski,PO,ekonomista,ekonomista,ekonomista,Biznes i finanse,Biznes i finanse
7,380,7-380,Andrzej Sztorc,PSL,"rolnik, przedsiębiorca",przedsiębiorca,przedsiębiorca,Biznes i finanse,Biznes i finanse
7,20,7-20,Anna Bańkowska,SLD,"ekonomista,urzędnik państwowy",ekonomista,ekonomista,Biznes i finanse,Biznes i finanse
7,90,7-90,Anna Fotyga,PiS,ekonomistka,ekonomistka,ekonomistka,Biznes i finanse,Biznes i finanse
7,119,7-119,Anna Grodzka,niez.,przedsiębiorca,przedsiębiorca,przedsiębiorca,Biznes i finanse,Biznes i finanse
7,475,7-475,Antoni Błądek,PiS,gł. specjalista ds zarządzania systemami jakości w przemyśle motoryzacyjnym i lotniczym,gł. specjalista ds zarządzania systemami jakości w przemyśle motoryzacyjnym i lotniczym,gł. specjalista ds zarządzania systemami jakości w przemyśle motoryzacyjnym i lotniczym,Biznes i finanse,Biznes i finanse
7,337,7-337,Armand Kamil Ryfiński,niez.,ekonomista,ekonomista,ekonomista,Biznes i finanse,Biznes i finanse
7,71,7-71,Artur Dębski,PSL,przedsiębiorca,przedsiębiorca,przedsiębiorca,Biznes i finanse,Biznes i finanse
7,33,7-33,Bartłomiej Bodio,PSL,ekonomista,ekonomista,ekonomista,Biznes i finanse,Biznes i finanse
7,428,7-428,Bogusław Wontor,SLD,menadżer,menadżer,menadżer,Biznes i finanse,Biznes i finanse
7,155,7-155,Bożena Kamińska,PO,ekonomista,ekonomista,ekonomista,Biznes i finanse,Biznes i finanse
7,204,7-204,Cezary Kucharski,PO,przedsiębiorca,przedsiębiorca,przedsiębiorca,Biznes i finanse,Biznes i finanse
7,272,7-272,Cezary Olejniczak,SLD,ekonomista,ekonomista,ekonomista,Biznes i finanse,Biznes i finanse
7,491,7-491,Czesław Sobierajski,PiS,przedsiębiorca prywatny,przedsiębiorca prywatny,przedsiębiorca prywatny,Biznes i finanse,Biznes i finanse
7,147,7-147,Dariusz Joński,SLD,ekonomista,ekonomista,ekonomista,Biznes i finanse,Biznes i finanse
7,329,7-329,Dariusz Rosati,PO,ekonomista,ekonomista,ekonomista,Biznes i finanse,Biznes i finanse
7,7,7-7,Dorota Arciszewska-Mielewczyk,PiS,ekonomista,ekonomista,ekonomista,Biznes i finanse,Biznes i finanse
7,467,7-467,Elżbieta Achinger,PO,przedsiębiorca - specjalista do spraw zarządzania,przedsiębiorca - specjalista do spraw zarządzania,przedsiębiorca - specjalista do spraw zarządzania,Biznes i finanse,Biznes i finanse
7,99,7-99,Elżbieta Gelert,PO,menadżer,menadżer,menadżer,Biznes i finanse,Biznes i finanse
7,363,7-363,Franciszek Jerzy Stefaniuk,PSL,ekonomista,ekonomista,ekonomista,Biznes i finanse,Biznes i finanse
7,323,7-323,Grzegorz Raniewicz,PO,przedsiębiorca,przedsiębiorca,przedsiębiorca,Biznes i finanse,Biznes i finanse
7,397,7-397,Grzegorz Tobiszowski,PiS,ekonomista,ekonomista,ekonomista,Biznes i finanse,Biznes i finanse
7,252,7-252,Izabela Katarzyna Mrzygłocka,PO,ekonomista,ekonomista,ekonomista,Biznes i finanse,Biznes i finanse
7,43,7-43,Jacek Brzezinka,PO,menadżer,menadżer,menadżer,Biznes i finanse,Biznes i finanse
7,257,7-257,Jacek Najder,BC,przedsiębiorca,przedsiębiorca,przedsiębiorca,Biznes i finanse,Biznes i finanse
7,391,7-391,Jacek Świat,PiS,specjalista marketingu,specjalista marketingu,specjalista marketingu,Biznes i finanse,Biznes i finanse
7,381,7-381,Jakub Szulc,PO,ekonomista,ekonomista,ekonomista,Biznes i finanse,Biznes i finanse
7,410,7-410,Jan Vincent-Rostowski,PO,ekonomista,ekonomista,ekonomista,Biznes i finanse,Biznes i finanse
7,413,7-413,Jan Warzecha,PiS,ekonomista,ekonomista,ekonomista,Biznes i finanse,Biznes i finanse
7,449,7-449,Jan Ziobro,ZP,logistyk,logistyk,logistyk,Biznes i finanse,Biznes i finanse
7,295,7-295,Janusz Piechociński,PSL,ekonomista,ekonomista,ekonomista,Biznes i finanse,Biznes i finanse
7,36,7-36,Jerzy Borkowski,RP,przedsiębiorca,przedsiębiorca,przedsiębiorca,Biznes i finanse,Biznes i finanse
7,32,7-32,Joanna Bobowska,PO,menedżer,menedżer,menedżer,Biznes i finanse,Biznes i finanse
7,451,7-451,Kosma Złotowski,PiS,ekonomista,ekonomista,ekonomista,Biznes i finanse,Biznes i finanse
7,172,7-172,Krystyna Kłosin,PO,ekonomista,ekonomista,ekonomista,Biznes i finanse,Biznes i finanse
7,355,7-355,Krystyna Skowrońska,PO,bankowiec,bankowiec,bankowiec,Biznes i finanse,Biznes i finanse
7,37,7-37,Krzysztof Borkowski,PSL,przedsiębiorca,przedsiębiorca,przedsiębiorca,Biznes i finanse,Biznes i finanse
7,173,7-173,Krzysztof Kłosowski,SLD,ekonomista,ekonomista,ekonomista,Biznes i finanse,Biznes i finanse
7,179,7-179,Lech Kołakowski,PiS,przedsiębiorca,przedsiębiorca,przedsiębiorca,Biznes i finanse,Biznes i finanse
7,19,7-19,Maciej Banaszak,SLD,przedsiębiorca prywatny,przedsiębiorca prywatny,przedsiębiorca prywatny,Biznes i finanse,Biznes i finanse
7,251,7-251,Maciej Mroczek,RP,ekonomista,ekonomista,ekonomista,Biznes i finanse,Biznes i finanse
7,433,7-433,Maciej Wydrzyński,RP,przedsiębiorca,przedsiębiorca,przedsiębiorca,Biznes i finanse,Biznes i finanse
7,98,7-98,Magdalena Gąsior-Marek,PO,ekonomista,ekonomista,ekonomista,Biznes i finanse,Biznes i finanse
7,496,7-496,Marcin Duszek,PiS,przedsiębiorca,przedsiębiorca,przedsiębiorca,Biznes i finanse,Biznes i finanse
7,392,7-392,Marcin Święcicki,PO,ekonomista,ekonomista,ekonomista,Biznes i finanse,Biznes i finanse
7,18,7-18,Marek Balt,SLD,"ekonomista,inżynier",ekonomista,ekonomista,Biznes i finanse,Biznes i finanse
7,74,7-74,Marek Domaracki,SLD,przedsiębiorca,przedsiębiorca,przedsiębiorca,Biznes i finanse,Biznes i finanse
7,242,7-242,Marek Matuszewski,PiS,przedsiębiorca,przedsiębiorca,przedsiębiorca,Biznes i finanse,Biznes i finanse
7,480,7-480,Marek Niedbała,SLD,przedsiębiorca,przedsiębiorca,przedsiębiorca,Biznes i finanse,Biznes i finanse
7,511,7-511,Marek Poręba,PO,menedżer,menedżer,menedżer,Biznes i finanse,Biznes i finanse
7,139,7-139,Maria Małgorzata Janyska,PO,ekonomista,ekonomista,ekonomista,Biznes i finanse,Biznes i finanse
7,117,7-117,Mariusz Grad,PO,ekonomista,ekonomista,ekonomista,Biznes i finanse,Biznes i finanse
7,262,7-262,Małgorzata Niemczyk,PO,ekonomista,ekonomista,ekonomista,Biznes i finanse,Biznes i finanse
7,292,7-292,Małgorzata Pępek,PO,ekonomista,ekonomista,ekonomista,Biznes i finanse,Biznes i finanse
7,135,7-135,Michał Jach,PiS,ekonomista,ekonomista,ekonomista,Biznes i finanse,Biznes i finanse
7,141,7-141,Michał Jaros,PO,ekonomista,ekonomista,ekonomista,Biznes i finanse,Biznes i finanse
7,107,7-107,Mieczysław Golba,ZP,przedsiębiorca,przedsiębiorca,przedsiębiorca,Biznes i finanse,Biznes i finanse
7,161,7-161,Mieczysław Kasprzak,PSL,ekonomista,ekonomista,ekonomista,Biznes i finanse,Biznes i finanse
7,196,7-196,Mirosław Koźlakiewicz,PO,ekonomista,ekonomista,ekonomista,Biznes i finanse,Biznes i finanse
7,268,7-268,Mirosława Nykiel,PO,przedsiębiorca,przedsiębiorca,przedsiębiorca,Biznes i finanse,Biznes i finanse
7,416,7-416,Monika Wielichowska,PO,ekonomista,ekonomista,ekonomista,Biznes i finanse,Biznes i finanse
7,424,7-424,Norbert Wojnarowski,PO,ekonomista,ekonomista,ekonomista,Biznes i finanse,Biznes i finanse
7,273,7-273,Paweł Olszewski,PO,ekonomista,ekonomista,ekonomista,Biznes i finanse,Biznes i finanse
7,342,7-342,Paweł Sajak,PSL,logistyk,logistyk,logistyk,Biznes i finanse,Biznes i finanse
7,368,7-368,Paweł Suski,PO,przedsiębiorca,przedsiębiorca,przedsiębiorca,Biznes i finanse,Biznes i finanse
7,370,7-370,Paweł Szałamacha,PiS,menedżer,menedżer,menedżer,Biznes i finanse,Biznes i finanse
7,58,7-58,Piotr Cieśliński,PO,ekonomista,ekonomista,ekonomista,Biznes i finanse,Biznes i finanse
7,399,7-399,Piotr Tomański,PO,ekonomista,ekonomista,ekonomista,Biznes i finanse,Biznes i finanse
7,422,7-422,Radosław Witkowski,PO,przedsiębiorca,przedsiębiorca,przedsiębiorca,Biznes i finanse,Biznes i finanse
7,490,7-490,Robert Jagła,PO,menadżer,menadżer,menadżer,Biznes i finanse,Biznes i finanse
7,494,7-494,Robert Maciaszek,PO,"prawnik, menadżer",menadżer,menadżer,Biznes i finanse,Biznes i finanse
7,412,7-412,Robert Wardzała,PO,przedsiębiorca,przedsiębiorca,przedsiębiorca,Biznes i finanse,Biznes i finanse
7,96,7-96,Stanisław Gawłowski,PO,ekonomista,ekonomista,ekonomista,Biznes i finanse,Biznes i finanse
7,185,7-185,Sławomir Kopyciński,BC,ekonomista,ekonomista,ekonomista,Biznes i finanse,Biznes i finanse
7,260,7-260,Sławomir Neumann,PO,ekonomista,ekonomista,ekonomista,Biznes i finanse,Biznes i finanse
7,15,7-15,Tadeusz Aziewicz,PO,"doradca,ekonomista",doradca,doradca,Biznes i finanse,Biznes i finanse
7,15,7-15,Tadeusz Aziewicz,PO,"doradca,ekonomista",ekonomista,ekonomista,Biznes i finanse,Biznes i finanse
7,401,7-401,Tadeusz Tomaszewski,SLD,ekonomista,ekonomista,ekonomista,Biznes i finanse,Biznes i finanse
7,472,7-472,Teresa Świło,PO,przedsiębiorca prywatny,przedsiębiorca prywatny,przedsiębiorca prywatny,Biznes i finanse,Biznes i finanse
7,114,7-114,Tomasz Górski,niez.,przedsiębiorca,przedsiębiorca,przedsiębiorca,Biznes i finanse,Biznes i finanse
7,229,7-229,Tomasz Makowski,PSL,ekonomista,ekonomista,ekonomista,Biznes i finanse,Biznes i finanse
7,512,7-512,Urszula Rusecka,PiS,"ekonomista, pracownik samorządowy",ekonomista,ekonomista,Biznes i finanse,Biznes i finanse
7,291,7-291,Wojciech Penkalski,niez.,przedsiębiorca,przedsiębiorca,przedsiębiorca,Biznes i finanse,Biznes i finanse
7,453,7-453,Wojciech Zubowski,PiS,specjalista do spraw zarządzania i organizacji,specjalista do spraw zarządzania i organizacji,specjalista do spraw zarządzania i organizacji,Biznes i finanse,Biznes i finanse
7,182,7-182,Zbigniew Konwiński,PO,menadżer,menadżer,menadżer,Biznes i finanse,Biznes i finanse
7,65,7-65,Zofia Czernow,PO,ekonomista,ekonomista,ekonomista,Biznes i finanse,Biznes i finanse
7,39,7-39,Łukasz Borowiak,PO,ekonomista,ekonomista,ekonomista,Biznes i finanse,Biznes i finanse
7,202,7-202,Łukasz Krupa,niez.,ekonomista,ekonomista,ekonomista,Biznes i finanse,Biznes i finanse
7,471,7-471,Łukasz Tusk,PO,specjalista do spraw sprzedaży nieruchomości rolnych,specjalista do spraw sprzedaży nieruchomości rolnych,specjalista do spraw sprzedaży nieruchomości rolnych,Biznes i finanse,Biznes i finanse
7,195,7-195,Agnieszka Kozłowska-Rajewicz,PO,nauczyciel akademicki,nauczyciel akademicki,nauczyciel akademicki,Edukacja i nauka,Edukacja i nauka
7,405,7-405,Aleksandra Trybuś-Cieślar,PO,nauczyciel,nauczyciel,nauczyciel,Edukacja i nauka,Edukacja i nauka
7,26,7-26,Andrzej Bętkowski,PiS,nauczyciel,nauczyciel,nauczyciel,Edukacja i nauka,Edukacja i nauka
7,77,7-77,Andrzej Duda,PiS,nauczyciel akademicki,nauczyciel akademicki,nauczyciel akademicki,Edukacja i nauka,Edukacja i nauka
7,484,7-484,Andrzej Smirnow,PiS,nauczyciel akademicki,nauczyciel akademicki,nauczyciel akademicki,Edukacja i nauka,Edukacja i nauka
7,377,7-377,Andrzej Szlachta,PiS,nauczyciel akademicki,nauczyciel akademicki,nauczyciel akademicki,Edukacja i nauka,Edukacja i nauka
7,359,7-359,Anna Elżbieta Sobecka,PiS,nauczyciel,nauczyciel,nauczyciel,Edukacja i nauka,Edukacja i nauka
7,228,7-228,Antoni Macierewicz,PiS,historyk,historyk,historyk,Edukacja i nauka,Edukacja i nauka
7,62,7-62,Arkadiusz Czartoryski,PiS,nauczyciel,nauczyciel,nauczyciel,Edukacja i nauka,Edukacja i nauka
7,113,7-113,Artur Górski,PiS,nauczyciel akademicki,nauczyciel akademicki,nauczyciel akademicki,Edukacja i nauka,Edukacja i nauka
7,45,7-45,Barbara Bubula,PiS,filolog,filolog,filolog,Edukacja i nauka,Edukacja i nauka
7,44,7-44,Beata Bublewicz,PO,socjolog,socjolog,socjolog,Edukacja i nauka,Edukacja i nauka
7,243,7-243,Beata Mazurek,PiS,socjolog,socjolog,socjolog,Edukacja i nauka,Edukacja i nauka
7,481,7-481,Beata Rusinowska,PO,pedagog,pedagog,pedagog,Edukacja i nauka,Edukacja i nauka
7,384,7-384,Beata Szydło,PiS,etnograf,etnograf,etnograf,Edukacja i nauka,Edukacja i nauka
7,340,7-340,Bogdan Rzońca,PiS,nauczyciel historii,nauczyciel historii,nauczyciel historii,Edukacja i nauka,Edukacja i nauka
7,46,7-46,Borys Budka,PO,"nauczyciel akademicki, radca prawny",nauczyciel akademicki,nauczyciel akademicki,Edukacja i nauka,Edukacja i nauka
7,356,7-356,Bożena Sławiak,PO,pedagog,pedagog,pedagog,Edukacja i nauka,Edukacja i nauka
7,104,7-104,Czesław Gluza,SLD,socjolog,socjolog,socjolog,Edukacja i nauka,Edukacja i nauka
7,302,7-302,Dariusz Piontkowski,PiS,nauczyciel,nauczyciel,nauczyciel,Edukacja i nauka,Edukacja i nauka
7,184,7-184,Domicela Kopaczewska,PO,pedagog,pedagog,pedagog,Edukacja i nauka,Edukacja i nauka
7,406,7-406,Donald Tusk,PO,historyk,historyk,historyk,Edukacja i nauka,Edukacja i nauka
7,333,7-333,Dorota Rutkowska,PO,socjolog,socjolog,socjolog,Edukacja i nauka,Edukacja i nauka
7,94,7-94,Elżbieta Gapińska,PO,pedagog,pedagog,pedagog,Edukacja i nauka,Edukacja i nauka
7,201,7-201,Elżbieta Kruk,PiS,historyk,historyk,historyk,Edukacja i nauka,Edukacja i nauka
7,469,7-469,Elżbieta Królikowska-Kińska,PO,fizyk,fizyk,fizyk,Edukacja i nauka,Edukacja i nauka
7,322,7-322,Elżbieta Rafalska,PiS,nauczyciel akademicki,nauczyciel akademicki,nauczyciel akademicki,Edukacja i nauka,Edukacja i nauka
7,76,7-76,Ewa Drozd,PO,nauczyciel,nauczyciel,nauczyciel,Edukacja i nauka,Edukacja i nauka
7,427,7-427,Ewa Wolak,PO,nauczyciel,nauczyciel,nauczyciel,Edukacja i nauka,Edukacja i nauka
7,459,7-459,Ewa Żmuda-Trzebiatowska,PO,nauczyciel,nauczyciel,nauczyciel,Edukacja i nauka,Edukacja i nauka
7,236,7-236,Gabriela Masłowska,PiS,nauczyciel akademicki,nauczyciel akademicki,nauczyciel akademicki,Edukacja i nauka,Edukacja i nauka
7,495,7-495,Grażyna Ciemniak,PO,chemik,chemik,chemik,Edukacja i nauka,Edukacja i nauka
7,429,7-429,Grzegorz Adam Woźniak,PiS,geograf,geograf,geograf,Edukacja i nauka,Edukacja i nauka
7,468,7-468,Grzegorz Janik,PiS,nauczyciel,nauczyciel,nauczyciel,Edukacja i nauka,Edukacja i nauka
7,347,7-347,Grzegorz Schreiber,PiS,filolog,filolog,filolog,Edukacja i nauka,Edukacja i nauka
7,353,7-353,Henryk Siedlaczek,PO,nauczyciel,nauczyciel,nauczyciel,Edukacja i nauka,Edukacja i nauka
7,473,7-473,Irena Tomaszak-Zesiuk,PO,nauczyciel,nauczyciel,nauczyciel,Edukacja i nauka,Edukacja i nauka
7,324,7-324,Ireneusz Raś,PO,historyk,historyk,historyk,Edukacja i nauka,Edukacja i nauka
7,194,7-194,Iwona Kozłowska,PO,nauczyciel,nauczyciel,nauczyciel,Edukacja i nauka,Edukacja i nauka
7,215,7-215,Izabela Leszczyna,PO,nauczyciel konsultant,nauczyciel konsultant,nauczyciel konsultant,Edukacja i nauka,Edukacja i nauka
7,344,7-344,Jacek Sasin,PiS,historyk,historyk,historyk,Edukacja i nauka,Edukacja i nauka
7,418,7-418,Jadwiga Wiśniewska,PiS,pedagog,pedagog,pedagog,Edukacja i nauka,Edukacja i nauka
7,235,7-235,Jagna Marczułajtis-Walczak,PO,nauczyciel akademicki,nauczyciel akademicki,nauczyciel akademicki,Edukacja i nauka,Edukacja i nauka
7,163,7-163,Jan Kaźmierczak,PO,nauczyciel akademicki,nauczyciel akademicki,nauczyciel akademicki,Edukacja i nauka,Edukacja i nauka
7,508,7-508,Jan Kulas,PO,nauczyciel,nauczyciel,nauczyciel,Edukacja i nauka,Edukacja i nauka
7,482,7-482,Jan Rzymełka,PO,"geolog, nauczyciel akademicki",geolog,geolog,Edukacja i nauka,Edukacja i nauka
7,482,7-482,Jan Rzymełka,PO,"geolog, nauczyciel akademicki",nauczyciel akademicki,nauczyciel akademicki,Edukacja i nauka,Edukacja i nauka
7,388,7-388,Jan Szyszko,PiS,nauczyciel akademicki,nauczyciel akademicki,nauczyciel akademicki,Edukacja i nauka,Edukacja i nauka
7,57,7-57,Janusz Cichoń,PO,nauczyciel akademicki,nauczyciel akademicki,nauczyciel akademicki,Edukacja i nauka,Edukacja i nauka
7,285,7-285,Janusz Palikot,RP,filozof,filozof,filozof,Edukacja i nauka,Edukacja i nauka
7,110,7-110,Jarosław Gowin,ZP,nauczyciel akademicki,nauczyciel akademicki,nauczyciel akademicki,Edukacja i nauka,Edukacja i nauka
7,332,7-332,Jarosław Rusiecki,PiS,socjolog,socjolog,socjolog,Edukacja i nauka,Edukacja i nauka
7,498,7-498,Jarosław Stawiarski,PiS,historyk,historyk,historyk,Edukacja i nauka,Edukacja i nauka
7,464,7-464,Jarosław Tomasz Jagiełło,niez.,historyk,historyk,historyk,Edukacja i nauka,Edukacja i nauka
7,445,7-445,Jarosław Zieliński,PiS,nauczyciel,nauczyciel,nauczyciel,Edukacja i nauka,Edukacja i nauka
7,460,7-460,Jerzy Żyżyński,PiS,nauczyciel akademicki,nauczyciel akademicki,nauczyciel akademicki,Edukacja i nauka,Edukacja i nauka
7,86,7-86,Joanna Fabisiak,PO,nauczyciel akademicki,nauczyciel akademicki,nauczyciel akademicki,Edukacja i nauka,Edukacja i nauka
7,253,7-253,Joanna Mucha,PO,nauczyciel akademicki,nauczyciel akademicki,nauczyciel akademicki,Edukacja i nauka,Edukacja i nauka
7,106,7-106,John Abraham Godson,PSL,nauczyciel akademicki/menadżer,nauczyciel akademicki/menadżer,nauczyciel akademicki/menadżer,Edukacja i nauka,Edukacja i nauka
7,305,7-305,Julia Pitera,PO,polonista,polonista,polonista,Edukacja i nauka,Edukacja i nauka
7,132,7-132,Józefa Hrynkiewicz,PiS,nauczyciel akademicki,nauczyciel akademicki,nauczyciel akademicki,Edukacja i nauka,Edukacja i nauka
7,125,7-125,Katarzyna Hall,PO,nauczyciel,nauczyciel,nauczyciel,Edukacja i nauka,Edukacja i nauka
7,504,7-504,Katarzyna Stachowicz,PO,filolog,filolog,filolog,Edukacja i nauka,Edukacja i nauka
7,408,7-408,Kazimierz Michał Ujazdowski,PiS,nauczyciel akademicki,nauczyciel akademicki,nauczyciel akademicki,Edukacja i nauka,Edukacja i nauka
7,249,7-249,Kazimierz Moskal,PiS,nauczyciel,nauczyciel,nauczyciel,Edukacja i nauka,Edukacja i nauka
7,450,7-450,Kazimierz Ziobro,ZP,teolog,teolog,teolog,Edukacja i nauka,Edukacja i nauka
7,255,7-255,Killion Munyama,PO,nauczyciel akademicki,nauczyciel akademicki,nauczyciel akademicki,Edukacja i nauka,Edukacja i nauka
7,248,7-248,Konstanty Miodowicz,PO,etnograf,etnograf,etnograf,Edukacja i nauka,Edukacja i nauka
7,382,7-382,Krystyna Szumilas,PO,nauczyciel,nauczyciel,nauczyciel,Edukacja i nauka,Edukacja i nauka
7,226,7-226,Krystyna Łybacka,SLD,nauczyciel akademicki,nauczyciel akademicki,nauczyciel akademicki,Edukacja i nauka,Edukacja i nauka
7,217,7-217,Krzysztof Lipiec,PiS,nauczyciel,nauczyciel,nauczyciel,Edukacja i nauka,Edukacja i nauka
7,245,7-245,Krzysztof Michałkiewicz,PiS,socjolog,socjolog,socjolog,Edukacja i nauka,Edukacja i nauka
7,486,7-486,Krzysztof Sońta,PiS,nauczyciel,nauczyciel,nauczyciel,Edukacja i nauka,Edukacja i nauka
7,373,7-373,Krzysztof Szczerski,PiS,nauczyciel akademicki,nauczyciel akademicki,nauczyciel akademicki,Edukacja i nauka,Edukacja i nauka
7,361,7-361,Lech Sprawka,PiS,nauczyciel,nauczyciel,nauczyciel,Edukacja i nauka,Edukacja i nauka
7,5,7-5,Leszek Aleksandrzak,SLD,historyk,historyk,historyk,Edukacja i nauka,Edukacja i nauka
7,30,7-30,Leszek Blanik,PO,"nauczyciel akademicki,trener",nauczyciel akademicki,nauczyciel akademicki,Edukacja i nauka,Edukacja i nauka
7,299,7-299,Lucjan Marek Pietrzczyk,PO,nauczyciel,nauczyciel,nauczyciel,Edukacja i nauka,Edukacja i nauka
7,75,7-75,Ludwik Dorn,niez.,socjolog,socjolog,socjolog,Edukacja i nauka,Edukacja i nauka
7,233,7-233,Maciej Małecki,PiS,historyk,historyk,historyk,Edukacja i nauka,Edukacja i nauka
7,224,7-224,Maciej Łopiński,PiS,filolog,filolog,filolog,Edukacja i nauka,Edukacja i nauka
7,421,7-421,Marcin Witko,PiS,nauczyciel,nauczyciel,nauczyciel,Edukacja i nauka,Edukacja i nauka
7,203,7-203,Marek Krząkała,PO,nauczyciel,nauczyciel,nauczyciel,Edukacja i nauka,Edukacja i nauka
7,492,7-492,Marek Kwitek,PiS,nauczyciel,nauczyciel,nauczyciel,Edukacja i nauka,Edukacja i nauka
7,307,7-307,Marek Plura,PO,pedagog,pedagog,pedagog,Edukacja i nauka,Edukacja i nauka
7,316,7-316,Marek Poznański,niez.,archeolog,archeolog,archeolog,Edukacja i nauka,Edukacja i nauka
7,339,7-339,Marek Rząsa,PO,nauczyciel dyplomowany,nauczyciel dyplomowany,nauczyciel dyplomowany,Edukacja i nauka,Edukacja i nauka
7,426,7-426,Marek Wojtkowski,PO,nauczyciel akademicki,nauczyciel akademicki,nauczyciel akademicki,Edukacja i nauka,Edukacja i nauka
7,221,7-221,Marek Łatas,PiS,nauczyciel,nauczyciel,nauczyciel,Edukacja i nauka,Edukacja i nauka
7,264,7-264,Maria Nowak,PiS,matematyk,matematyk,matematyk,Edukacja i nauka,Edukacja i nauka
7,156,7-156,Mariusz Kamiński,PiS,historyk,historyk,historyk,Edukacja i nauka,Edukacja i nauka
7,146,7-146,Mariusz Orion Jędrysek,PiS,nauczyciel akademicki,nauczyciel akademicki,nauczyciel akademicki,Edukacja i nauka,Edukacja i nauka
7,432,7-432,Marzena Dorota Wróbel,niez.,nauczyciel,nauczyciel,nauczyciel,Edukacja i nauka,Edukacja i nauka
7,2,7-2,Małgorzata Adamczak,PO,nauczyciel,nauczyciel,nauczyciel,Edukacja i nauka,Edukacja i nauka
7,56,7-56,Małgorzata Chomycz,PO,filolog klasyczny,filolog klasyczny,filolog klasyczny,Edukacja i nauka,Edukacja i nauka
7,234,7-234,Małgorzata Marcinkiewicz,RP,chemik,chemik,chemik,Edukacja i nauka,Edukacja i nauka
7,488,7-488,Michał Stuligrosz,PO,geograf,geograf,geograf,Edukacja i nauka,Edukacja i nauka
7,288,7-288,Mirosław Pawlak,PSL,nauczyciel,nauczyciel,nauczyciel,Edukacja i nauka,Edukacja i nauka
7,308,7-308,Mirosław Pluta,PO,socjolog,socjolog,socjolog,Edukacja i nauka,Edukacja i nauka
7,287,7-287,Paweł Papke,PO,pedagog,pedagog,pedagog,Edukacja i nauka,Edukacja i nauka
7,17,7-17,Piotr Babinetz,PiS,"historyk,muzealnik",historyk,historyk,Edukacja i nauka,Edukacja i nauka
7,477,7-477,Piotr Krzysztof Ćwik,PiS,nauczyciel,nauczyciel,nauczyciel,Edukacja i nauka,Edukacja i nauka
7,256,7-256,Piotr Naimski,PiS,biochemik,biochemik,biochemik,Edukacja i nauka,Edukacja i nauka
7,23,7-23,Piotr Paweł Bauć,RP,pedagog,pedagog,pedagog,Edukacja i nauka,Edukacja i nauka
7,376,7-376,Piotr Szeliga,niez.,nauczyciel,nauczyciel,nauczyciel,Edukacja i nauka,Edukacja i nauka
7,417,7-417,Przemysław Wipler,niez.,"nauczyciel akademicki,prawnik",nauczyciel akademicki,nauczyciel akademicki,Edukacja i nauka,Edukacja i nauka
7,51,7-51,Renata Butryn,PO,nauczyciel,nauczyciel,nauczyciel,Edukacja i nauka,Edukacja i nauka
7,180,7-180,Robert Kołakowski,PiS,historyk,historyk,historyk,Edukacja i nauka,Edukacja i nauka
7,200,7-200,Robert Kropiwnicki,PO,nauczyciel akademicki,nauczyciel akademicki,nauczyciel akademicki,Edukacja i nauka,Edukacja i nauka
7,396,7-396,Ryszard Terlecki,PiS,historyk,historyk,historyk,Edukacja i nauka,Edukacja i nauka
7,439,7-439,Ryszard Zawadzki,PO,nauczyciel,nauczyciel,nauczyciel,Edukacja i nauka,Edukacja i nauka
7,133,7-133,Stanisław Huskowski,PO,fizyk,fizyk,fizyk,Edukacja i nauka,Edukacja i nauka
7,434,7-434,Stanisław Wziątek,SLD,nauczyciel,nauczyciel,nauczyciel,Edukacja i nauka,Edukacja i nauka
7,263,7-263,Stefan Niesiołowski,PO,biolog,biolog,biolog,Edukacja i nauka,Edukacja i nauka
7,365,7-365,Stefan Strzałkowski,PiS,nauczyciel,nauczyciel,nauczyciel,Edukacja i nauka,Edukacja i nauka
7,190,7-190,Sławomir Kowalski,PO,nauczyciel,nauczyciel,nauczyciel,Edukacja i nauka,Edukacja i nauka
7,174,7-174,Sławomir Kłosowski,PiS,nauczyciel,nauczyciel,nauczyciel,Edukacja i nauka,Edukacja i nauka
7,440,7-440,Sławomir Zawiślak,PiS,historyk,historyk,historyk,Edukacja i nauka,Edukacja i nauka
7,134,7-134,Tadeusz Iwiński,SLD,nauczyciel akademicki,nauczyciel akademicki,nauczyciel akademicki,Edukacja i nauka,Edukacja i nauka
7,430,7-430,Tadeusz Woźniak,ZP,historyk,historyk,historyk,Edukacja i nauka,Edukacja i nauka
7,95,7-95,Tomasz Garbowski,SLD,historyk,historyk,historyk,Edukacja i nauka,Edukacja i nauka
7,105,7-105,Tomasz Głogowski,PO,nauczyciel akademicki,nauczyciel akademicki,nauczyciel akademicki,Edukacja i nauka,Edukacja i nauka
7,150,7-150,Tomasz Kaczmarek,niez.,socjolog,socjolog,socjolog,Edukacja i nauka,Edukacja i nauka
7,158,7-158,Tomasz Kamiński,SLD,socjolog,socjolog,socjolog,Edukacja i nauka,Edukacja i nauka
7,465,7-465,Tomasz Kulesza,PO,nauczyciel,nauczyciel,nauczyciel,Edukacja i nauka,Edukacja i nauka
7,214,7-214,Tomasz Lenz,PO,historyk,historyk,historyk,Edukacja i nauka,Edukacja i nauka
7,357,7-357,Waldemar Sługocki,PO,"urzędnik, nauczyciel akademicki",nauczyciel akademicki,nauczyciel akademicki,Edukacja i nauka,Edukacja i nauka
7,267,7-267,Wanda Nowicka,niez.,filolożka klasyczna,filolożka klasyczna,filolożka klasyczna,Edukacja i nauka,Edukacja i nauka
7,366,7-366,Wiesław Suchowiejko,PO,nauczyciel,nauczyciel,nauczyciel,Edukacja i nauka,Edukacja i nauka
7,61,7-61,Witold Czarnecki,PiS,wykładowca akademicki,wykładowca akademicki,wykładowca akademicki,Edukacja i nauka,Edukacja i nauka
7,414,7-414,Witold Waszczykowski,PiS,nauczyciel akademicki - nauki humanistyczne,nauczyciel akademicki - nauki humanistyczne,nauczyciel akademicki - nauki humanistyczne,Edukacja i nauka,Edukacja i nauka
7,447,7-447,Wojciech Ziemniak,PO,nauczyciel wychowania fizycznego,nauczyciel wychowania fizycznego,nauczyciel wychowania fizycznego,Edukacja i nauka,Edukacja i nauka
7,25,7-25,Włodzimierz Bernacki,PiS,nauczyciel akademicki,nauczyciel akademicki,nauczyciel akademicki,Edukacja i nauka,Edukacja i nauka
7,160,7-160,Włodzimierz Karpiński,PO,chemik,chemik,chemik,Edukacja i nauka,Edukacja i nauka
7,73,7-73,Zbigniew Dolata,PiS,nauczyciel,nauczyciel,nauczyciel,Edukacja i nauka,Edukacja i nauka
7,102,7-102,Zbigniew Girzyński,niez.,wykładowca akademicki,wykładowca akademicki,wykładowca akademicki,Edukacja i nauka,Edukacja i nauka
7,207,7-207,Zbigniew Kuźmiuk,PiS,nauczyciel akademicki,nauczyciel akademicki,nauczyciel akademicki,Edukacja i nauka,Edukacja i nauka
7,282,7-282,Zbigniew Pacelt,PO,nauczyciel,nauczyciel,nauczyciel,Edukacja i nauka,Edukacja i nauka
7,338,7-338,Zbigniew Rynasiewicz,PO,historyk,historyk,historyk,Edukacja i nauka,Edukacja i nauka
7,360,7-360,Zbigniew Sosnowski,PSL,mgr historii,mgr historii,mgr historii,Edukacja i nauka,Edukacja i nauka
7,423,7-423,Zbigniew Włodkowski,PSL,nauczyciel,nauczyciel,nauczyciel,Edukacja i nauka,Edukacja i nauka
7,222,7-222,Zofia Ławrynowicz,PO,nauczyciel,nauczyciel,nauczyciel,Edukacja i nauka,Edukacja i nauka
7,325,7-325,Jerzy Rębek,PiS,administrator,administrator,administrator,Inne,Inne
7,516,7-516,Michał Dworczyk,PiS,zawodowy działacz org. pozarządowej,zawodowy działacz org. pozarządowej,zawodowy działacz org. pozarządowej,Inne,Inne
7,476,7-476,Przemysław Czarnecki,PiS,analityk ds bezpieczeństwa,analityk ds bezpieczeństwa,analityk ds bezpieczeństwa,Inne,Inne
7,479,7-479,Aldona Młyńczak,PO,architekt,architekt,architekt,Inżynieria i techniczne,Technika i IT
7,116,7-116,Aleksander Grad,PO,inżynier geodeta,inżynier geodeta,inżynier geodeta,Inżynieria i techniczne,Technika i IT
7,271,7-271,Alicja Olechowska,PO,inspektor nadzoru budowlanego,inspektor nadzoru budowlanego,inspektor nadzoru budowlanego,Inżynieria i techniczne,Technika i IT
7,66,7-66,Andrzej Czerwiński,PO,inżynier elektryk,inżynier elektryk,inżynier elektryk,Inżynieria i techniczne,Technika i IT
7,93,7-93,Andrzej Gałażewski,PO,inż. mechanik,inż. mechanik,inż. mechanik,Inżynieria i techniczne,Technika i IT
7,216,7-216,Andrzej Lewandowski,RP,inżynier mechanik,inżynier mechanik,inżynier mechanik,Inżynieria i techniczne,Technika i IT
7,293,7-293,Andrzej Piątak,niez.,inżynier elektronik,inżynier elektronik,inżynier elektronik,Inżynieria i techniczne,Technika i IT
7,78,7-78,Artur Dunin,PO,geodeta,geodeta,geodeta,Inżynieria i techniczne,Technika i IT
7,48,7-48,Bożenna Bukiewicz,PO,inż. mechanik,inż. mechanik,inż. mechanik,Inżynieria i techniczne,Technika i IT
7,24,7-24,Dariusz Bąk,PiS,inżynier leśnik,inżynier leśnik,inżynier leśnik,Inżynieria i techniczne,Technika i IT
7,297,7-297,Elżbieta Apolonia Pierzchała,PO,inżynier transportu kolejowego,inżynier transportu kolejowego,inżynier transportu kolejowego,Inżynieria i techniczne,Technika i IT
7,121,7-121,Eugeniusz Tomasz Grzeszczak,PSL,magister inżynier rolnik,magister inżynier rolnik,magister inżynier rolnik,Inżynieria i techniczne,Technika i IT
7,239,7-239,Grzegorz Matusiak,PiS,inżynier energetyk,inżynier energetyk,inżynier energetyk,Inżynieria i techniczne,Technika i IT
7,175,7-175,Henryk Kmiecik,PSL,mechanik,mechanik,mechanik,Inżynieria i techniczne,Technika i IT
7,462,7-462,Henryk Smolarz,PSL,inżynier rolnik,inżynier rolnik,inżynier rolnik,Inżynieria i techniczne,Technika i IT
7,34,7-34,Jacek Bogucki,PiS,inżynier mechanik,inżynier mechanik,inżynier mechanik,Inżynieria i techniczne,Technika i IT
7,209,7-209,Jacek Kwiatkowski,RP,technik elektromechanik,technik elektromechanik,technik elektromechanik,Inżynieria i techniczne,Technika i IT
7,52,7-52,Jan Cedzyński,SLD,inżynier budownictwa,inżynier budownictwa,inżynier budownictwa,Inżynieria i techniczne,Technika i IT
7,390,7-390,Janusz Śniadek,PiS,inżynier mechanik,inżynier mechanik,inżynier mechanik,Inżynieria i techniczne,Technika i IT
7,455,7-455,Jarosław Żaczek,KPSP,inżynier rolnictwa,inżynier rolnictwa,inżynier rolnictwa,Inżynieria i techniczne,Technika i IT
7,238,7-238,Jerzy Materna,PiS,inż. budownictwa lądowego,inż. budownictwa lądowego,inż. budownictwa lądowego,Inżynieria i techniczne,Technika i IT
7,378,7-378,Jerzy Szmit,PiS,geodeta,geodeta,geodeta,Inżynieria i techniczne,Technika i IT
7,212,7-212,Józef Lassota,PO,inżynier,inżynier,inżynier,Inżynieria i techniczne,Technika i IT
7,319,7-319,Józef Racki,PSL,inż. geodeta,inż. geodeta,inż. geodeta,Inżynieria i techniczne,Technika i IT
7,327,7-327,Józef Rojek,ZP,inżynier mechanik,inżynier mechanik,inżynier mechanik,Inżynieria i techniczne,Technika i IT
7,108,7-108,Kazimierz Gołojuch,PiS,inżynier mechanizacji rolnictwa,inżynier mechanizacji rolnictwa,inżynier mechanizacji rolnictwa,Inżynieria i techniczne,Technika i IT
7,306,7-306,Kazimierz Plocke,PO,inżynier rolnik,inżynier rolnik,inżynier rolnik,Inżynieria i techniczne,Technika i IT
7,280,7-280,Krystyna Ozga,PSL,inżynier rolnik,inżynier rolnik,inżynier rolnik,Inżynieria i techniczne,Technika i IT
7,352,7-352,Krystyna Sibińska,PO,inż. budownictwa,inż. budownictwa,inż. budownictwa,Inżynieria i techniczne,Technika i IT
7,91,7-91,Krzysztof Gadowski,PO,inżynier transportu,inżynier transportu,inżynier transportu,Inżynieria i techniczne,Technika i IT
7,148,7-148,Krzysztof Jurgiel,PiS,inżynier geodeta,inżynier geodeta,inżynier geodeta,Inżynieria i techniczne,Technika i IT
7,502,7-502,Krzysztof Maciejewski,PiS,inżynier mechanik,inżynier mechanik,inżynier mechanik,Inżynieria i techniczne,Technika i IT
7,313,7-313,Krzysztof Popiołek,ZP,inżynier elektryk,inżynier elektryk,inżynier elektryk,Inżynieria i techniczne,Technika i IT
7,394,7-394,Krzysztof Tchórzewski,PiS,elektryk,elektryk,elektryk,Inżynieria i techniczne,Technika i IT
7,362,7-362,Lidia Staroń,niez.,inżynier budownictwa,inżynier budownictwa,inżynier budownictwa,Inżynieria i techniczne,Technika i IT
7,167,7-167,Marcin Kierwiński,PO,mgr inż. elektronik,mgr inż. elektronik,mgr inż. elektronik,Inżynieria i techniczne,Technika i IT
7,18,7-18,Marek Balt,SLD,"ekonomista,inżynier",inżynier,inżynier,Inżynieria i techniczne,Technika i IT
7,310,7-310,Marek Polak,PiS,technik mechanik,technik mechanik,technik mechanik,Inżynieria i techniczne,Technika i IT
7,345,7-345,Marek Sawicki,PSL,inżynier rolnictwa,inżynier rolnictwa,inżynier rolnictwa,Inżynieria i techniczne,Technika i IT
7,452,7-452,Maria Zuba,PiS,inżynier elektryk,inżynier elektryk,inżynier elektryk,Inżynieria i techniczne,Technika i IT
7,283,7-283,Michał Tomasz Pacholski,PSL,geodeta,geodeta,geodeta,Inżynieria i techniczne,Technika i IT
7,425,7-425,Michał Wojtkiewicz,PiS,inżynier geodeta,inżynier geodeta,inżynier geodeta,Inżynieria i techniczne,Technika i IT
7,12,7-12,Paweł Arndt,PO,inżynier budownictwa,inżynier budownictwa,inżynier budownictwa,Inżynieria i techniczne,Technika i IT
7,55,7-55,Piotr Chmielowski,SLD,inżynier mechanik,inżynier mechanik,inżynier mechanik,Inżynieria i techniczne,Technika i IT
7,395,7-395,Robert Telus,PiS,inżynier środowiska,inżynier środowiska,inżynier środowiska,Inżynieria i techniczne,Technika i IT
7,4,7-4,Romuald Ajchler,SLD,technik rolnik,technik rolnik,technik rolnik,Inżynieria i techniczne,Technika i IT
7,92,7-92,Ryszard Galla,niez.,inżynier mechanik,inżynier mechanik,inżynier mechanik,Inżynieria i techniczne,Technika i IT
7,442,7-442,Ryszard Zbrzyzny,SLD,inż. górnik,inż. górnik,inż. górnik,Inżynieria i techniczne,Technika i IT
7,281,7-281,Stanisław Ożóg,PiS,inżynier geodeta,inżynier geodeta,inżynier geodeta,Inżynieria i techniczne,Technika i IT
7,458,7-458,Stanisław Żmijan,PO,inż. budownictwa,inż. budownictwa,inż. budownictwa,Inżynieria i techniczne,Technika i IT
7,84,7-84,Tadeusz Dziuba,PiS,inżynier technolog drewna,inżynier technolog drewna,inżynier technolog drewna,Inżynieria i techniczne,Technika i IT
7,131,7-131,Teresa Hoppe,PO,inżynier ogrodnik,inżynier ogrodnik,inżynier ogrodnik,Inżynieria i techniczne,Technika i IT
7,358,7-358,Tomasz Smolarz,PO,inżynier budownictwa,inżynier budownictwa,inżynier budownictwa,Inżynieria i techniczne,Technika i IT
7,168,7-168,Witold Klepacz,SLD,inżynier budownictwa,inżynier budownictwa,inżynier budownictwa,Inżynieria i techniczne,Technika i IT
7,54,7-54,Zbigniew Chmielowiec,PiS,inżynier inżynierii środowiska,inżynier inżynierii środowiska,inżynier inżynierii środowiska,Inżynieria i techniczne,Technika i IT
7,503,7-503,Jarosław Gromadzki,niez.,informatyk,informatyk,informatyk,IT,Technika i IT
7,85,7-85,Wincenty Elsner,SLD,informatyk,informatyk,informatyk,IT,Technika i IT
7,517,7-517,Andrzej Dołecki,RP,dziennikarz,dziennikarz,dziennikarz,Media i kultura,"Kultura, media i sport"
7,330,7-330,Andrzej Rozenek,BC,dziennikarz,dziennikarz,dziennikarz,Media i kultura,"Kultura, media i sport"
7,443,7-443,Bogdan Zdrojewski,PO,kulturoznawca,kulturoznawca,kulturoznawca,Media i kultura,"Kultura, media i sport"
7,68,7-68,Eugeniusz Czykwin,SLD,dziennikarz,dziennikarz,dziennikarz,Media i kultura,"Kultura, media i sport"
7,493,7-493,Ewa Czeszejko-Sochacka,PO,menedżer kultury,menedżer kultury,menedżer kultury,Media i kultura,"Kultura, media i sport"
7,331,7-331,Halina Rozpondek,PO,bibliotekoznawca,bibliotekoznawca,bibliotekoznawca,Media i kultura,"Kultura, media i sport"
7,389,7-389,Iwona Śledzińska-Katarasińska,PO,dziennikarz,dziennikarz,dziennikarz,Media i kultura,"Kultura, media i sport"
7,400,7-400,Jan Tomaszewski,PO,komentator sportowy,komentator sportowy,komentator sportowy,Media i kultura,"Kultura, media i sport"
7,88,7-88,Jerzy Fedorowicz,PO,aktor,aktor,aktor,Media i kultura,"Kultura, media i sport"
7,415,7-415,Jerzy Wenderlich,SLD,dziennikarz,dziennikarz,dziennikarz,Media i kultura,"Kultura, media i sport"
7,170,7-170,Joanna Kluzik-Rostkowska,PO,dziennikarka,dziennikarka,dziennikarka,Media i kultura,"Kultura, media i sport"
7,144,7-144,Leszek Jastrzębski,PO,dziennikarz,dziennikarz,dziennikarz,Media i kultura,"Kultura, media i sport"
7,176,7-176,Magdalena Kochan,PO,mgr sztuki,mgr sztuki,mgr sztuki,Media i kultura,"Kultura, media i sport"
7,166,7-166,Małgorzata Kidawa-Błońska,PO,producent filmowy,producent filmowy,producent filmowy,Media i kultura,"Kultura, media i sport"
7,17,7-17,Piotr Babinetz,PiS,"historyk,muzealnik",muzealnik,muzealnik,Media i kultura,"Kultura, media i sport"
7,407,7-407,Robert Tyszkiewicz,PO,wydawca,wydawca,wydawca,Media i kultura,"Kultura, media i sport"
7,188,7-188,Roman Kotliński,niez.,dziennikarz,dziennikarz,dziennikarz,Media i kultura,"Kultura, media i sport"
7,14,7-14,Urszula Augustyn,PO,dziennikarz,dziennikarz,dziennikarz,Media i kultura,"Kultura, media i sport"
7,129,7-129,Adam Hofman,niez.,politolog,politolog,politolog,Polityka,Polityka
7,218,7-218,Adam Lipiński,PiS,parlamentarzysta,parlamentarzysta,parlamentarzysta,Polityka,Polityka
7,312,7-312,Agnieszka Pomaska,PO,politolog,politolog,politolog,Polityka,Polityka
7,3,7-3,Andrzej Adamczyk,PiS,polityk,polityk,polityk,Polityka,Polityka
7,49,7-49,Andrzej Buła,PO,parlamentarzysta,parlamentarzysta,parlamentarzysta,Polityka,Polityka
7,437,7-437,Anna Zalewska,PiS,parlamentarzysta,parlamentarzysta,parlamentarzysta,Polityka,Polityka
7,244,7-244,Antoni Mężydło,PO,poseł na Sejm,poseł na Sejm,poseł na sejm,Polityka,Polityka
7,254,7-254,Arkadiusz Mularczyk,ZP,parlamentarzysta,parlamentarzysta,parlamentarzysta,Polityka,Polityka
7,89,7-89,Arkady Fiedler,PO,poseł na Sejm RP,poseł na Sejm RP,poseł na sejm rp,Polityka,Polityka
7,101,7-101,Artur Gierada,PO,politolog,politolog,politolog,Polityka,Polityka
7,277,7-277,Artur Ostrowski,SLD,nauczyciel politolog,nauczyciel politolog,nauczyciel politolog,Polityka,Polityka
7,232,7-232,Beata Małecka-Libera,PO,parlamentarzysta,parlamentarzysta,parlamentarzysta,Polityka,Polityka
7,403,7-403,Cezary Tomczyk,PO,politolog,politolog,politolog,Polityka,Polityka
7,298,7-298,Danuta Pietraszewska,PO,poseł na Sejm RP,poseł na Sejm RP,poseł na sejm rp,Polityka,Polityka
7,136,7-136,Dawid Jackiewicz,PiS,politolog,politolog,politolog,Polityka,Polityka
7,67,7-67,Edward Czesak,PiS,parlamentarzysta,parlamentarzysta,parlamentarzysta,Polityka,Polityka
7,351,7-351,Edward Siarka,ZP,parlamentarzysta,parlamentarzysta,parlamentarzysta,Polityka,Polityka
7,420,7-420,Elżbieta Witek,PiS,parlamentarzysta,parlamentarzysta,parlamentarzysta,Polityka,Polityka
7,171,7-171,Eugeniusz Kłopotek,PSL,poseł na Sejm RP,poseł na Sejm RP,poseł na sejm rp,Polityka,Polityka
7,181,7-181,Ewa Kołodziej,PO,politolog,politolog,politolog,Polityka,Polityka
7,230,7-230,Ewa Malik,PiS,parlamentarzysta,parlamentarzysta,parlamentarzysta,Polityka,Polityka
7,258,7-258,Grzegorz Napieralski,BC,politolog,politolog,politolog,Polityka,Polityka
7,346,7-346,Grzegorz Schetyna,PO,parlamentarzysta,parlamentarzysta,parlamentarzysta,Polityka,Polityka
7,9,7-9,Iwona Ewa Arent,PiS,politolog,politolog,politolog,Polityka,Polityka
7,123,7-123,Iwona Guzowska,PO,parlamentarzysta,parlamentarzysta,parlamentarzysta,Polityka,Polityka
7,64,7-64,Jacek Czerniak,SLD,politolog,politolog,politolog,Polityka,Polityka
7,87,7-87,Jacek Falfus,PiS,Poseł na Sejm RP,Poseł na Sejm RP,poseł na sejm rp,Polityka,Polityka
7,278,7-278,Jacek Osuch,PiS,parlamentarzysta,parlamentarzysta,parlamentarzysta,Polityka,Polityka
7,436,7-436,Jadwiga Zakrzewska,PO,poseł na Sejm RP,poseł na Sejm RP,poseł na sejm rp,Polityka,Polityka
7,334,7-334,Jakub Rutnicki,PO,politolog,politolog,politolog,Polityka,Polityka
7,81,7-81,Jan Dziedziczak,PiS,politolog,politolog,politolog,Polityka,Polityka
7,82,7-82,Janusz Dzięcioł,PO,poseł na Sejm,poseł na Sejm,poseł na sejm,Polityka,Polityka
7,53,7-53,Jarosław Charłampowicz,PO,politolog,politolog,politolog,Polityka,Polityka
7,152,7-152,Jarosław Kaczyński,PiS,poseł na sejm RP,poseł na sejm RP,poseł na sejm rp,Polityka,Polityka
7,300,7-300,Jarosław Pięta,PO,parlamentarzysta,parlamentarzysta,parlamentarzysta,Polityka,Polityka
7,38,7-38,Jerzy Borowczak,PO,parlamentarzysta,parlamentarzysta,parlamentarzysta,Polityka,Polityka
7,42,7-42,Joachim Brudziński,PiS,politolog,politolog,politolog,Polityka,Polityka
7,240,7-240,Katarzyna Matusik-Lipiec,PO,poseł,poseł,poseł,Polityka,Polityka
7,199,7-199,Leonard Krasulski,PiS,poseł na Sejm Rzeczypospolitej Polskiej,poseł na Sejm Rzeczypospolitej Polskiej,poseł na sejm rzeczypospolitej polskiej,Polityka,Polityka
7,72,7-72,Leszek Dobrzyński,PiS,politolog,politolog,politolog,Polityka,Polityka
7,186,7-186,Leszek Korzeniowski,PO,parlamentarzysta,parlamentarzysta,parlamentarzysta,Polityka,Polityka
7,246,7-246,Leszek Miller,SLD,politolog,politolog,politolog,Polityka,Polityka
7,205,7-205,Marek Kuchciński,PiS,parlamentarzysta,parlamentarzysta,parlamentarzysta,Polityka,Polityka
7,274,7-274,Marek Opioła,PiS,poseł,poseł,poseł,Polityka,Polityka
7,364,7-364,Marek Stolarski,SLD,politolog,politolog,politolog,Polityka,Polityka
7,367,7-367,Marek Suski,PiS,poseł,poseł,poseł,Polityka,Polityka
7,419,7-419,Mariusz Witczak,PO,politolog,politolog,politolog,Polityka,Polityka
7,227,7-227,Marzena Machałek,PiS,parlamentarzysta,parlamentarzysta,parlamentarzysta,Polityka,Polityka
7,269,7-269,Marzena Okła-Drewnowicz,PO,poseł na Sejm RP,poseł na Sejm RP,poseł na sejm rp,Polityka,Polityka
7,372,7-372,Michał Szczerba,PO,poseł na Sejm RP,poseł na Sejm RP,poseł na sejm rp,Polityka,Polityka
7,369,7-369,Miron Sycz,PO,poseł na Sejm RP,poseł na Sejm RP,poseł na sejm rp,Polityka,Polityka
7,137,7-137,Patryk Jaki,ZP,politolog,politolog,politolog,Polityka,Polityka
7,118,7-118,Paweł Graś,PO,politolog,politolog,politolog,Polityka,Polityka
7,478,7-478,Piotr Król,PiS,politolog,politolog,politolog,Polityka,Polityka
7,318,7-318,Piotr Pyzik,PiS,politolog,politolog,politolog,Polityka,Polityka
7,354,7-354,Radosław Sikorski,PO,politolog,politolog,politolog,Polityka,Polityka
7,120,7-120,Rafał Grupiński,PO,poseł na Sejm RP,poseł na Sejm RP,poseł na sejm rp,Polityka,Polityka
7,438,7-438,Renata Zaremba,PO,politolog,politolog,politolog,Polityka,Polityka
7,27,7-27,Robert Biedroń,TR,politolog,politolog,politolog,Polityka,Polityka
7,151,7-151,Roman Kaczor,PO,parlamentarzysta,parlamentarzysta,parlamentarzysta,Polityka,Polityka
7,211,7-211,Stanisław Lamczyk,PO,politolog,politolog,politolog,Polityka,Polityka
7,301,7-301,Stanisław Pięta,PiS,Poseł na Sejm RP,Poseł na Sejm RP,poseł na sejm rp,Polityka,Polityka
7,383,7-383,Stanisław Szwed,PiS,Poseł na Sejm RP,Poseł na Sejm RP,poseł na sejm rp,Polityka,Polityka
7,103,7-103,Szymon Giżyński,PiS,poseł,poseł,poseł,Polityka,Polityka
7,265,7-265,Sławomir Nowak,niez.,politolog,politolog,politolog,Polityka,Polityka
7,140,7-140,Tadeusz Jarmuziewicz,PO,parlamentarzysta,parlamentarzysta,parlamentarzysta,Polityka,Polityka
7,304,7-304,Teresa Piotrowska,PO,poseł na Sejm RP,poseł na Sejm RP,poseł na sejm rp,Polityka,Polityka
7,266,7-266,Tomasz Piotr Nowak,PO,poseł na Sejm RP,poseł na Sejm RP,poseł na sejm rp,Polityka,Polityka
7,404,7-404,Tomasz Tomczykiewicz,PO,Poseł na Sejm RP,Poseł na Sejm RP,poseł na sejm rp,Polityka,Polityka
7,83,7-83,Waldy Dzikowski,PO,poseł na Sejm RP,poseł na Sejm RP,poseł na sejm rp,Polityka,Polityka
7,138,7-138,Wiesław Janczyk,PiS,parlamentarzysta,parlamentarzysta,parlamentarzysta,Polityka,Polityka
7,343,7-343,Wojciech Saługa,PO,parlamentarzysta,parlamentarzysta,parlamentarzysta,Polityka,Polityka
7,435,7-435,Zbyszek Zaborowski,SLD,politolog,politolog,politolog,Polityka,Polityka
7,100,7-100,Łukasz Gibała,niez.,poseł,poseł,poseł,Polityka,Polityka
7,326,7-326,Adam Rogacki,niez.,prawnik,prawnik,prawnik,Prawo,Prawo
7,375,7-375,Adam Szejnfeld,PO,prawnik,prawnik,prawnik,Prawo,Prawo
7,466,7-466,Adam Żyliński,PO,administratywista,administratywista,administratywista,Prawo,Prawo
7,126,7-126,Agnieszka Hanajczyk,PO,prawnik,prawnik,prawnik,Prawo,Prawo
7,70,7-70,Andrzej Dera,ZP,prawnik,prawnik,prawnik,Prawo,Prawo
7,328,7-328,Andrzej Romanek,ZP,radca prawny,radca prawny,radca prawny,Prawo,Prawo
7,206,7-206,Barbara Kudrycka,PO,prawnik,prawnik,prawnik,Prawo,Prawo
7,191,7-191,Bartosz Kownacki,PiS,adwokat,adwokat,adwokat,Prawo,Prawo
7,164,7-164,Beata Kempa,ZP,prawnik,prawnik,prawnik,Prawo,Prawo
7,393,7-393,Bogdan Święczkowski,,prokurator,prokurator,prokurator,Prawo,Prawo
7,46,7-46,Borys Budka,PO,"nauczyciel akademicki, radca prawny",radca prawny,radca prawny,Prawo,Prawo
7,385,7-385,Bożena Szydłowska,PO,doradca podatkowy,doradca podatkowy,doradca podatkowy,Prawo,Prawo
7,177,7-177,Brygida Kolenda-Łabuś,PO,prawnik,prawnik,prawnik,Prawo,Prawo
7,115,7-115,Cezary Grabarczyk,PO,adwokat,adwokat,adwokat,Prawo,Prawo
7,250,7-250,Czesław Mroczek,PO,prawnik,prawnik,prawnik,Prawo,Prawo
7,320,7-320,Damian Raczkowski,PO,prawnik,prawnik,prawnik,Prawo,Prawo
7,21,7-21,Dariusz Barski,,prokurator,prokurator,prokurator,Prawo,Prawo
7,349,7-349,Dariusz Seliga,PiS,administratywista,administratywista,administratywista,Prawo,Prawo
7,500,7-500,Grzegorz Karpiński,PO,radca prawny,radca prawny,radca prawny,Prawo,Prawo
7,402,7-402,Jacek Tomczak,PO,notariusz,notariusz,notariusz,Prawo,Prawo
7,456,7-456,Jacek Żalek,ZP,prawnik,prawnik,prawnik,Prawo,Prawo
7,50,7-50,Jan Bury,PSL,prawnik,prawnik,prawnik,Prawo,Prawo
7,47,7-47,Jerzy Budnik,niez.,administratywista,administratywista,administratywista,Prawo,Prawo
7,193,7-193,Jerzy Kozdroń,PO,prawnik,prawnik,prawnik,Prawo,Prawo
7,309,7-309,Jerzy Polaczek,PiS,prawnik,prawnik,prawnik,Prawo,Prawo
7,454,7-454,Józef Zych,PSL,prawnik,prawnik,prawnik,Prawo,Prawo
7,485,7-485,Kazimierz Smoliński,PiS,adwokat,adwokat,adwokat,Prawo,Prawo
7,290,7-290,Krystyna Pawłowicz,PiS,prawnik,prawnik,prawnik,Prawo,Prawo
7,41,7-41,Krzysztof Brejza,PO,prawnik,prawnik,prawnik,Prawo,Prawo
7,210,7-210,Krzysztof Kwiatkowski,PO,prawnik,prawnik,prawnik,Prawo,Prawo
7,197,7-197,Maks Kraczkowski,PiS,prawnik,prawnik,prawnik,Prawo,Prawo
7,13,7-13,Marek Ast,PiS,"pracownik samorządowy,radca prawny, urzędnik państwowy",radca prawny,radca prawny,Prawo,Prawo
7,28,7-28,Marek Biernacki,PO,prawnik,prawnik,prawnik,Prawo,Prawo
7,431,7-431,Marek Wójcik,PO,prawnik,prawnik,prawnik,Prawo,Prawo
7,157,7-157,Mariusz Antoni Kamiński,niez.,prawnik,prawnik,prawnik,Prawo,Prawo
7,341,7-341,Małgorzata Sadurska,PiS,prawnik,prawnik,prawnik,Prawo,Prawo
7,348,7-348,Małgorzata Sekuła-Szmajdzińska,SLD,adwokat,adwokat,adwokat,Prawo,Prawo
7,149,7-149,Michał Kabaciński,RP,prawnik,prawnik,prawnik,Prawo,Prawo
7,417,7-417,Przemysław Wipler,niez.,"nauczyciel akademicki,prawnik",prawnik,prawnik,Prawo,Prawo
7,494,7-494,Robert Maciaszek,PO,"prawnik, menadżer",prawnik,prawnik,Prawo,Prawo
7,154,7-154,Ryszard Kalisz,niez.,adwokat,adwokat,adwokat,Prawo,Prawo
7,489,7-489,Stanisław Chmielewski,PO,radca prawny,radca prawny,radca prawny,Prawo,Prawo
7,303,7-303,Stanisław Piotrowicz,PiS,prokurator,prokurator,prokurator,Prawo,Prawo
7,317,7-317,Stanisława Prządka,SLD,prawnik,prawnik,prawnik,Prawo,Prawo
7,296,7-296,Sławomir Jan Piechota,PO,radca prawny,radca prawny,radca prawny,Prawo,Prawo
7,336,7-336,Sławomir Rybicki,PO,prawnik,prawnik,prawnik,Prawo,Prawo
7,506,7-506,Urszula Pasławska,PSL,prawnik,prawnik,prawnik,Prawo,Prawo
7,284,7-284,Witold Pahl,PO,radca prawny,radca prawny,radca prawny,Prawo,Prawo
7,143,7-143,Wojciech Jasiński,PiS,prawnik,prawnik,prawnik,Prawo,Prawo
7,371,7-371,Wojciech Szarama,PiS,prawnik,prawnik,prawnik,Prawo,Prawo
7,241,7-241,Zbigniew Matuszczak,SLD,prawnik,prawnik,prawnik,Prawo,Prawo
7,79,7-79,Zenon Durka,PO,prawnik,prawnik,prawnik,Prawo,Prawo
7,314,7-314,Zofia Popiołek,RP,administratywista,administratywista,administratywista,Prawo,Prawo
7,441,7-441,Łukasz Zbonikowski,PiS,prawnik,prawnik,prawnik,Prawo,Prawo
7,380,7-380,Andrzej Sztorc,PSL,"rolnik, przedsiębiorca",rolnik,rolnik,Rolnictwo i środowisko,Inne
7,35,7-35,Edmund Borawski,PSL,technolog żywności,technolog żywności,technolog żywności,Rolnictwo i środowisko,Inne
7,8,7-8,Jan Krzysztof Ardanowski,PiS,rolnik,rolnik,rolnik,Rolnictwo i środowisko,Inne
7,223,7-223,Jan Łopata,PSL,inż rolnik,inż rolnik,inż rolnik,Rolnictwo i środowisko,Inne
7,483,7-483,Jerzy Sądel,PiS,leśnik,leśnik,leśnik,Rolnictwo i środowisko,Inne
7,515,7-515,Krzysztof Głuchowski,PiS,rolnik,rolnik,rolnik,Rolnictwo i środowisko,Inne
7,231,7-231,Mirosław Maliszewski,PSL,rolnik/ogrodnik,rolnik/ogrodnik,rolnik/ogrodnik,Rolnictwo i środowisko,Inne
7,311,7-311,Piotr Polak,PiS,rolnik,rolnik,rolnik,Rolnictwo i środowisko,Inne
7,411,7-411,Piotr Walkowski,PSL,inż. zootechnik,inż. zootechnik,inż. zootechnik,Rolnictwo i środowisko,Inne
7,153,7-153,Stanisław Kalemba,PSL,inż. rolnik,inż. rolnik,inż. rolnik,Rolnictwo i środowisko,Inne
7,457,7-457,Stanisław Żelichowski,PSL,leśnik,leśnik,leśnik,Rolnictwo i środowisko,Inne
7,289,7-289,Waldemar Pawlak,PSL,rolnik,rolnik,rolnik,Rolnictwo i środowisko,Inne
7,30,7-30,Leszek Blanik,PO,"nauczyciel akademicki,trener",trener,trener,Sport i fitness,"Kultura, media i sport"
7,446,7-446,Maciej Zieliński,PO,koszykarz,koszykarz,koszykarz,Sport i fitness,"Kultura, media i sport"
7,187,7-187,Roman Jacek Kosecki,PO,trener piłkarski,trener piłkarski,trener piłkarski,Sport i fitness,"Kultura, media i sport"
7,409,7-409,Piotr Van der Coghen,PO,ratownik górski,ratownik górski,ratownik górski,Służby mundurowe,Sektor publiczny i służby
7,69,7-69,Alicja Dąbrowska,PO,lekarz,lekarz,lekarz,Zdrowie,Zdrowie
7,40,7-40,Artur Bramora,PSL,optyk,optyk,optyk,Zdrowie,Zdrowie
7,60,7-60,Barbara Czaplicka,PO,lekarz,lekarz,lekarz,Zdrowie,Zdrowie
7,11,7-11,Bartosz Arłukowicz,PO,lekarz,lekarz,lekarz,Zdrowie,Zdrowie
7,294,7-294,Bolesław Grzegorz Piecha,PiS,lekarz medycyny,lekarz medycyny,lekarz medycyny,Zdrowie,Zdrowie
7,63,7-63,Czesław Czechyra,PO,lekarz,lekarz,lekarz,Zdrowie,Zdrowie
7,128,7-128,Czesław Hoc,PiS,lekarz medycyny,lekarz medycyny,lekarz medycyny,Zdrowie,Zdrowie
7,513,7-513,Daniela Chrapkiewicz,PiS,lekarz,lekarz,lekarz,Zdrowie,Zdrowie
7,80,7-80,Dariusz Cezar Dziadzio,PSL,fizjoterapeuta,fizjoterapeuta,fizjoterapeuta,Zdrowie,Zdrowie
7,261,7-261,Dorota Niedziela,PO,lekarz weterynarii,lekarz weterynarii,lekarz weterynarii,Zdrowie,Zdrowie
7,321,7-321,Elżbieta Radziszewska,PO,lekarz medycyny,lekarz medycyny,lekarz medycyny,Zdrowie,Zdrowie
7,183,7-183,Ewa Kopacz,PO,lekarz,lekarz,lekarz,Zdrowie,Zdrowie
7,379,7-379,Grzegorz Sztolcman,PO,lekarz medycyny,lekarz medycyny,lekarz medycyny,Zdrowie,Zdrowie
7,510,7-510,Halina Olendzka,PiS,lekarz,lekarz,lekarz,Zdrowie,Zdrowie
7,387,7-387,Halina Szymiec-Raczyńska,PSL,lekarz,lekarz,lekarz,Zdrowie,Zdrowie
7,270,7-270,Janina Okrągły,PO,lekarz medycyny,lekarz medycyny,lekarz medycyny,Zdrowie,Zdrowie
7,162,7-162,Jarosław Katulski,PO,lekarz,lekarz,lekarz,Zdrowie,Zdrowie
7,448,7-448,Jerzy Ziętek,niez.,lekarz ginekolog,lekarz ginekolog,lekarz ginekolog,Zdrowie,Zdrowie
7,374,7-374,Jolanta Szczypińska,PiS,pielęgniarka dyplomowana,pielęgniarka dyplomowana,pielęgniarka dyplomowana,Zdrowie,Zdrowie
7,97,7-97,Lidia Gądek,PO,lekarz medycyny,lekarz medycyny,lekarz medycyny,Zdrowie,Zdrowie
7,198,7-198,Ligia Krajewska,PO,psycholog,psycholog,psycholog,Zdrowie,Zdrowie
7,276,7-276,Maciej Orzechowski,PO,lekarz ginekolog,lekarz ginekolog,lekarz ginekolog,Zdrowie,Zdrowie
7,130,7-130,Marek Hok,PO,lekarz,lekarz,lekarz,Zdrowie,Zdrowie
7,247,7-247,Rajmund Miller,PO,lekarz medycyny,lekarz medycyny,lekarz medycyny,Zdrowie,Zdrowie
7,497,7-497,Tadeusz Naguszewski,PO,lekarz,lekarz,lekarz,Zdrowie,Zdrowie
7,213,7-213,Tomasz Latos,PiS,lekarz,lekarz,lekarz,Zdrowie,Zdrowie
8,499,8-499,Adam Śnieżek,PiS,specjalista spraw socjalnych,specjalista spraw socjalnych,specjalista spraw socjalnych,Administracja publiczna,Sektor publiczny i służby
8,165,8-165,Agnieszka Kołacz-Leszczyńska,PO-KO,przedstawiciel władzy samorządowej,przedstawiciel władzy samorządowej,przedstawiciel władzy samorządowej,Administracja publiczna,Sektor publiczny i służby
8,192,8-192,Andrzej Kryj,PiS,urzędnik samorządowy,urzędnik samorządowy,urzędnik samorządowy,Administracja publiczna,Sektor publiczny i służby
8,345,8-345,Anna Maria Siarkowska,PiS,specjalista ds. planowania obronnego,specjalista ds. planowania obronnego,specjalista ds. planowania obronnego,Administracja publiczna,Sektor publiczny i służby
8,356,8-356,Artur Soboń,PiS,pracownik samorządowy,pracownik samorządowy,pracownik samorządowy,Administracja publiczna,Sektor publiczny i służby
8,50,8-50,Barbara Chrobak,Kukiz15,urzędnik,urzędnik,urzędnik,Administracja publiczna,Sektor publiczny i służby
8,467,8-467,Bartłomiej Stawiarski,PiS,"historyk, urzędnik samorządowy",urzędnik samorządowy,urzędnik samorządowy,Administracja publiczna,Sektor publiczny i służby
8,238,8-238,Beata Mateusiak-Pielucha,PiS,pracownik samorządowy,pracownik samorządowy,pracownik samorządowy,Administracja publiczna,Sektor publiczny i służby
8,196,8-196,Dariusz Kubiak,PiS,samorządowiec,samorządowiec,samorządowiec,Administracja publiczna,Sektor publiczny i służby
8,363,8-363,Dariusz Starzycki,PiS,urzędnik samorządowy,urzędnik samorządowy,urzędnik samorządowy,Administracja publiczna,Sektor publiczny i służby
8,210,8-210,Gabriela Lenartowicz,PO-KO,wyższy urzędnik państwowy,wyższy urzędnik państwowy,wyższy urzędnik państwowy,Administracja publiczna,Sektor publiczny i służby
8,482,8-482,Grzegorz Lipiec,PO-KO,urzędnik samorządowy; politolog,urzędnik samorządowy,urzędnik samorządowy,Administracja publiczna,Sektor publiczny i służby
8,477,8-477,Grzegorz Lorek,PiS,pracownik samorządowy,pracownik samorządowy,pracownik samorządowy,Administracja publiczna,Sektor publiczny i służby
8,481,8-481,Iwona Krawczyk,PO-KO,"urzędnik samorządowy, menedżer",urzędnik samorządowy,urzędnik samorządowy,Administracja publiczna,Sektor publiczny i służby
8,114,8-114,Jan Grabiec,PO-KO,urzędnik państwowy,urzędnik państwowy,urzędnik państwowy,Administracja publiczna,Sektor publiczny i służby
8,309,8-309,Jarosław Porwich,niez.,specjalista administracji publicznej,specjalista administracji publicznej,specjalista administracji publicznej,Administracja publiczna,Sektor publiczny i służby
8,202,8-202,Józef Kurek,,wyższy urzędnik państwowy,wyższy urzędnik państwowy,wyższy urzędnik państwowy,Administracja publiczna,Sektor publiczny i służby
8,475,8-475,Kamil Bortniczuk,PiS,"menedżer, prawnik, urzędnik państwowy",urzędnik państwowy,urzędnik państwowy,Administracja publiczna,Sektor publiczny i służby
8,118,8-118,Kazimierz Gwiazdowski,PiS,pracownik samorządowy,pracownik samorządowy,pracownik samorządowy,Administracja publiczna,Sektor publiczny i służby
8,178,8-178,Kazimierz Kotowski,PSL-KP,pracownik samorządowy,pracownik samorządowy,pracownik samorządowy,Administracja publiczna,Sektor publiczny i służby
8,138,8-138,Krystian Jarubas,PSL-KP,pracownik samorządowy,pracownik samorządowy,pracownik samorządowy,Administracja publiczna,Sektor publiczny i służby
8,31,8-31,Mariusz Błaszczak,PiS,urzędnik państwowy,urzędnik państwowy,urzędnik państwowy,Administracja publiczna,Sektor publiczny i służby
8,493,8-493,Michał Jan Mazowiecki,PSL-KP,urzędnik administracji państwowej,urzędnik administracji państwowej,urzędnik administracji państwowej,Administracja publiczna,Sektor publiczny i służby
8,25,8-25,Paweł Bejda,PSL-KP,pracownik administracji samorządowej,pracownik administracji samorządowej,pracownik administracji samorządowej,Administracja publiczna,Sektor publiczny i służby
8,147,8-147,Piotr Kaleta,PiS,urzędnik samorządowy,urzędnik samorządowy,urzędnik samorządowy,Administracja publiczna,Sektor publiczny i służby
8,486,8-486,Piotr Müller,PiS,"prawnik, urzędnik państwowy",urzędnik państwowy,urzędnik państwowy,Administracja publiczna,Sektor publiczny i służby
8,449,8-449,Piotr Zgorzelski,PSL-KP,pracownik samorządowy,pracownik samorządowy,pracownik samorządowy,Administracja publiczna,Sektor publiczny i służby
8,498,8-498,Roman Sasin,PiS,pracownik samorządowy,pracownik samorządowy,pracownik samorządowy,Administracja publiczna,Sektor publiczny i służby
8,21,8-21,Ryszard Bartosik,PiS,samorządowiec,samorządowiec,samorządowiec,Administracja publiczna,Sektor publiczny i służby
8,423,8-423,Ryszard Wilczyński,PO-KO,wyższy urzędnik państwowy,wyższy urzędnik państwowy,wyższy urzędnik państwowy,Administracja publiczna,Sektor publiczny i służby
8,408,8-408,Sylwester Tułajew,PiS,pracownik samorządowy,pracownik samorządowy,pracownik samorządowy,Administracja publiczna,Sektor publiczny i służby
8,389,8-389,Szymon Szynkowski vel Sęk,PiS,samorządowiec,samorządowiec,samorządowiec,Administracja publiczna,Sektor publiczny i służby
8,176,8-176,Tomasz Kostuś,PO-KO,wyższy urzędnik samorządowy,wyższy urzędnik samorządowy,wyższy urzędnik samorządowy,Administracja publiczna,Sektor publiczny i służby
8,198,8-198,Tomasz Kucharski,PO-KO,urzędnik samorządowy,urzędnik samorządowy,urzędnik samorządowy,Administracja publiczna,Sektor publiczny i służby
8,189,8-189,Wojciech Król,PO-KO,pracownik administracji,pracownik administracji,pracownik administracji,Administracja publiczna,Sektor publiczny i służby
8,426,8-426,Wojciech Wilk,PO,urzędnik państwowy,urzędnik państwowy,urzędnik państwowy,Administracja publiczna,Sektor publiczny i służby
8,342,8-342,Łukasz Schreiber,PiS,pracownik samorządowy,pracownik samorządowy,pracownik samorządowy,Administracja publiczna,Sektor publiczny i służby
8,503,8-503,Adam Kałaska,PiS,przedsiębiorca prywatny,przedsiębiorca prywatny,przedsiębiorca prywatny,Biznes i finanse,Biznes i finanse
8,217,8-217,Adam Lipiński,PiS,ekonomista,ekonomista,ekonomista,Biznes i finanse,Biznes i finanse
8,36,8-36,Agata Borowiec,PiS,"prawnik, ekonomista",ekonomista,ekonomista,Biznes i finanse,Biznes i finanse
8,502,8-502,Agnieszka Soin,PiS,manager,manager,manager,Biznes i finanse,Biznes i finanse
8,95,8-95,Andrzej Gawron,PiS,przedsiębiorca,przedsiębiorca,przedsiębiorca,Biznes i finanse,Biznes i finanse
8,119,8-119,Andrzej Halicki,PO-KO,ekonomista,ekonomista,ekonomista,Biznes i finanse,Biznes i finanse
8,141,8-141,Andrzej Jaworski,PiS,menadżer,menadżer,menadżer,Biznes i finanse,Biznes i finanse
8,162,8-162,Andrzej Kobylarz,Kukiz15,przedsiębiorca,przedsiębiorca,przedsiębiorca,Biznes i finanse,Biznes i finanse
8,177,8-177,Andrzej Kosztowniak,PiS,ekonomista,ekonomista,ekonomista,Biznes i finanse,Biznes i finanse
8,259,8-259,Andżelika Możdżanowska,PiS,ekonomista,ekonomista,ekonomista,Biznes i finanse,Biznes i finanse
8,63,8-63,Anna Czech,PiS,menadżer ochrony zdrowia,menadżer ochrony zdrowia,menadżer ochrony zdrowia,Biznes i finanse,Biznes i finanse
8,204,8-204,Anna Kwiecień,PiS,ekonomista,ekonomista,ekonomista,Biznes i finanse,Biznes i finanse
8,234,8-234,Arkadiusz Marchewka,PO-KO,ekonomista,ekonomista,ekonomista,Biznes i finanse,Biznes i finanse
8,81,8-81,Barbara Dziuk,PiS,ekonomista,ekonomista,ekonomista,Biznes i finanse,Biznes i finanse
8,148,8-148,Bożena Kamińska,PO-KO,ekonomistka,ekonomistka,ekonomistka,Biznes i finanse,Biznes i finanse
8,290,8-290,Błażej Parda,Kukiz15,ekonomista,ekonomista,ekonomista,Biznes i finanse,Biznes i finanse
8,355,8-355,Czesław Sobierajski,PiS,menedżer,menedżer,menedżer,Biznes i finanse,Biznes i finanse
8,7,8-7,Dorota Arciszewska-Mielewczyk,PiS,ekonomista,ekonomista,ekonomista,Biznes i finanse,Biznes i finanse
8,505,8-505,Edyta Kubik,niez.,księgowa,księgowa,księgowa,Biznes i finanse,Biznes i finanse
8,73,8-73,Elżbieta Duda,PiS,pracownik do spraw ubezpieczeń,pracownik do spraw ubezpieczeń,pracownik do spraw ubezpieczeń,Biznes i finanse,Biznes i finanse
8,97,8-97,Elżbieta Gelert,PO-KO,menadżer,menadżer,menadżer,Biznes i finanse,Biznes i finanse
8,366,8-366,Elżbieta Stępień,PO-KO,ekonomista,ekonomista,ekonomista,Biznes i finanse,Biznes i finanse
8,181,8-181,Ewa Kozanecka,PiS,ekonomista,ekonomista,ekonomista,Biznes i finanse,Biznes i finanse
8,215,8-215,Ewa Lieder,PO-KO,ekonomistka,ekonomistka,ekonomistka,Biznes i finanse,Biznes i finanse
8,387,8-387,Ewa Szymańska,PiS,biegły rewident,biegły rewident,biegły rewident,Biznes i finanse,Biznes i finanse
8,235,8-235,Gabriela Masłowska,PiS,ekonomista,ekonomista,ekonomista,Biznes i finanse,Biznes i finanse
8,314,8-314,Grzegorz Puda,PiS,kierownik działu marketingu,kierownik działu marketingu,kierownik działu marketingu,Biznes i finanse,Biznes i finanse
8,400,8-400,Grzegorz Tobiszowski,PiS,ekonomista,ekonomista,ekonomista,Biznes i finanse,Biznes i finanse
8,481,8-481,Iwona Krawczyk,PO-KO,"urzędnik samorządowy, menedżer",menedżer,menedżer,Biznes i finanse,Biznes i finanse
8,262,8-262,Izabela Katarzyna Mrzygłocka,PO-KO,ekonomista,ekonomista,ekonomista,Biznes i finanse,Biznes i finanse
8,394,8-394,Jacek Świat,PiS,specjalista marketingu,specjalista marketingu,specjalista marketingu,Biznes i finanse,Biznes i finanse
8,74,8-74,Jan Duda,PiS,rolnik-przedsiębiorca,rolnik-przedsiębiorca,rolnik-przedsiębiorca,Biznes i finanse,Biznes i finanse
8,416,8-416,Jan Warzecha,PiS,ekonomista,ekonomista,ekonomista,Biznes i finanse,Biznes i finanse
8,333,8-333,Jarosław Sachajko,Kukiz15,przedsiębiorca,przedsiębiorca,przedsiębiorca,Biznes i finanse,Biznes i finanse
8,182,8-182,Jerzy Kozłowski,UPR,przedsiębiorca,przedsiębiorca,przedsiębiorca,Biznes i finanse,Biznes i finanse
8,232,8-232,Jerzy Małecki,PiS,bankowiec,bankowiec,bankowiec,Biznes i finanse,Biznes i finanse
8,244,8-244,Jerzy Meysztowicz,PO-KO,przedsiębiorca,przedsiębiorca,przedsiębiorca,Biznes i finanse,Biznes i finanse
8,425,8-425,Jerzy Wilk,PiS,ekonomista,ekonomista,ekonomista,Biznes i finanse,Biznes i finanse
8,14,8-14,Joanna Augustynowska,PO-KO,"ekonomista, prawnik",ekonomista,ekonomista,Biznes i finanse,Biznes i finanse
8,85,8-85,Joanna Frydrych,PO-KO,ekonomista,ekonomista,ekonomista,Biznes i finanse,Biznes i finanse
8,339,8-339,Joanna Mihułka,TERAZ!,ekonomista,ekonomista,ekonomista,Biznes i finanse,Biznes i finanse
8,373,8-373,Józefa Szczurek-Żelazko,PiS,menadżer ochrony zdrowia,menadżer ochrony zdrowia,menadżer ochrony zdrowia,Biznes i finanse,Biznes i finanse
8,475,8-475,Kamil Bortniczuk,PiS,"menedżer, prawnik, urzędnik państwowy",menedżer,menedżer,Biznes i finanse,Biznes i finanse
8,265,8-265,Killion Munyama,PO-KO,"ekonomista, nauczyciel akademicki",ekonomista,ekonomista,Biznes i finanse,Biznes i finanse
8,489,8-489,Krzysztof Ciebiada,PiS,przedsiębiorca prywatny,przedsiębiorca prywatny,przedsiębiorca prywatny,Biznes i finanse,Biznes i finanse
8,227,8-227,Krzysztof Maciejewski,PiS,"przedsiębiorca prywatny, inżynier mechanik",przedsiębiorca prywatny,przedsiębiorca prywatny,Biznes i finanse,Biznes i finanse
8,406,8-406,Krzysztof Truskolaski,PO-KO,ekonomista,ekonomista,ekonomista,Biznes i finanse,Biznes i finanse
8,326,8-326,Leszek Ruszczyk,PO-KO,ekonomista,ekonomista,ekonomista,Biznes i finanse,Biznes i finanse
8,480,8-480,Magdalena Ewa Marek,PO-KO,ekonomista,ekonomista,ekonomista,Biznes i finanse,Biznes i finanse
8,395,8-395,Marcin Święcicki,PO-KO,ekonomista,ekonomista,ekonomista,Biznes i finanse,Biznes i finanse
8,133,8-133,Marek Jakubiak,niez.,przedsiębiorca,przedsiębiorca,przedsiębiorca,Biznes i finanse,Biznes i finanse
8,360,8-360,Marek Sowa,PO-KO,ekonomista,ekonomista,ekonomista,Biznes i finanse,Biznes i finanse
8,441,8-441,Marek Zagórski,PiS,prezes,prezes,prezes,Biznes i finanse,Biznes i finanse
8,474,8-474,Mariusz Trepka,PiS,"menedżer, inżynier",menedżer,menedżer,Biznes i finanse,Biznes i finanse
8,105,8-105,Marta Golbik,PO-KO,ekonomista,ekonomista,ekonomista,Biznes i finanse,Biznes i finanse
8,471,8-471,Małgorzata Janowska,PiS,księgowa,księgowa,księgowa,Biznes i finanse,Biznes i finanse
8,272,8-272,Małgorzata Niemczyk,PO-KO,ekonomista,ekonomista,ekonomista,Biznes i finanse,Biznes i finanse
8,297,8-297,Małgorzata Pępek,PO-KO,ekonomista,ekonomista,ekonomista,Biznes i finanse,Biznes i finanse
8,456,8-456,Małgorzata Zwiercan,PiS,przedsiębiorca,przedsiębiorca,przedsiębiorca,Biznes i finanse,Biznes i finanse
8,130,8-130,Michał Jach,PiS,ekonomista,ekonomista,ekonomista,Biznes i finanse,Biznes i finanse
8,364,8-364,Michał Stasiński,PO-KO,przedsiębiorca,przedsiębiorca,przedsiębiorca,Biznes i finanse,Biznes i finanse
8,367,8-367,Mirosław Suchoń,PO-KO,ekonomista,ekonomista,ekonomista,Biznes i finanse,Biznes i finanse
8,276,8-276,Mirosława Nykiel,PO-KO,przedsiębiorca,przedsiębiorca,przedsiębiorca,Biznes i finanse,Biznes i finanse
8,422,8-422,Monika Wielichowska,PO-KO,ekonomista,ekonomista,ekonomista,Biznes i finanse,Biznes i finanse
8,123,8-123,Paulina Hennig-Kloska,PO-KO,ekonomista,ekonomista,ekonomista,Biznes i finanse,Biznes i finanse
8,20,8-20,Paweł Bańkowski,PO-KO,ekonomista,ekonomista,ekonomista,Biznes i finanse,Biznes i finanse
8,163,8-163,Paweł Kobyliński,PO-KO,mgr ekonomii,mgr ekonomii,mgr ekonomii,Biznes i finanse,Biznes i finanse
8,280,8-280,Paweł Olszewski,PO-KO,ekonomista,ekonomista,ekonomista,Biznes i finanse,Biznes i finanse
8,315,8-315,Paweł Pudłowski,PO-KO,przedsiębiorca,przedsiębiorca,przedsiębiorca,Biznes i finanse,Biznes i finanse
8,369,8-369,Paweł Suski,PO-KO,przedsiębiorca,przedsiębiorca,przedsiębiorca,Biznes i finanse,Biznes i finanse
8,55,8-55,Piotr Cieśliński,PO-KO,ekonomista,ekonomista,ekonomista,Biznes i finanse,Biznes i finanse
8,253,8-253,Piotr Misiło,PO-KO,ekonomista,ekonomista,ekonomista,Biznes i finanse,Biznes i finanse
8,413,8-413,Piotr Uściński,PiS,manager,manager,manager,Biznes i finanse,Biznes i finanse
8,494,8-494,Rafał Mucha,PiS,menedżer,menedżer,menedżer,Biznes i finanse,Biznes i finanse
8,296,8-296,Ryszard Petru,TERAZ!,ekonomista,ekonomista,ekonomista,Biznes i finanse,Biznes i finanse
8,94,8-94,Stanisław Gawłowski,PO-KO,ekonomista,ekonomista,ekonomista,Biznes i finanse,Biznes i finanse
8,270,8-270,Sławomir Neumann,PO-KO,ekonomista,ekonomista,ekonomista,Biznes i finanse,Biznes i finanse
8,15,8-15,Tadeusz Aziewicz,PO-KO,ekonomista,ekonomista,ekonomista,Biznes i finanse,Biznes i finanse
8,57,8-57,Tadeusz Cymański,PiS,ekonomista,ekonomista,ekonomista,Biznes i finanse,Biznes i finanse
8,56,8-56,Tomasz Cimoszewicz,PO-KO,przedsiębiorca,przedsiębiorca,przedsiębiorca,Biznes i finanse,Biznes i finanse
8,140,8-140,Tomasz Jaskóła,UPR,dyrektor generalny,dyrektor generalny,dyrektor generalny,Biznes i finanse,Biznes i finanse
8,347,8-347,Tomasz Siemoniak,PO-KO,ekonomista,ekonomista,ekonomista,Biznes i finanse,Biznes i finanse
8,325,8-325,Urszula Rusecka,PiS,ekonomista,ekonomista,ekonomista,Biznes i finanse,Biznes i finanse
8,466,8-466,Waldemar Olejniczak,PiS,przedsiębiorca prywatny,przedsiębiorca prywatny,przedsiębiorca prywatny,Biznes i finanse,Biznes i finanse
8,185,8-185,Wiesław Krajewski,PiS,przedsiębiorca,przedsiębiorca,przedsiębiorca,Biznes i finanse,Biznes i finanse
8,19,8-19,Wojciech Bakun,Kukiz15,przedsiębiorca,przedsiębiorca,przedsiębiorca,Biznes i finanse,Biznes i finanse
8,3,8-3,Zbigniew Ajchler,PO-KO,agroprzedsiębiorca,agroprzedsiębiorca,agroprzedsiębiorca,Biznes i finanse,Biznes i finanse
8,117,8-117,Zbigniew Gryglas,PiS,przedsiębiorca,przedsiębiorca,przedsiębiorca,Biznes i finanse,Biznes i finanse
8,64,8-64,Zofia Czernow,PO-KO,ekonomista,ekonomista,ekonomista,Biznes i finanse,Biznes i finanse
8,171,8-171,Adam Korol,PO-KO,nauczyciel akademicki,nauczyciel akademicki,nauczyciel akademicki,Edukacja i nauka,Edukacja i nauka
8,391,8-391,Agnieszka Ścigaj,Kukiz15,socjolog,socjolog,socjolog,Edukacja i nauka,Edukacja i nauka
8,261,8-261,Aleksander Mrówczyński,PiS,nauczyciel matematyki,nauczyciel matematyki,nauczyciel matematyki,Edukacja i nauka,Edukacja i nauka
8,352,8-352,Andrzej Smirnow,PiS,nauczyciel akademicki,nauczyciel akademicki,nauczyciel akademicki,Edukacja i nauka,Edukacja i nauka
8,378,8-378,Andrzej Szlachta,PiS,nauczyciel akademicki,nauczyciel akademicki,nauczyciel akademicki,Edukacja i nauka,Edukacja i nauka
8,27,8-27,Anna Białkowska,PO-KO,nauczyciel,nauczyciel,nauczyciel,Edukacja i nauka,Edukacja i nauka
8,461,8-461,Anna Cicholska,PiS,nauczyciel,nauczyciel,nauczyciel,Edukacja i nauka,Edukacja i nauka
8,354,8-354,Anna Elżbieta Sobecka,PiS,nauczyciel,nauczyciel,nauczyciel,Edukacja i nauka,Edukacja i nauka
8,191,8-191,Anna Krupka,PiS,socjolog,socjolog,socjolog,Edukacja i nauka,Edukacja i nauka
8,250,8-250,Anna Milczanowska,PiS,pedagog,pedagog,pedagog,Edukacja i nauka,Edukacja i nauka
8,340,8-340,Anna Schmidt-Rodziewicz,PiS,socjolog,socjolog,socjolog,Edukacja i nauka,Edukacja i nauka
8,228,8-228,Antoni Macierewicz,PiS,historyk,historyk,historyk,Edukacja i nauka,Edukacja i nauka
8,62,8-62,Arkadiusz Czartoryski,PiS,nauczyciel,nauczyciel,nauczyciel,Edukacja i nauka,Edukacja i nauka
8,370,8-370,Artur Szałabawka,PiS,socjolog,socjolog,socjolog,Edukacja i nauka,Edukacja i nauka
8,42,8-42,Barbara Bubula,PiS,filolog języka polskiego,filolog języka polskiego,filolog języka polskiego,Edukacja i nauka,Edukacja i nauka
8,143,8-143,Bartosz Józwiak,UPR,nauczyciel akademicki,nauczyciel akademicki,nauczyciel akademicki,Edukacja i nauka,Edukacja i nauka
8,467,8-467,Bartłomiej Stawiarski,PiS,"historyk, urzędnik samorządowy",historyk,historyk,Edukacja i nauka,Edukacja i nauka
8,439,8-439,Bartłomiej Wróblewski,PiS,wykładowca akademicki,wykładowca akademicki,wykładowca akademicki,Edukacja i nauka,Edukacja i nauka
8,243,8-243,Beata Mazurek,PiS,socjolog,socjolog,socjolog,Edukacja i nauka,Edukacja i nauka
8,331,8-331,Bogdan Rzońca,PiS,nauczyciel,nauczyciel,nauczyciel,Edukacja i nauka,Edukacja i nauka
8,45,8-45,Borys Budka,PO-KO,nauczyciel akademicki,nauczyciel akademicki,nauczyciel akademicki,Edukacja i nauka,Edukacja i nauka
8,299,8-299,Danuta Pietraszewska,PO-KO,nauczyciel,nauczyciel,nauczyciel,Edukacja i nauka,Edukacja i nauka
8,327,8-327,Dorota Rutkowska,PO-KO,socjolog,socjolog,socjolog,Edukacja i nauka,Edukacja i nauka
8,344,8-344,Edward Siarka,PiS,nauczyciel,nauczyciel,nauczyciel,Edukacja i nauka,Edukacja i nauka
8,91,8-91,Elżbieta Gapińska,PO-KO,pedagog,pedagog,pedagog,Edukacja i nauka,Edukacja i nauka
8,190,8-190,Elżbieta Kruk,PiS,historyk,historyk,historyk,Edukacja i nauka,Edukacja i nauka
8,429,8-429,Elżbieta Witek,PiS,nauczyciel,nauczyciel,nauczyciel,Edukacja i nauka,Edukacja i nauka
8,71,8-71,Ewa Drozd,PO-KO,nauczyciel,nauczyciel,nauczyciel,Edukacja i nauka,Edukacja i nauka
8,402,8-402,Ewa Tomaszewska,PiS,fizyk,fizyk,fizyk,Edukacja i nauka,Edukacja i nauka
8,432,8-432,Grzegorz Adam Woźniak,PiS,geograf,geograf,geograf,Edukacja i nauka,Edukacja i nauka
8,135,8-135,Grzegorz Janik,PiS,nauczyciel wychowania fizycznego,nauczyciel wychowania fizycznego,nauczyciel wychowania fizycznego,Edukacja i nauka,Edukacja i nauka
8,469,8-469,Grzegorz Raczak,PiS,"lekarz, nauczyciel akademicki",nauczyciel akademicki,nauczyciel akademicki,Edukacja i nauka,Edukacja i nauka
8,501,8-501,Henryk Wnorowski,PiS,nauczyciel akademicki,nauczyciel akademicki,nauczyciel akademicki,Edukacja i nauka,Edukacja i nauka
8,320,8-320,Ireneusz Raś,PO-KO,historyk,historyk,historyk,Edukacja i nauka,Edukacja i nauka
8,247,8-247,Iwona Michałek,PiS,nauczyciel,nauczyciel,nauczyciel,Edukacja i nauka,Edukacja i nauka
8,212,8-212,Izabela Leszczyna,PO-KO,nauczyciel,nauczyciel,nauczyciel,Edukacja i nauka,Edukacja i nauka
8,203,8-203,Jacek Kurzępa,PiS,nauczyciel akademicki,nauczyciel akademicki,nauczyciel akademicki,Edukacja i nauka,Edukacja i nauka
8,311,8-311,Jacek Protas,PO-KO,nauczyciel,nauczyciel,nauczyciel,Edukacja i nauka,Edukacja i nauka
8,312,8-312,Jacek Protasiewicz,PSL-KP,filolog polski,filolog polski,filolog polski,Edukacja i nauka,Edukacja i nauka
8,335,8-335,Jacek Sasin,PiS,historyk,historyk,historyk,Edukacja i nauka,Edukacja i nauka
8,479,8-479,Jagna Marczułajtis-Walczak,PO-KO,"nauczyciel akademicki, trener narciarstwa i snowboardu",nauczyciel akademicki,nauczyciel akademicki,Edukacja i nauka,Edukacja i nauka
8,53,8-53,Janusz Cichoń,PO-KO,wykładowca akademicki,wykładowca akademicki,wykładowca akademicki,Edukacja i nauka,Edukacja i nauka
8,111,8-111,Jarosław Gowin,PiS,nauczyciel akademicki,nauczyciel akademicki,nauczyciel akademicki,Edukacja i nauka,Edukacja i nauka
8,365,8-365,Jarosław Stawiarski,PiS,historyk,historyk,historyk,Edukacja i nauka,Edukacja i nauka
8,377,8-377,Jarosław Szlachetka,PiS,nauczyciel,nauczyciel,nauczyciel,Edukacja i nauka,Edukacja i nauka
8,411,8-411,Jarosław Urbaniak,PO-KO,logik,logik,logik,Edukacja i nauka,Edukacja i nauka
8,460,8-460,Jerzy Żyżyński,PiS,nauczyciel akademicki,nauczyciel akademicki,nauczyciel akademicki,Edukacja i nauka,Edukacja i nauka
8,35,8-35,Joanna Borowiak,PiS,nauczyciel akademicki,nauczyciel akademicki,nauczyciel akademicki,Edukacja i nauka,Edukacja i nauka
8,82,8-82,Joanna Fabisiak,PO-KO,nauczyciel akademicki,nauczyciel akademicki,nauczyciel akademicki,Edukacja i nauka,Edukacja i nauka
8,263,8-263,Joanna Mucha,PO-KO,nauczyciel akademicki,nauczyciel akademicki,nauczyciel akademicki,Edukacja i nauka,Edukacja i nauka
8,41,8-41,Józef Brynkus,Kukiz15,historyk - nauczyciel akademicki,historyk - nauczyciel akademicki,historyk - nauczyciel akademicki,Edukacja i nauka,Edukacja i nauka
8,128,8-128,Józefa Hrynkiewicz,PiS,nauczyciel akademicki,nauczyciel akademicki,nauczyciel akademicki,Edukacja i nauka,Edukacja i nauka
8,462,8-462,Katarzyna Czochara,PiS,nauczyciel języka niemieckiego,nauczyciel języka niemieckiego,nauczyciel języka niemieckiego,Edukacja i nauka,Edukacja i nauka
8,490,8-490,Katarzyna Dutkiewicz,PiS,socjolog,socjolog,socjolog,Edukacja i nauka,Edukacja i nauka
8,221,8-221,Katarzyna Lubnauer,PO-KO,nauczyciel akademicki,nauczyciel akademicki,nauczyciel akademicki,Edukacja i nauka,Edukacja i nauka
8,258,8-258,Kazimierz Moskal,PiS,nauczyciel,nauczyciel,nauczyciel,Edukacja i nauka,Edukacja i nauka
8,265,8-265,Killion Munyama,PO-KO,"ekonomista, nauczyciel akademicki",nauczyciel akademicki,nauczyciel akademicki,Edukacja i nauka,Edukacja i nauka
8,102,8-102,Konrad Głębocki,PiS,nauczyciel akademicki,nauczyciel akademicki,nauczyciel akademicki,Edukacja i nauka,Edukacja i nauka
8,255,8-255,Kornel Morawiecki,WiS,fizyk,fizyk,fizyk,Edukacja i nauka,Edukacja i nauka
8,294,8-294,Krystyna Pawłowicz,PiS,nauczyciel akademicki,nauczyciel akademicki,nauczyciel akademicki,Edukacja i nauka,Edukacja i nauka
8,382,8-382,Krystyna Szumilas,PO-KO,nauczyciel,nauczyciel,nauczyciel,Edukacja i nauka,Edukacja i nauka
8,438,8-438,Krystyna Wróblewska,PiS,nauczyciel,nauczyciel,nauczyciel,Edukacja i nauka,Edukacja i nauka
8,216,8-216,Krzysztof Lipiec,PiS,nauczyciel,nauczyciel,nauczyciel,Edukacja i nauka,Edukacja i nauka
8,248,8-248,Krzysztof Michałkiewicz,PiS,socjolog,socjolog,socjolog,Edukacja i nauka,Edukacja i nauka
8,361,8-361,Lech Sprawka,PiS,nauczyciel konsultant,nauczyciel konsultant,nauczyciel konsultant,Edukacja i nauka,Edukacja i nauka
8,47,8-47,Lidia Burzyńska,PiS,nauczyciel,nauczyciel,nauczyciel,Edukacja i nauka,Edukacja i nauka
8,236,8-236,Maciej Masłowski,Kukiz15,nauczyciel akademicki,nauczyciel akademicki,nauczyciel akademicki,Edukacja i nauka,Edukacja i nauka
8,233,8-233,Maciej Małecki,PiS,historyk,historyk,historyk,Edukacja i nauka,Edukacja i nauka
8,420,8-420,Maciej Wąsik,PiS,archeolog,archeolog,archeolog,Edukacja i nauka,Edukacja i nauka
8,76,8-76,Marcin Duszek,PiS,nauczyciel,nauczyciel,nauczyciel,Edukacja i nauka,Edukacja i nauka
8,194,8-194,Marek Krząkała,PO-KO,nauczyciel języka obcego,nauczyciel języka obcego,nauczyciel języka obcego,Edukacja i nauka,Edukacja i nauka
8,205,8-205,Marek Kwitek,PiS,nauczyciel,nauczyciel,nauczyciel,Edukacja i nauka,Edukacja i nauka
8,329,8-329,Marek Rząsa,PO-KO,nauczyciel,nauczyciel,nauczyciel,Edukacja i nauka,Edukacja i nauka
8,496,8-496,Maria Nowak,PiS,matematyk,matematyk,matematyk,Edukacja i nauka,Edukacja i nauka
8,149,8-149,Mariusz Kamiński,PiS,historyk,historyk,historyk,Edukacja i nauka,Edukacja i nauka
8,142,8-142,Mariusz Orion Jędrysek,PiS,nauczyciel akademicki,nauczyciel akademicki,nauczyciel akademicki,Edukacja i nauka,Edukacja i nauka
8,77,8-77,Michał Dworczyk,PiS,historyk,historyk,historyk,Edukacja i nauka,Edukacja i nauka
8,23,8-23,Mieczysław Kazimierz Baszko,PiS,nauczyciel,nauczyciel,nauczyciel,Edukacja i nauka,Edukacja i nauka
8,362,8-362,Mirosława Stachowiak-Różecka,PiS,pedagog,pedagog,pedagog,Edukacja i nauka,Edukacja i nauka
8,278,8-278,Norbert Obrycki,PO-KO,germanista,germanista,germanista,Edukacja i nauka,Edukacja i nauka
8,219,8-219,Paweł Lisiecki,PiS,historyk,historyk,historyk,Edukacja i nauka,Edukacja i nauka
8,289,8-289,Paweł Papke,PO-KO,pedagog,pedagog,pedagog,Edukacja i nauka,Edukacja i nauka
8,18,8-18,Piotr Babinetz,PiS,historyk,historyk,historyk,Edukacja i nauka,Edukacja i nauka
8,101,8-101,Piotr Gliński,PiS,socjolog,socjolog,socjolog,Edukacja i nauka,Edukacja i nauka
8,268,8-268,Piotr Naimski,PiS,biochemik,biochemik,biochemik,Edukacja i nauka,Edukacja i nauka
8,281,8-281,Piotr Olszówka,PiS,pedagog,pedagog,pedagog,Edukacja i nauka,Edukacja i nauka
8,412,8-412,Piotr Uruski,PiS,historyk,historyk,historyk,Edukacja i nauka,Edukacja i nauka
8,407,8-407,Rafał Trzaskowski,PO,wykładowca akademicki,wykładowca akademicki,wykładowca akademicki,Edukacja i nauka,Edukacja i nauka
8,436,8-436,Rafał Wójcikowski,Kukiz15,nauczyciel akademicki,nauczyciel akademicki,nauczyciel akademicki,Edukacja i nauka,Edukacja i nauka
8,167,8-167,Robert Kołakowski,PiS,historyk,historyk,historyk,Edukacja i nauka,Edukacja i nauka
8,187,8-187,Robert Kropiwnicki,PO-KO,nauczyciel akademicki,nauczyciel akademicki,nauczyciel akademicki,Edukacja i nauka,Edukacja i nauka
8,399,8-399,Ryszard Terlecki,PiS,nauczyciel akademicki,nauczyciel akademicki,nauczyciel akademicki,Edukacja i nauka,Edukacja i nauka
8,409,8-409,Stanisław Tyszka,Kukiz15,wykładowca akademicki,wykładowca akademicki,wykładowca akademicki,Edukacja i nauka,Edukacja i nauka
8,465,8-465,Stefan Strzałkowski,PiS,nauczyciel,nauczyciel,nauczyciel,Edukacja i nauka,Edukacja i nauka
8,161,8-161,Sławomir Kłosowski,PiS,nauczyciel historii,nauczyciel historii,nauczyciel historii,Edukacja i nauka,Edukacja i nauka
8,485,8-485,Sławomir Skwarek,PiS,nauczyciel,nauczyciel,nauczyciel,Edukacja i nauka,Edukacja i nauka
8,445,8-445,Sławomir Zawiślak,PiS,historyk,historyk,historyk,Edukacja i nauka,Edukacja i nauka
8,433,8-433,Tadeusz Woźniak,PiS,historyk,historyk,historyk,Edukacja i nauka,Edukacja i nauka
8,100,8-100,Teresa Glenc,PiS,nauczyciel języka polskiego,nauczyciel języka polskiego,nauczyciel języka polskiego,Edukacja i nauka,Edukacja i nauka
8,303,8-303,Teresa Piotrowska,PO-KO,historyk,historyk,historyk,Edukacja i nauka,Edukacja i nauka
8,414,8-414,Teresa Wargocka,PiS,socjolog,socjolog,socjolog,Edukacja i nauka,Edukacja i nauka
8,103,8-103,Tomasz Głogowski,PO-KO,nauczyciel akademicki,nauczyciel akademicki,nauczyciel akademicki,Edukacja i nauka,Edukacja i nauka
8,473,8-473,Tomasz Zieliński,PiS,historyk,historyk,historyk,Edukacja i nauka,Edukacja i nauka
8,223,8-223,Tomasz Ławniczak,PiS,historyk,historyk,historyk,Edukacja i nauka,Edukacja i nauka
8,61,8-61,Witold Czarnecki,PiS,nauczyciel akademicki,nauczyciel akademicki,nauczyciel akademicki,Edukacja i nauka,Edukacja i nauka
8,26,8-26,Włodzimierz Bernacki,PiS,nauczyciel akademicki,nauczyciel akademicki,nauczyciel akademicki,Edukacja i nauka,Edukacja i nauka
8,277,8-277,Włodzimierz Nykiel,PO-KO,nauczyciel akademicki,nauczyciel akademicki,nauczyciel akademicki,Edukacja i nauka,Edukacja i nauka
8,69,8-69,Zbigniew Dolata,PiS,nauczyciel,nauczyciel,nauczyciel,Edukacja i nauka,Edukacja i nauka
8,168,8-168,Zbigniew Konwiński,PO-KO,historyk,historyk,historyk,Edukacja i nauka,Edukacja i nauka
8,358,8-358,Zbigniew Sosnowski,PSL-KP,nauczyciel historii,nauczyciel historii,nauczyciel historii,Edukacja i nauka,Edukacja i nauka
8,93,8-93,Zdzisław Gawlik,PO-KO,nauczyciel akademicki,nauczyciel akademicki,nauczyciel akademicki,Edukacja i nauka,Edukacja i nauka
8,492,8-492,Zofia Ławrynowicz,PO-KO,nauczyciel,nauczyciel,nauczyciel,Edukacja i nauka,Edukacja i nauka
8,468,8-468,Andrzej Melak,PiS,rzemieślnik,rzemieślnik,rzemieślnik,Inne,Inne
8,209,8-209,Bogdan Latosiński,PiS,kierowca autobusu,kierowca autobusu,kierowca autobusu,Inne,Inne
8,470,8-470,Grzegorz Piechowiak,PiS,"zarządca, nadzorca sądowy, syndyk",zarządca,zarządca,Inne,Inne
8,195,8-195,Henryka Krzywonos-Strycharska,PO-KO,emeryt,emeryt,emeryt,Inne,Inne
8,495,8-495,Jerzy Naszkiewicz,PiS,pracownik biurowy,pracownik biurowy,pracownik biurowy,Inne,Inne
8,338,8-338,Joanna Scheuring-Wielgus,TERAZ!,zawodowy działacz organizacji pozarządowej,zawodowy działacz organizacji pozarządowej,zawodowy działacz organizacji pozarządowej,Inne,Inne
8,321,8-321,Stefan Romecki,Kukiz15,emeryt,emeryt,emeryt,Inne,Inne
8,58,8-58,Adam Cyrański,PO-KO,inżynier mechanik,inżynier mechanik,inżynier mechanik,Inżynieria i techniczne,Technika i IT
8,66,8-66,Andrzej Czerwiński,PO-KO,inżynier elektryk,inżynier elektryk,inżynier elektryk,Inżynieria i techniczne,Technika i IT
8,72,8-72,Antoni Duda,PiS,inżynier elektryk,inżynier elektryk,inżynier elektryk,Inżynieria i techniczne,Technika i IT
8,245,8-245,Antoni Mężydło,PO-KO,inżynier elektronik,inżynier elektronik,inżynier elektronik,Inżynieria i techniczne,Technika i IT
8,75,8-75,Artur Dunin,PO-KO,geodeta,geodeta,geodeta,Inżynieria i techniczne,Technika i IT
8,483,8-483,Danuta Nowicka,PiS,inżynier metalurg,inżynier metalurg,inżynier metalurg,Inżynieria i techniczne,Technika i IT
8,84,8-84,Ewa Filipiak,PiS,inżynier energetyk,inżynier energetyk,inżynier energetyk,Inżynieria i techniczne,Technika i IT
8,239,8-239,Grzegorz Matusiak,PiS,inżynier energetyki,inżynier energetyki,inżynier energetyki,Inżynieria i techniczne,Technika i IT
8,156,8-156,Jan Kilian,PiS,inżynier mechanik,inżynier mechanik,inżynier mechanik,Inżynieria i techniczne,Technika i IT
8,157,8-157,Jan Klawiter,niez.,inżynier chemik,inżynier chemik,inżynier chemik,Inżynieria i techniczne,Technika i IT
8,8,8-8,Jan Krzysztof Ardanowski,PiS,inżynier rolnictwa,inżynier rolnictwa,inżynier rolnictwa,Inżynieria i techniczne,Technika i IT
8,393,8-393,Janusz Śniadek,PiS,inżynier mechanik,inżynier mechanik,inżynier mechanik,Inżynieria i techniczne,Technika i IT
8,28,8-28,Jerzy Bielecki,PiS,inżynier elektryk,inżynier elektryk,inżynier elektryk,Inżynieria i techniczne,Technika i IT
8,34,8-34,Jerzy Borowczak,PO-KO,mechanik budowy okrętów i statków,mechanik budowy okrętów i statków,mechanik budowy okrętów i statków,Inżynieria i techniczne,Technika i IT
8,110,8-110,Jerzy Gosiewski,PiS,inżynier leśnictwa,inżynier leśnictwa,inżynier leśnictwa,Inżynieria i techniczne,Technika i IT
8,131,8-131,Jerzy Jachnik,PP,inżynier metalurg,inżynier metalurg,inżynier metalurg,Inżynieria i techniczne,Technika i IT
8,293,8-293,Jerzy Paul,PiS,inżynier ogrodnictwa,inżynier ogrodnictwa,inżynier ogrodnictwa,Inżynieria i techniczne,Technika i IT
8,124,8-124,Jolanta Hibner,PO-KO,inżynier ochrony środowiska,inżynier ochrony środowiska,inżynier ochrony środowiska,Inżynieria i techniczne,Technika i IT
8,107,8-107,Kazimierz Gołojuch,PiS,inżynier mechanizacji rolnictwa,inżynier mechanizacji rolnictwa,inżynier mechanizacji rolnictwa,Inżynieria i techniczne,Technika i IT
8,304,8-304,Kazimierz Plocke,PO-KO,inżynier rolnik,inżynier rolnik,inżynier rolnik,Inżynieria i techniczne,Technika i IT
8,87,8-87,Krzysztof Gadowski,PO-KO,inżynier transportu drogowego,inżynier transportu drogowego,inżynier transportu drogowego,Inżynieria i techniczne,Technika i IT
8,491,8-491,Krzysztof Janusz Kozik,PiS,inżynier górnik,inżynier górnik,inżynier górnik,Inżynieria i techniczne,Technika i IT
8,227,8-227,Krzysztof Maciejewski,PiS,"przedsiębiorca prywatny, inżynier mechanik",inżynier mechanik,inżynier mechanik,Inżynieria i techniczne,Technika i IT
8,348,8-348,Krzysztof Sitarski,PiS,inżynier górnik,inżynier górnik,inżynier górnik,Inżynieria i techniczne,Technika i IT
8,32,8-32,Magdalena Błeńska,niez.,architekt,architekt,architekt,Inżynieria i techniczne,Technika i IT
8,155,8-155,Marcin Kierwiński,PO-KO,inżynier elektronik,inżynier elektronik,inżynier elektronik,Inżynieria i techniczne,Technika i IT
8,306,8-306,Marek Polak,PiS,technik mechanik,technik mechanik,technik mechanik,Inżynieria i techniczne,Technika i IT
8,336,8-336,Marek Sawicki,PSL-KP,inżynier rolnictwa,inżynier rolnictwa,inżynier rolnictwa,Inżynieria i techniczne,Technika i IT
8,454,8-454,Maria Zuba,PiS,inżynier elektryk,inżynier elektryk,inżynier elektryk,Inżynieria i techniczne,Technika i IT
8,474,8-474,Mariusz Trepka,PiS,"menedżer, inżynier",inżynier,inżynier,Inżynieria i techniczne,Technika i IT
8,48,8-48,Małgorzata Chmiel,PO-KO,architekt,architekt,architekt,Inżynieria i techniczne,Technika i IT
8,54,8-54,Michał Cieślak,PiS,mgr inżynier agroekonomii,mgr inżynier agroekonomii,mgr inżynier agroekonomii,Inżynieria i techniczne,Technika i IT
8,431,8-431,Michał Wojtkiewicz,PiS,doktor inżynier geodeta,doktor inżynier geodeta,doktor inżynier geodeta,Inżynieria i techniczne,Technika i IT
8,11,8-11,Paweł Arndt,PO-KO,inżynier budownictwa,inżynier budownictwa,inżynier budownictwa,Inżynieria i techniczne,Technika i IT
8,256,8-256,Robert Mordak,Kukiz15,architekt urbanista,architekt urbanista,architekt urbanista,Inżynieria i techniczne,Technika i IT
8,90,8-90,Ryszard Galla,niez.,inżynier mechanik,inżynier mechanik,inżynier mechanik,Inżynieria i techniczne,Technika i IT
8,206,8-206,Stanisław Lamczyk,PO-KO,inżynier mechanik,inżynier mechanik,inżynier mechanik,Inżynieria i techniczne,Technika i IT
8,459,8-459,Stanisław Żmijan,PO-KO,inżynier budownictwa,inżynier budownictwa,inżynier budownictwa,Inżynieria i techniczne,Technika i IT
8,51,8-51,Sylwester Chruszcz,PiS,architekt,architekt,architekt,Inżynieria i techniczne,Technika i IT
8,476,8-476,Sławomir Hajos,PiS,emerytowany technik pożarnictwa,emerytowany technik pożarnictwa,emerytowany technik pożarnictwa,Inżynieria i techniczne,Technika i IT
8,80,8-80,Tadeusz Dziuba,PiS,inżynier,inżynier,inżynier,Inżynieria i techniczne,Technika i IT
8,43,8-43,Wojciech Buczak,PiS,inżynier mechanik,inżynier mechanik,inżynier mechanik,Inżynieria i techniczne,Technika i IT
8,266,8-266,Wojciech Murdzek,PiS,inżynier elektronik,inżynier elektronik,inżynier elektronik,Inżynieria i techniczne,Technika i IT
8,151,8-151,Włodzimierz Karpiński,PO-KO,inżynier chemik,inżynier chemik,inżynier chemik,Inżynieria i techniczne,Technika i IT
8,49,8-49,Zbigniew Chmielowiec,PiS,inżynier inżynierii środowiska,inżynier inżynierii środowiska,inżynier inżynierii środowiska,Inżynieria i techniczne,Technika i IT
8,201,8-201,Jakub Kulesza,Konfederacja,konsultant ds. systemów informatycznych,konsultant ds. systemów informatycznych,konsultant ds. systemów informatycznych,IT,Technika i IT
8,108,8-108,Jarosław Gonciarz,PiS,informatyk,informatyk,informatyk,IT,Technika i IT
8,4,8-4,Adam Andruszkiewicz,niez.,specjalista ds. medialnych,specjalista ds. medialnych,specjalista ds. medialnych,Media i kultura,"Kultura, media i sport"
8,86,8-86,Grzegorz Furgo,PO-KO,menadżer wydarzeń kulturalnych,menadżer wydarzeń kulturalnych,menadżer wydarzeń kulturalnych,Media i kultura,"Kultura, media i sport"
8,323,8-323,Halina Rozpondek,PO-KO,bibliotekoznawca,bibliotekoznawca,bibliotekoznawca,Media i kultura,"Kultura, media i sport"
8,392,8-392,Iwona Śledzińska-Katarasińska,PO-KO,dziennikarz,dziennikarz,dziennikarz,Media i kultura,"Kultura, media i sport"
8,334,8-334,Janusz Sanocki,PP,dziennikarz,dziennikarz,dziennikarz,Media i kultura,"Kultura, media i sport"
8,159,8-159,Joanna Kluzik-Rostkowska,PO-KO,dziennikarz,dziennikarz,dziennikarz,Media i kultura,"Kultura, media i sport"
8,214,8-214,Joanna Lichocka,PiS,dziennikarz,dziennikarz,dziennikarz,Media i kultura,"Kultura, media i sport"
8,437,8-437,Kornelia Wróblewska,PO-KO,dziennikarz,dziennikarz,dziennikarz,Media i kultura,"Kultura, media i sport"
8,59,8-59,Krzysztof Czabański,PiS,dziennikarz,dziennikarz,dziennikarz,Media i kultura,"Kultura, media i sport"
8,249,8-249,Krzysztof Mieszkowski,PO-KO,kulturoznawca,kulturoznawca,kulturoznawca,Media i kultura,"Kultura, media i sport"
8,164,8-164,Magdalena Kochan,PO-KO,magister sztuki,magister sztuki,magister sztuki,Media i kultura,"Kultura, media i sport"
8,154,8-154,Małgorzata Kidawa-Błońska,PO-KO,producent filmowy,producent filmowy,producent filmowy,Media i kultura,"Kultura, media i sport"
8,200,8-200,Paweł Kukiz,Kukiz15,muzyk,muzyk,muzyk,Media i kultura,"Kultura, media i sport"
8,351,8-351,Paweł Skutecki,Konfederacja,dziennikarz,dziennikarz,dziennikarz,Media i kultura,"Kultura, media i sport"
8,6,8-6,Piotr Apel,Kukiz15,dziennikarz,dziennikarz,dziennikarz,Media i kultura,"Kultura, media i sport"
8,218,8-218,Piotr Liroy-Marzec,PP,muzyk,muzyk,muzyk,Media i kultura,"Kultura, media i sport"
8,410,8-410,Robert Tyszkiewicz,PO-KO,wydawca,wydawca,wydawca,Media i kultura,"Kultura, media i sport"
8,427,8-427,Robert Winnicki,Konfederacja,publicysta,publicysta,publicysta,Media i kultura,"Kultura, media i sport"
8,13,8-13,Urszula Augustyn,PO-KO,dziennikarka,dziennikarka,dziennikarka,Media i kultura,"Kultura, media i sport"
8,350,8-350,Wojciech Skurkiewicz,PiS,dziennikarz,dziennikarz,dziennikarz,Media i kultura,"Kultura, media i sport"
8,1,8-1,Adam Abramowicz,PiS,poseł na Sejm,poseł na Sejm,poseł na sejm,Polityka,Polityka
8,379,8-379,Adam Szłapka,PO-KO,politolog,politolog,politolog,Polityka,Polityka
8,308,8-308,Agnieszka Pomaska,PO-KO,politolog,politolog,politolog,Polityka,Polityka
8,254,8-254,Aldona Młyńczak,PO-KO,parlamentarzysta,parlamentarzysta,parlamentarzysta,Polityka,Polityka
8,2,8-2,Andrzej Adamczyk,PiS,parlamentarzysta,parlamentarzysta,parlamentarzysta,Polityka,Polityka
8,226,8-226,Andrzej Maciejewski,niez.,politolog,politolog,politolog,Polityka,Polityka
8,269,8-269,Anna Nemś,PO-KO,parlamentarzysta,parlamentarzysta,parlamentarzysta,Polityka,Polityka
8,287,8-287,Anna Paluch,PiS,parlamentarzysta,parlamentarzysta,parlamentarzysta,Polityka,Polityka
8,442,8-442,Anna Zalewska,PiS,parlamentarzysta,parlamentarzysta,parlamentarzysta,Polityka,Polityka
8,98,8-98,Artur Gierada,PO-KO,politolog,politolog,politolog,Polityka,Polityka
8,112,8-112,Artur Górski,PiS,politolog,politolog,politolog,Polityka,Polityka
8,385,8-385,Beata Szydło,PiS,parlamentarzysta,parlamentarzysta,parlamentarzysta,Polityka,Polityka
8,357,8-357,Bogusław Sonik,PO,radny województwa,radny województwa,radny województwa,Polityka,Polityka
8,122,8-122,Bożena Henczyca,PO-KO,parlamentarzysta,parlamentarzysta,parlamentarzysta,Polityka,Polityka
8,46,8-46,Bożenna Bukiewicz,PO-KO,parlamentarzysta,parlamentarzysta,parlamentarzysta,Polityka,Polityka
8,404,8-404,Cezary Tomczyk,PO-KO,politolog,politolog,politolog,Polityka,Polityka
8,301,8-301,Dariusz Piontkowski,PiS,poseł na Sejm RP,poseł na Sejm RP,poseł na sejm rp,Polityka,Polityka
8,318,8-318,Elżbieta Rafalska,PiS,parlamentarzystka,parlamentarzystka,parlamentarzystka,Polityka,Polityka
8,37,8-37,Elżbieta Zielińska,UPR,politolog,politolog,politolog,Polityka,Polityka
8,464,8-464,Ewa Kołodziej,PO-KO,politolog,politolog,politolog,Polityka,Polityka
8,229,8-229,Ewa Malik,PiS,poseł na Sejm RP,poseł na Sejm RP,poseł na sejm rp,Polityka,Polityka
8,401,8-401,Genowefa Tokarska,PSL-KP,parlamentarzysta,parlamentarzysta,parlamentarzysta,Polityka,Polityka
8,482,8-482,Grzegorz Lipiec,PO-KO,urzędnik samorządowy; politolog,politolog,politolog,Polityka,Polityka
8,319,8-319,Grzegorz Raniewicz,PO-KO,parlamentarzysta,parlamentarzysta,parlamentarzysta,Polityka,Polityka
8,337,8-337,Grzegorz Schetyna,PO-KO,poseł na Sejm RP,poseł na Sejm RP,poseł na sejm rp,Polityka,Polityka
8,341,8-341,Grzegorz Schreiber,PiS,parlamentarzysta,parlamentarzysta,parlamentarzysta,Polityka,Polityka
8,179,8-179,Henryk Kowalczyk,PiS,parlamentarzysta,parlamentarzysta,parlamentarzysta,Polityka,Polityka
8,9,8-9,Iwona Arent,PiS,politolog,politolog,politolog,Polityka,Polityka
8,158,8-158,Izabela Kloc,PiS,senator RP,senator RP,senator rp,Polityka,Polityka
8,33,8-33,Jacek Bogucki,PiS,poseł na Sejm RP,poseł na Sejm RP,poseł na sejm rp,Polityka,Polityka
8,83,8-83,Jacek Falfus,PiS,parlamentarzysta,parlamentarzysta,parlamentarzysta,Polityka,Polityka
8,286,8-286,Jacek Osuch,PiS,parlamentarzysta,parlamentarzysta,parlamentarzysta,Polityka,Polityka
8,458,8-458,Jacek Żalek,PiS,poseł na Sejm RP,poseł na Sejm RP,poseł na sejm rp,Polityka,Polityka
8,328,8-328,Jakub Rutnicki,PO-KO,parlamentarzysta,parlamentarzysta,parlamentarzysta,Polityka,Polityka
8,78,8-78,Jan Dziedziczak,PiS,politolog,politolog,politolog,Polityka,Polityka
8,257,8-257,Jan Mosiński,PiS,politolog,politolog,politolog,Polityka,Polityka
8,224,8-224,Jan Łopata,PSL-KP,parlamentarzysta,parlamentarzysta,parlamentarzysta,Polityka,Polityka
8,184,8-184,Jarosław Krajewski,PiS,politolog,politolog,politolog,Polityka,Polityka
8,343,8-343,Jarosław Sellin,PiS,parlamentarzysta,parlamentarzysta,parlamentarzysta,Polityka,Polityka
8,450,8-450,Jarosław Zieliński,PiS,poseł na Sejm RP,poseł na Sejm RP,poseł na sejm rp,Polityka,Polityka
8,237,8-237,Jerzy Materna,PiS,parlamentarzysta,parlamentarzysta,parlamentarzysta,Polityka,Polityka
8,40,8-40,Joachim Brudziński,PiS,parlamentarzysta,parlamentarzysta,parlamentarzysta,Polityka,Polityka
8,207,8-207,Józef Lassota,PO-KO,poseł,poseł,poseł,Polityka,Polityka
8,213,8-213,Józef Leśniak,PiS,politolog,politolog,politolog,Polityka,Polityka
8,242,8-242,Kazimierz Matuszny,PiS,przedstawiciel władz samorządowych - radny sejmiku,przedstawiciel władz samorządowych - radny sejmiku,przedstawiciel władz samorządowych - radny sejmiku,Polityka,Polityka
8,88,8-88,Kinga Gajewska,PO-KO,"politolog, prawnik",politolog,politolog,Polityka,Polityka
8,346,8-346,Krystyna Sibińska,PO-KO,parlamentarzysta,parlamentarzysta,parlamentarzysta,Polityka,Polityka
8,104,8-104,Krzysztof Głuchowski,PiS,parlamentarzysta,parlamentarzysta,parlamentarzysta,Polityka,Polityka
8,144,8-144,Krzysztof Jurgiel,PiS,poseł na Sejm RP,poseł na Sejm RP,poseł na sejm rp,Polityka,Polityka
8,397,8-397,Krzysztof Tchórzewski,PiS,parlamentarzysta,parlamentarzysta,parlamentarzysta,Polityka,Polityka
8,443,8-443,Krzysztof Zaremba,PiS,politolog,politolog,politolog,Polityka,Polityka
8,222,8-222,Krzysztof Łapiński,PiS,politolog,politolog,politolog,Polityka,Polityka
8,166,8-166,Lech Kołakowski,PiS,poseł na Sejm RP,poseł na Sejm RP,poseł na sejm rp,Polityka,Polityka
8,186,8-186,Leonard Krasulski,PiS,poseł na Sejm,poseł na Sejm,poseł na sejm,Polityka,Polityka
8,68,8-68,Leszek Dobrzyński,PiS,parlamentarzysta,parlamentarzysta,parlamentarzysta,Polityka,Polityka
8,172,8-172,Leszek Korzeniowski,PO-KO,parlamentarzysta,parlamentarzysta,parlamentarzysta,Polityka,Polityka
8,183,8-183,Maks Kraczkowski,PiS,parlamentarzysta,parlamentarzysta,parlamentarzysta,Polityka,Polityka
8,310,8-310,Marcin Porzucek,PiS,politolog,politolog,politolog,Polityka,Polityka
8,199,8-199,Marek Kuchciński,PiS,polityk,polityk,polityk,Polityka,Polityka
8,241,8-241,Marek Matuszewski,PiS,parlamentarzysta,parlamentarzysta,parlamentarzysta,Polityka,Polityka
8,283,8-283,Marek Opioła,PiS,politolog,politolog,politolog,Polityka,Polityka
8,368,8-368,Marek Suski,PiS,parlamentarzysta,parlamentarzysta,parlamentarzysta,Polityka,Polityka
8,136,8-136,Maria Małgorzata Janyska,PO-KO,parlamentarzysta,parlamentarzysta,parlamentarzysta,Polityka,Polityka
8,428,8-428,Mariusz Witczak,PO-KO,politolog,politolog,politolog,Polityka,Polityka
8,472,8-472,Marta Kubiak,PiS,politolog,politolog,politolog,Polityka,Polityka
8,225,8-225,Marzena Machałek,PiS,parlamentarzysta,parlamentarzysta,parlamentarzysta,Polityka,Polityka
8,279,8-279,Marzena Okła-Drewnowicz,PO-KO,poseł na Sejm RP,poseł na Sejm RP,poseł na sejm rp,Polityka,Polityka
8,109,8-109,Małgorzata Gosiewska,PiS,parlamentarzysta,parlamentarzysta,parlamentarzysta,Polityka,Polityka
8,137,8-137,Michał Jaros,PO-KO,parlamentarzysta,parlamentarzysta,parlamentarzysta,Polityka,Polityka
8,150,8-150,Michał Kamiński,PSL-KP,politolog,politolog,politolog,Polityka,Polityka
8,372,8-372,Michał Szczerba,PO-KO,poseł na Sejm RP,poseł na Sejm RP,poseł na sejm rp,Polityka,Polityka
8,152,8-152,Mieczysław Kasprzak,PSL-KP,parlamentarzysta,parlamentarzysta,parlamentarzysta,Polityka,Polityka
8,322,8-322,Monika Rosa,PO-KO,politolog,politolog,politolog,Polityka,Polityka
8,132,8-132,Patryk Jaki,PiS,politolog,politolog,politolog,Polityka,Polityka
8,188,8-188,Piotr Król,PiS,politolog,politolog,politolog,Polityka,Polityka
8,316,8-316,Piotr Pyzik,PiS,parlamentarzysta,parlamentarzysta,parlamentarzysta,Polityka,Polityka
8,17,8-17,Piotr Łukasz Babiarz,niez.,parlamentarzysta,parlamentarzysta,parlamentarzysta,Polityka,Polityka
8,60,8-60,Przemysław Czarnecki,PiS,parlamentarzysta,parlamentarzysta,parlamentarzysta,Polityka,Polityka
8,116,8-116,Rafał Grupiński,PO-KO,poseł,poseł,poseł,Polityka,Polityka
8,478,8-478,Robert Majka,niez.,polityk,polityk,polityk,Polityka,Polityka
8,415,8-415,Robert Warwas,PiS,politolog,politolog,politolog,Polityka,Polityka
8,129,8-129,Stanisław Huskowski,PSL-UED,parlamentarzysta,parlamentarzysta,parlamentarzysta,Polityka,Polityka
8,300,8-300,Stanisław Pięta,niez.,parlamentarzysta,parlamentarzysta,parlamentarzysta,Polityka,Polityka
8,383,8-383,Stanisław Szwed,PiS,parlamentarzysta,parlamentarzysta,parlamentarzysta,Polityka,Polityka
8,273,8-273,Stefan Niesiołowski,PSL-KP,parlamentarzysta,parlamentarzysta,parlamentarzysta,Polityka,Polityka
8,99,8-99,Szymon Giżyński,PiS,poseł na Sejm RP,poseł na Sejm RP,poseł na sejm rp,Polityka,Polityka
8,274,8-274,Sławomir Nitras,PO-KO,politolog,politolog,politolog,Polityka,Polityka
8,211,8-211,Tomasz Lenz,PO-KO,poseł zawodowy,poseł zawodowy,poseł zawodowy,Polityka,Polityka
8,275,8-275,Tomasz Piotr Nowak,PO-KO,parlamentarzysta,parlamentarzysta,parlamentarzysta,Polityka,Polityka
8,388,8-388,Tomasz Szymański,PO-KO,poseł zawodowy,poseł zawodowy,poseł zawodowy,Polityka,Polityka
8,405,8-405,Tomasz Tomczykiewicz,PO,poseł na Sejm RP,poseł na Sejm RP,poseł na sejm rp,Polityka,Polityka
8,5,8-5,Waldemar Andzel,PiS,poseł na Sejm RP,poseł na Sejm RP,poseł na sejm rp,Polityka,Polityka
8,79,8-79,Waldy Dzikowski,PO-KO,poseł,poseł,poseł,Polityka,Polityka
8,134,8-134,Wiesław Janczyk,PiS,parlamentarzysta,parlamentarzysta,parlamentarzysta,Polityka,Polityka
8,419,8-419,Witold Waszczykowski,PiS,parlamentarzysta,parlamentarzysta,parlamentarzysta,Polityka,Polityka
8,447,8-447,Witold Zembaczyński,PO-KO,politolog,politolog,politolog,Polityka,Polityka
8,451,8-451,Wojciech Ziemniak,PO-KO,parlamentarzysta,parlamentarzysta,parlamentarzysta,Polityka,Polityka
8,455,8-455,Wojciech Zubowski,PiS,parlamentarzysta,parlamentarzysta,parlamentarzysta,Polityka,Polityka
8,16,8-16,Zbigniew Babalski,PiS,poseł na Sejm,poseł na Sejm,poseł na sejm,Polityka,Polityka
8,30,8-30,Zbigniew Biernat,PiS,burmistrz,burmistrz,burmistrz,Polityka,Polityka
8,36,8-36,Agata Borowiec,PiS,"prawnik, ekonomista",prawnik,prawnik,Prawo,Prawo
8,121,8-121,Agnieszka Hanajczyk,PO-KO,prawnik,prawnik,prawnik,Prawo,Prawo
8,240,8-240,Andrzej Matusiewicz,PiS,adwokat,adwokat,adwokat,Prawo,Prawo
8,65,8-65,Anita Czerwińska,PiS,prawnik,prawnik,prawnik,Prawo,Prawo
8,264,8-264,Arkadiusz Mularczyk,PiS,adwokat,adwokat,adwokat,Prawo,Prawo
8,267,8-267,Arkadiusz Myrcha,PO-KO,radca prawny,radca prawny,radca prawny,Prawo,Prawo
8,444,8-444,Artur Zasada,PiS,prawnik,prawnik,prawnik,Prawo,Prawo
8,22,8-22,Barbara Bartuś,PiS,prawnik,prawnik,prawnik,Prawo,Prawo
8,70,8-70,Barbara Dolniak,PO-KO,prawnik-sędzia,prawnik-sędzia,prawnik-sędzia,Prawo,Prawo
8,180,8-180,Bartosz Kownacki,PiS,adwokat,adwokat,adwokat,Prawo,Prawo
8,153,8-153,Beata Kempa,PiS,prawnik,prawnik,prawnik,Prawo,Prawo
8,38,8-38,Bożena Borys-Szopa,PiS,prawnik,prawnik,prawnik,Prawo,Prawo
8,386,8-386,Bożena Szydłowska,PO-KO,doradca podatkowy,doradca podatkowy,doradca podatkowy,Prawo,Prawo
8,113,8-113,Cezary Grabarczyk,PO-KO,adwokat,adwokat,adwokat,Prawo,Prawo
8,260,8-260,Czesław Mroczek,PO-KO,prawnik,prawnik,prawnik,Prawo,Prawo
8,251,8-251,Daniel Milewski,PiS,prawnik,prawnik,prawnik,Prawo,Prawo
8,396,8-396,Dominik Tarczyński,PiS,mgr prawa,mgr prawa,mgr prawa,Prawo,Prawo
8,67,8-67,Grzegorz Długi,Kukiz15,adwokat,adwokat,adwokat,Prawo,Prawo
8,470,8-470,Grzegorz Piechowiak,PiS,"zarządca, nadzorca sądowy, syndyk",nadzorca sądowy,nadzorca sądowy,Prawo,Prawo
8,470,8-470,Grzegorz Piechowiak,PiS,"zarządca, nadzorca sądowy, syndyk",syndyk,syndyk,Prawo,Prawo
8,384,8-384,Halina Szydełko,PiS,radca prawny,radca prawny,radca prawny,Prawo,Prawo
8,457,8-457,Ireneusz Zyska,PiS,radca prawny,radca prawny,radca prawny,Prawo,Prawo
8,403,8-403,Jacek Tomczak,PSL-KP,notariusz,notariusz,notariusz,Prawo,Prawo
8,424,8-424,Jacek Wilk,Konfederacja,adwokat,adwokat,adwokat,Prawo,Prawo
8,376,8-376,Jan Szewczak,PiS,prawnik,prawnik,prawnik,Prawo,Prawo
8,146,8-146,Jarosław Kaczyński,PiS,prawnik,prawnik,prawnik,Prawo,Prawo
8,305,8-305,Jerzy Polaczek,PiS,prawnik,prawnik,prawnik,Prawo,Prawo
8,14,8-14,Joanna Augustynowska,PO-KO,"ekonomista, prawnik",prawnik,prawnik,Prawo,Prawo
8,475,8-475,Kamil Bortniczuk,PiS,"menedżer, prawnik, urzędnik państwowy",prawnik,prawnik,Prawo,Prawo
8,92,8-92,Kamila Gasiuk-Pihowicz,PO-KO,prawnik,prawnik,prawnik,Prawo,Prawo
8,284,8-284,Katarzyna Osos,PO-KO,radca prawny,radca prawny,radca prawny,Prawo,Prawo
8,353,8-353,Kazimierz Smoliński,PiS,adwokat,adwokat,adwokat,Prawo,Prawo
8,88,8-88,Kinga Gajewska,PO-KO,"politolog, prawnik",prawnik,prawnik,Prawo,Prawo
8,349,8-349,Krystyna Skowrońska,PO-KO,administratywista,administratywista,administratywista,Prawo,Prawo
8,39,8-39,Krzysztof Brejza,PO-KO,prawnik,prawnik,prawnik,Prawo,Prawo
8,197,8-197,Krzysztof Kubów,PiS,administratywista,administratywista,administratywista,Prawo,Prawo
8,292,8-292,Krzysztof Paszyk,PSL-KP,prawnik,prawnik,prawnik,Prawo,Prawo
8,487,8-487,Maciej Badora,PiS,adwokat,adwokat,adwokat,Prawo,Prawo
8,127,8-127,Marcin Horała,PiS,prawnik,prawnik,prawnik,Prawo,Prawo
8,12,8-12,Marek Ast,PiS,radca prawny,radca prawny,radca prawny,Prawo,Prawo
8,29,8-29,Marek Biernacki,PSL-KP,prawnik,prawnik,prawnik,Prawo,Prawo
8,434,8-434,Marek Wójcik,PO-KO,prawnik,prawnik,prawnik,Prawo,Prawo
8,418,8-418,Małgorzata Wassermann,PiS,adwokat,adwokat,adwokat,Prawo,Prawo
8,440,8-440,Małgorzata Wypych,PiS,adwokat,adwokat,adwokat,Prawo,Prawo
8,435,8-435,Michał Wójcik,PiS,prawnik,prawnik,prawnik,Prawo,Prawo
8,288,8-288,Mirosław Pampuch,PO-KO,radca prawny,radca prawny,radca prawny,Prawo,Prawo
8,115,8-115,Paweł Grabowski,Kukiz15,radca prawny,radca prawny,radca prawny,Prawo,Prawo
8,375,8-375,Paweł Szefernaker,PiS,prawnik,prawnik,prawnik,Prawo,Prawo
8,486,8-486,Piotr Müller,PiS,"prawnik, urzędnik państwowy",prawnik,prawnik,Prawo,Prawo
8,313,8-313,Piotr Pszczółkowski,PiS,prawnik,prawnik,prawnik,Prawo,Prawo
8,421,8-421,Rafał Weber,PiS,prawnik,prawnik,prawnik,Prawo,Prawo
8,302,8-302,Stanisław Piotrowicz,PiS,prokurator,prokurator,prokurator,Prawo,Prawo
8,298,8-298,Sławomir Jan Piechota,PO-KO,radca prawny,radca prawny,radca prawny,Prawo,Prawo
8,332,8-332,Tomasz Rzymkowski,PiS,prawnik,prawnik,prawnik,Prawo,Prawo
8,291,8-291,Urszula Pasławska,PSL-KP,prawnik,prawnik,prawnik,Prawo,Prawo
8,44,8-44,Waldemar Buda,PiS,prawnik,prawnik,prawnik,Prawo,Prawo
8,139,8-139,Wojciech Jasiński,PiS,prawnik,prawnik,prawnik,Prawo,Prawo
8,175,8-175,Wojciech Kossakowski,PiS,prawnik,prawnik,prawnik,Prawo,Prawo
8,371,8-371,Wojciech Szarama,PiS,adwokat,adwokat,adwokat,Prawo,Prawo
8,452,8-452,Zbigniew Ziobro,PiS,prawnik,prawnik,prawnik,Prawo,Prawo
8,330,8-330,Łukasz Rzepecki,Kukiz15,prawnik,prawnik,prawnik,Prawo,Prawo
8,446,8-446,Łukasz Zbonikowski,PiS,prawnik,prawnik,prawnik,Prawo,Prawo
8,282,8-282,Adam Ołdakowski,PiS,rolnik,rolnik,rolnik,Rolnictwo i środowisko,Inne
8,417,8-417,Anna Wasilewska,PO-KO,technolog żywności,technolog żywności,technolog żywności,Rolnictwo i środowisko,Inne
8,24,8-24,Dariusz Bąk,PiS,leśnik,leśnik,leśnik,Rolnictwo i środowisko,Inne
8,160,8-160,Eugeniusz Kłopotek,PSL-KP,inżynier zootechniki,inżynier zootechniki,inżynier zootechniki,Rolnictwo i środowisko,Inne
8,430,8-430,Grzegorz Wojciechowski,PiS,rolnik,rolnik,rolnik,Rolnictwo i środowisko,Inne
8,390,8-390,Jan Szyszko,PiS,leśnik,leśnik,leśnik,Rolnictwo i środowisko,Inne
8,89,8-89,Leszek Galemba,PiS,rolnik,rolnik,rolnik,Rolnictwo i środowisko,Inne
8,106,8-106,Małgorzata Golińska,PiS,leśnik,leśnik,leśnik,Rolnictwo i środowisko,Inne
8,246,8-246,Mieczysław Miazga,PiS,rolnik,rolnik,rolnik,Rolnictwo i środowisko,Inne
8,230,8-230,Mirosław Maliszewski,PSL-KP,rolnik - ogrodnik,rolnik - ogrodnik,rolnik - ogrodnik,Rolnictwo i środowisko,Inne
8,145,8-145,Norbert Kaczmarczyk,PiS,rolnik,rolnik,rolnik,Rolnictwo i środowisko,Inne
8,307,8-307,Piotr Polak,PiS,rolnik,rolnik,rolnik,Rolnictwo i środowisko,Inne
8,500,8-500,Piotr Walkowski,PSL-KP,rolnik,rolnik,rolnik,Rolnictwo i środowisko,Inne
8,398,8-398,Robert Telus,PiS,rolnik,rolnik,rolnik,Rolnictwo i środowisko,Inne
8,120,8-120,Teresa Hałas,PiS,rolnik,rolnik,rolnik,Rolnictwo i środowisko,Inne
8,479,8-479,Jagna Marczułajtis-Walczak,PO-KO,"nauczyciel akademicki, trener narciarstwa i snowboardu",trener narciarstwa i snowboardu,trener narciarstwa i snowboardu,Sport i fitness,"Kultura, media i sport"
8,173,8-173,Roman Jacek Kosecki,PO-KO,trener piłkarski,trener piłkarski,trener piłkarski,Sport i fitness,"Kultura, media i sport"
8,453,8-453,Szymon Ziółkowski,PO-KO,sportowiec,sportowiec,sportowiec,Sport i fitness,"Kultura, media i sport"
8,380,8-380,Paweł Szramka,Kukiz15,żołnierz szeregowy,żołnierz szeregowy,żołnierz szeregowy,Służby mundurowe,Sektor publiczny i służby
8,52,8-52,Alicja Chybicka,PO-KO,lekarz,lekarz,lekarz,Zdrowie,Zdrowie
8,504,8-504,Alicja Dąbrowska,PO-KO,lekarz,lekarz,lekarz,Zdrowie,Zdrowie
8,463,8-463,Alicja Kaczorowska,PiS,lekarz,lekarz,lekarz,Zdrowie,Zdrowie
8,359,8-359,Andrzej Sośnierz,PiS,lekarz medycyny - neurolog,lekarz medycyny - neurolog,lekarz medycyny - neurolog,Zdrowie,Zdrowie
8,10,8-10,Bartosz Arłukowicz,PO-KO,lekarz,lekarz,lekarz,Zdrowie,Zdrowie
8,231,8-231,Beata Małecka-Libera,PO-KO,lekarz/parlamentarzysta,lekarz/parlamentarzysta,lekarz/parlamentarzysta,Zdrowie,Zdrowie
8,193,8-193,Bernadeta Krynicka,PiS,pielęgniarka,pielęgniarka,pielęgniarka,Zdrowie,Zdrowie
8,125,8-125,Czesław Hoc,PiS,lekarz medycyny,lekarz medycyny,lekarz medycyny,Zdrowie,Zdrowie
8,271,8-271,Dorota Niedziela,PO-KO,lekarz weterynarii,lekarz weterynarii,lekarz weterynarii,Zdrowie,Zdrowie
8,317,8-317,Elżbieta Radziszewska,PO-KO,lekarz medycyny,lekarz medycyny,lekarz medycyny,Zdrowie,Zdrowie
8,497,8-497,Elżbieta Teresa Płonka,PiS,lekarz,lekarz,lekarz,Zdrowie,Zdrowie
8,169,8-169,Ewa Kopacz,PO-KO,lekarz medycyny,lekarz medycyny,lekarz medycyny,Zdrowie,Zdrowie
8,469,8-469,Grzegorz Raczak,PiS,"lekarz, nauczyciel akademicki",lekarz,lekarz,Zdrowie,Zdrowie
8,170,8-170,Joanna Kopcińska,PiS,lekarz,lekarz,lekarz,Zdrowie,Zdrowie
8,374,8-374,Jolanta Szczypińska,PiS,pielęgniarka dyplomowana,pielęgniarka dyplomowana,pielęgniarka dyplomowana,Zdrowie,Zdrowie
8,285,8-285,Krzysztof Ostrowski,PiS,lekarz medycyny,lekarz medycyny,lekarz medycyny,Zdrowie,Zdrowie
8,381,8-381,Krzysztof Szulowski,PiS,lekarz weterynarii,lekarz weterynarii,lekarz weterynarii,Zdrowie,Zdrowie
8,96,8-96,Lidia Gądek,PO-KO,lekarz,lekarz,lekarz,Zdrowie,Zdrowie
8,488,8-488,Lucjan Cichosz,PiS,lekarz weterynarii,lekarz weterynarii,lekarz weterynarii,Zdrowie,Zdrowie
8,126,8-126,Marek Hok,PO-KO,lekarz,lekarz,lekarz,Zdrowie,Zdrowie
8,324,8-324,Marek Ruciński,niez.,lekarz medycyny,lekarz medycyny,lekarz medycyny,Zdrowie,Zdrowie
8,448,8-448,Marian Zembala,PO-KO,lekarz medycyny,lekarz medycyny,lekarz medycyny,Zdrowie,Zdrowie
8,484,8-484,Paweł Rychlik,PiS,farmaceuta,farmaceuta,farmaceuta,Zdrowie,Zdrowie
8,220,8-220,Radosław Lubczyk,PSL-KP,stomatolog,stomatolog,stomatolog,Zdrowie,Zdrowie
8,252,8-252,Rajmund Miller,PO-KO,lekarz medycyny,lekarz medycyny,lekarz medycyny,Zdrowie,Zdrowie
8,208,8-208,Tomasz Latos,PiS,lekarz,lekarz,lekarz,Zdrowie,Zdrowie
8,174,8-174,Władysław Kosiniak-Kamysz,PSL-KP,lekarz,lekarz,lekarz,Zdrowie,Zdrowie
8,295,8-295,Zbigniew Pawłowicz,PO-KO,lekarz,lekarz,lekarz,Zdrowie,Zdrowie
9,387,9-387,Adam Śnieżek,PiS,specjalista do spraw socjalnych,specjalista do spraw socjalnych,specjalista do spraw socjalnych,Administracja publiczna,Sektor publiczny i służby
9,368,9-368,Aleksandra Łapiak,PiS,pracownik administracyjny,pracownik administracyjny,pracownik administracyjny,Administracja publiczna,Sektor publiczny i służby
9,372,9-372,Andrzej Szewiński,KO,urzędnik,urzędnik,urzędnik,Administracja publiczna,Sektor publiczny i służby
9,100,9-100,Anna Gembicka,PiS,pracownik administracji publicznej,pracownik administracji publicznej,pracownik administracji publicznej,Administracja publiczna,Sektor publiczny i służby
9,338,9-338,Anna Maria Siarkowska,Konfederacja,specjalista ds. planowania obronnego,specjalista ds. planowania obronnego,specjalista ds. planowania obronnego,Administracja publiczna,Sektor publiczny i służby
9,295,9-295,Anna Pieczarka,PiS,przedstawiciel władzy samorządowej,przedstawiciel władzy samorządowej,przedstawiciel władzy samorządowej,Administracja publiczna,Sektor publiczny i służby
9,222,9-222,Artur Łącki,KO,samorządowiec,samorządowiec,samorządowiec,Administracja publiczna,Sektor publiczny i służby
9,66,9-66,Bartłomiej Dorywalski,PiS,wyższy urzędnik państwowy,wyższy urzędnik państwowy,wyższy urzędnik państwowy,Administracja publiczna,Sektor publiczny i służby
9,361,9-361,Beata Strzałka,PiS,przedstawiciel władzy samorządowej,przedstawiciel władzy samorządowej,przedstawiciel władzy samorządowej,Administracja publiczna,Sektor publiczny i służby
9,204,9-204,Dariusz Kurzawa,KP,pracownik samorządowy,pracownik samorządowy,pracownik samorządowy,Administracja publiczna,Sektor publiczny i służby
9,276,9-276,Dariusz Olszewski,PiS,dyrektor do spraw administracyjnych,dyrektor do spraw administracyjnych,dyrektor do spraw administracyjnych,Administracja publiczna,Sektor publiczny i służby
9,359,9-359,Dariusz Stefaniuk,PiS,wyższy urzędnik samorządowy,wyższy urzędnik samorządowy,wyższy urzędnik samorządowy,Administracja publiczna,Sektor publiczny i służby
9,474,9-474,Iwona Kurowska,PiS,urzędnik państwowy,urzędnik państwowy,urzędnik państwowy,Administracja publiczna,Sektor publiczny i służby
9,328,9-328,Jacek Sasin,PiS,urzędnik,urzędnik,urzędnik,Administracja publiczna,Sektor publiczny i służby
9,42,9-42,Kazimierz Choma,PiS,urzędnik państwowy,urzędnik państwowy,urzędnik państwowy,Administracja publiczna,Sektor publiczny i służby
9,50,9-50,Krzysztof Czarnecki,PiS,przedstawiciel władzy samorządowej,przedstawiciel władzy samorządowej,przedstawiciel władzy samorządowej,Administracja publiczna,Sektor publiczny i służby
9,357,9-357,Magdalena Sroka,KP,specjalista ds. administracji i zarządzania,specjalista ds. administracji i zarządzania,specjalista ds. administracji i zarządzania,Administracja publiczna,Sektor publiczny i służby
9,443,9-443,Marcelina Zawisza,Lewica,specjalista polityki społecznej,specjalista polityki społecznej,specjalista polityki społecznej,Administracja publiczna,Sektor publiczny i służby
9,200,9-200,Marcin Kulasek,Lewica,dyrektor administracyjny,dyrektor administracyjny,dyrektor administracyjny,Administracja publiczna,Sektor publiczny i służby
9,440,9-440,Marek Zagórski,PiS,urzędnik państwowy,urzędnik państwowy,urzędnik państwowy,Administracja publiczna,Sektor publiczny i służby
9,202,9-202,Maria Kurowska,PiS,przedstawiciel władzy samorządowej,przedstawiciel władzy samorządowej,przedstawiciel władzy samorządowej,Administracja publiczna,Sektor publiczny i służby
9,25,9-25,Mariusz Błaszczak,PiS,urzędnik państwowy,urzędnik państwowy,urzędnik państwowy,Administracja publiczna,Sektor publiczny i służby
9,229,9-229,Marlena Magdalena Maląg,PiS,wyższy urzędnik państwowy,wyższy urzędnik państwowy,wyższy urzędnik państwowy,Administracja publiczna,Sektor publiczny i służby
9,26,9-26,Mateusz Bochenek,KO,urzędnik samorządowy,urzędnik samorządowy,urzędnik samorządowy,Administracja publiczna,Sektor publiczny i służby
9,185,9-185,Michał Krawczyk,KO,przedstawiciel władzy samorządowej,przedstawiciel władzy samorządowej,przedstawiciel władzy samorządowej,Administracja publiczna,Sektor publiczny i służby
9,53,9-53,Przemysław Czarnek,PiS,wyższy urzędnik administracji rządowej,wyższy urzędnik administracji rządowej,wyższy urzędnik administracji rządowej,Administracja publiczna,Sektor publiczny i służby
9,84,9-84,Radosław Fogiel,PiS,przedstawiciel władzy samorządowej,przedstawiciel władzy samorządowej,przedstawiciel władzy samorządowej,Administracja publiczna,Sektor publiczny i służby
9,2,9-2,Rafał Adamczyk,Lewica,samorządowiec,samorządowiec,samorządowiec,Administracja publiczna,Sektor publiczny i służby
9,425,9-425,Ryszard Wilczyński,KO,pracownik administracji samorządowej,pracownik administracji samorządowej,pracownik administracji samorządowej,Administracja publiczna,Sektor publiczny i służby
9,44,9-44,Tadeusz Chrzan,PiS,przedstawiciel władzy samorządowej,przedstawiciel władzy samorządowej,przedstawiciel władzy samorządowej,Administracja publiczna,Sektor publiczny i służby
9,270,9-270,Urszula Nowogórska,KP,pracownik samorządowy,pracownik samorządowy,pracownik samorządowy,Administracja publiczna,Sektor publiczny i służby
9,306,9-306,Violetta Porowska,PiS,wyższy urzędnik państwowy,wyższy urzędnik państwowy,wyższy urzędnik państwowy,Administracja publiczna,Sektor publiczny i służby
9,189,9-189,Wojciech Król,KO,urzędnik samorządowy,urzędnik samorządowy,urzędnik samorządowy,Administracja publiczna,Sektor publiczny i służby
9,61,9-61,Władysław Dajczak,PiS,wyższy urzędnik państwowy,wyższy urzędnik państwowy,wyższy urzędnik państwowy,Administracja publiczna,Sektor publiczny i służby
9,203,9-203,Władysław Kurowski,PiS,wyższy urzędnik samorządowy,wyższy urzędnik samorządowy,wyższy urzędnik samorządowy,Administracja publiczna,Sektor publiczny i służby
9,343,9-343,Zdzisław Sipiera,PiS,wyższy urzędnik państwowy,wyższy urzędnik państwowy,wyższy urzędnik państwowy,Administracja publiczna,Sektor publiczny i służby
9,49,9-49,Adam Cyrański,KO,przedsiębiorca,przedsiębiorca,przedsiębiorca,Biznes i finanse,Biznes i finanse
9,216,9-216,Adam Lipiński,PiS,ekonomista,ekonomista,ekonomista,Biznes i finanse,Biznes i finanse
9,115,9-115,Agnieszka Górska,PiS,ekonomista,ekonomista,ekonomista,Biznes i finanse,Biznes i finanse
9,248,9-248,Aleksander Miszalski,KO,przedsiębiorca,przedsiębiorca,przedsiębiorca,Biznes i finanse,Biznes i finanse
9,88,9-88,Aleksandra Gajewska,KO,przedsiębiorca,przedsiębiorca,przedsiębiorca,Biznes i finanse,Biznes i finanse
9,96,9-96,Andrzej Gawron,PiS,przedsiębiorca,przedsiębiorca,przedsiębiorca,Biznes i finanse,Biznes i finanse
9,123,9-123,Andrzej Grzyb,KP,ekonomista,ekonomista,ekonomista,Biznes i finanse,Biznes i finanse
9,124,9-124,Andrzej Gut-Mostowy,PiS,menadżer,menadżer,menadżer,Biznes i finanse,Biznes i finanse
9,355,9-355,Anita Sowińska,Lewica,ekonomistka,ekonomistka,ekonomistka,Biznes i finanse,Biznes i finanse
9,206,9-206,Anna Kwiecień,PiS,ekonomista,ekonomista,ekonomista,Biznes i finanse,Biznes i finanse
9,467,9-467,Anna Wojciechowska,KO,finansista,finansista,finansista,Biznes i finanse,Biznes i finanse
9,138,9-138,Arkadiusz Iwaniak,Lewica,ekonomista,ekonomista,ekonomista,Biznes i finanse,Biznes i finanse
9,234,9-234,Arkadiusz Marchewka,KO,ekonomista,ekonomista,ekonomista,Biznes i finanse,Biznes i finanse
9,77,9-77,Barbara Dziuk,PiS,ekonomista,ekonomista,ekonomista,Biznes i finanse,Biznes i finanse
9,433,9-433,Bogusław Wontor,Lewica,ekonomista,ekonomista,ekonomista,Biznes i finanse,Biznes i finanse
9,146,9-146,Dariusz Joński,KO,ekonomista,ekonomista,ekonomista,Biznes i finanse,Biznes i finanse
9,315,9-315,Dariusz Rosati,KO,ekonomista,ekonomista,ekonomista,Biznes i finanse,Biznes i finanse
9,353,9-353,Dobromir Sośnierz,Konfederacja,przedsiębiorca,przedsiębiorca,przedsiębiorca,Biznes i finanse,Biznes i finanse
9,99,9-99,Elżbieta Gelert,KO,menadżer ochrony zdrowia,menadżer ochrony zdrowia,menadżer ochrony zdrowia,Biznes i finanse,Biznes i finanse
9,178,9-178,Ewa Kozanecka,PiS,ekonomista,ekonomista,ekonomista,Biznes i finanse,Biznes i finanse
9,380,9-380,Ewa Szymańska,PiS,biegły rewident,biegły rewident,biegły rewident,Biznes i finanse,Biznes i finanse
9,156,9-156,Fryderyk Kapinos,PiS,dyrektor marketingu,dyrektor marketingu,dyrektor marketingu,Biznes i finanse,Biznes i finanse
9,97,9-97,Grzegorz Gaża,PiS,przedsiębiorca,przedsiębiorca,przedsiębiorca,Biznes i finanse,Biznes i finanse
9,101,9-101,Hanna Gill-Piątek,KO,specjalista do spraw konsultingu,specjalista do spraw konsultingu,specjalista do spraw konsultingu,Biznes i finanse,Biznes i finanse
9,131,9-131,Iwona Hartwich,KO,sprzedawca,sprzedawca,sprzedawca,Biznes i finanse,Biznes i finanse
9,254,9-254,Izabela Katarzyna Mrzygłocka,KO,ekonomista,ekonomista,ekonomista,Biznes i finanse,Biznes i finanse
9,374,9-374,Jan Szopiński,Lewica,ekonomista,ekonomista,ekonomista,Biznes i finanse,Biznes i finanse
9,414,9-414,Jan Warzecha,PiS,ekonomista,ekonomista,ekonomista,Biznes i finanse,Biznes i finanse
9,325,9-325,Jarosław Sachajko,Kukiz15,ekonomista,ekonomista,ekonomista,Biznes i finanse,Biznes i finanse
9,232,9-232,Jerzy Małecki,PiS,specjalista bankowości,specjalista bankowości,specjalista bankowości,Biznes i finanse,Biznes i finanse
9,85,9-85,Joanna Frydrych,KO,ekonomista,ekonomista,ekonomista,Biznes i finanse,Biznes i finanse
9,255,9-255,Joanna Mucha,Polska2050,ekonomistka,ekonomistka,ekonomistka,Biznes i finanse,Biznes i finanse
9,369,9-369,Józefa Szczurek-Żelazko,PiS,menedżer ochrony zdrowia,menedżer ochrony zdrowia,menedżer ochrony zdrowia,Biznes i finanse,Biznes i finanse
9,153,9-153,Krystian Kamiński,Konfederacja,przedsiębiorca,przedsiębiorca,przedsiębiorca,Biznes i finanse,Biznes i finanse
9,400,9-400,Krzysztof Truskolaski,KO,ekonomista,ekonomista,ekonomista,Biznes i finanse,Biznes i finanse
9,473,9-473,Leszek Kowalczyk,PiS,przedsiębiorca,przedsiębiorca,przedsiębiorca,Biznes i finanse,Biznes i finanse
9,116,9-116,Maciej Górski,PiS,dyrektor operacyjny,dyrektor operacyjny,dyrektor operacyjny,Biznes i finanse,Biznes i finanse
9,167,9-167,Maciej Kopiec,Lewica,ekonomista,ekonomista,ekonomista,Biznes i finanse,Biznes i finanse
9,82,9-82,Magdalena Filiks,KO,ekonomista,ekonomista,ekonomista,Biznes i finanse,Biznes i finanse
9,72,9-72,Marek Dyduch,Lewica,przedsiębiorca,przedsiębiorca,przedsiębiorca,Biznes i finanse,Biznes i finanse
9,354,9-354,Marek Sowa,KO,ekonomista,ekonomista,ekonomista,Biznes i finanse,Biznes i finanse
9,421,9-421,Marek Wesoły,PiS,przedsiębiorca,przedsiębiorca,przedsiębiorca,Biznes i finanse,Biznes i finanse
9,143,9-143,Maria Małgorzata Janyska,KO,ekonomistka,ekonomistka,ekonomistka,Biznes i finanse,Biznes i finanse
9,107,9-107,Marta Golbik,KO,ekonomistka,ekonomistka,ekonomistka,Biznes i finanse,Biznes i finanse
9,419,9-419,Marta Wcisło,KO,przedsiębiorca - menedżer,przedsiębiorca - menedżer,przedsiębiorca - menedżer,Biznes i finanse,Biznes i finanse
9,142,9-142,Małgorzata Janowska,PiS,ekonomista,ekonomista,ekonomista,Biznes i finanse,Biznes i finanse
9,264,9-264,Małgorzata Niemczyk,KO,ekonomista,ekonomista,ekonomista,Biznes i finanse,Biznes i finanse
9,290,9-290,Małgorzata Pępek,KO,ekonomista,ekonomista,ekonomista,Biznes i finanse,Biznes i finanse
9,407,9-407,Michał Urbaniak,Konfederacja,przedsiębiorca,przedsiębiorca,przedsiębiorca,Biznes i finanse,Biznes i finanse
9,157,9-157,Mieczysław Kasprzak,KP,ekonomista,ekonomista,ekonomista,Biznes i finanse,Biznes i finanse
9,362,9-362,Mirosław Suchoń,Polska2050,ekonomista,ekonomista,ekonomista,Biznes i finanse,Biznes i finanse
9,424,9-424,Monika Wielichowska,KO,ekonomista,ekonomista,ekonomista,Biznes i finanse,Biznes i finanse
9,422,9-422,Patryk Wicher,PiS,menadżer,menadżer,menadżer,Biznes i finanse,Biznes i finanse
9,132,9-132,Paulina Hennig-Kloska,Polska2050,ekonomista,ekonomista,ekonomista,Biznes i finanse,Biznes i finanse
9,242,9-242,Paulina Matysiak,Lewica,kierownik działu finansowego,kierownik działu finansowego,kierownik działu finansowego,Biznes i finanse,Biznes i finanse
9,137,9-137,Paweł Hreniak,PiS,ekonomista,ekonomista,ekonomista,Biznes i finanse,Biznes i finanse
9,191,9-191,Paweł Krutul,Lewica,przedsiębiorca,przedsiębiorca,przedsiębiorca,Biznes i finanse,Biznes i finanse
9,277,9-277,Paweł Olszewski,KO,ekonomista,ekonomista,ekonomista,Biznes i finanse,Biznes i finanse
9,305,9-305,Paweł Poncyljusz,KO,technik ekonomista,technik ekonomista,technik ekonomista,Biznes i finanse,Biznes i finanse
9,375,9-375,Paweł Szramka,KO,specjalista do spraw logistyki,specjalista do spraw logistyki,specjalista do spraw logistyki,Biznes i finanse,Biznes i finanse
9,441,9-441,Paweł Zalewski,Polska2050,konsultant,konsultant,konsultant,Biznes i finanse,Biznes i finanse
9,67,9-67,Przemysław Drabek,PiS,menadżer,menadżer,menadżer,Biznes i finanse,Biznes i finanse
9,205,9-205,Robert Kwiatkowski,LD,przedsiębiorca,przedsiębiorca,przedsiębiorca,Biznes i finanse,Biznes i finanse
9,272,9-272,Robert Obaz,Lewica,przedsiębiorca prywatny,przedsiębiorca prywatny,przedsiębiorca prywatny,Biznes i finanse,Biznes i finanse
9,37,9-37,Stanisław Bukowiec,KP,przedsiębiorca,przedsiębiorca,przedsiębiorca,Biznes i finanse,Biznes i finanse
9,459,9-459,Stanisław Żuk,Kukiz15,menedżer,menedżer,menedżer,Biznes i finanse,Biznes i finanse
9,465,9-465,Szymon Pogoda,PiS,menedżer,menedżer,menedżer,Biznes i finanse,Biznes i finanse
9,262,9-262,Sławomir Neumann,KO,ekonomista,ekonomista,ekonomista,Biznes i finanse,Biznes i finanse
9,12,9-12,Tadeusz Aziewicz,KO,ekonomista,ekonomista,ekonomista,Biznes i finanse,Biznes i finanse
9,393,9-393,Tadeusz Tomaszewski,Lewica,ekonomista,ekonomista,ekonomista,Biznes i finanse,Biznes i finanse
9,283,9-283,Teresa Pamuła,PiS,dyrektor zarządzający,dyrektor zarządzający,dyrektor zarządzający,Biznes i finanse,Biznes i finanse
9,341,9-341,Tomasz Siemoniak,KO,ekonomista,ekonomista,ekonomista,Biznes i finanse,Biznes i finanse
9,398,9-398,Tomasz Trela,Lewica,ekonomista,ekonomista,ekonomista,Biznes i finanse,Biznes i finanse
9,448,9-448,Urszula Zielińska,KO,kierownik do spraw marketingu,kierownik do spraw marketingu,kierownik do spraw marketingu,Biznes i finanse,Biznes i finanse
9,461,9-461,Waldemar Olejniczak,PiS,przedsiębiorca prywatny,przedsiębiorca prywatny,przedsiębiorca prywatny,Biznes i finanse,Biznes i finanse
9,366,9-366,Wiesław Szczepański,Lewica,ekonomista,ekonomista,ekonomista,Biznes i finanse,Biznes i finanse
9,327,9-327,Wojciech Saługa,KO,ekonomista,ekonomista,ekonomista,Biznes i finanse,Biznes i finanse
9,469,9-469,Zbigniew Ajchler,niez.,przedsiębiorca rolny,przedsiębiorca rolny,przedsiębiorca rolny,Biznes i finanse,Biznes i finanse
9,466,9-466,Łukasz Mejza,niez.,przedsiębiorca,przedsiębiorca,przedsiębiorca,Biznes i finanse,Biznes i finanse
9,431,9-431,Agata Katarzyna Wojtyszek,PiS,nauczyciel,nauczyciel,nauczyciel,Edukacja i nauka,Edukacja i nauka
9,75,9-75,Agnieszka Dziemianowicz-Bąk,Lewica,pedagog,pedagog,pedagog,Edukacja i nauka,Edukacja i nauka
9,383,9-383,Agnieszka Ścigaj,PS,socjolog,socjolog,socjolog,Edukacja i nauka,Edukacja i nauka
9,463,9-463,Andrzej Szlachta,PiS,nauczyciel akademicki,nauczyciel akademicki,nauczyciel akademicki,Edukacja i nauka,Edukacja i nauka
9,197,9-197,Anita Kucharska-Dziedzic,Lewica,nauczycielka akademicka-nauki humanistyczne,nauczycielka akademicka-nauki humanistyczne,nauczycielka akademicka-nauki humanistyczne,Edukacja i nauka,Edukacja i nauka
9,190,9-190,Anna Krupka,PiS,socjolog,socjolog,socjolog,Edukacja i nauka,Edukacja i nauka
9,245,9-245,Anna Milczanowska,PiS,pedagog,pedagog,pedagog,Edukacja i nauka,Edukacja i nauka
9,227,9-227,Antoni Macierewicz,PiS,historyk,historyk,historyk,Edukacja i nauka,Edukacja i nauka
9,54,9-54,Arkadiusz Czartoryski,PiS,nauczyciel,nauczyciel,nauczyciel,Edukacja i nauka,Edukacja i nauka
9,73,9-73,Artur Dziambor,niez.,nauczyciel,nauczyciel,nauczyciel,Edukacja i nauka,Edukacja i nauka
9,342,9-342,Bartłomiej Sienkiewicz,KO,historyk,historyk,historyk,Edukacja i nauka,Edukacja i nauka
9,226,9-226,Beata Maciejewska,niez.,edukatorka,edukatorka,edukatorka,Edukacja i nauka,Edukacja i nauka
9,36,9-36,Borys Budka,KO,nauczyciel akademicki,nauczyciel akademicki,nauczyciel akademicki,Edukacja i nauka,Edukacja i nauka
9,340,9-340,Czesław Siekierski,KP,nauczyciel akademicki,nauczyciel akademicki,nauczyciel akademicki,Edukacja i nauka,Edukacja i nauka
9,160,9-160,Dariusz Klimczak,KP,historyk,historyk,historyk,Edukacja i nauka,Edukacja i nauka
9,297,9-297,Dariusz Piontkowski,PiS,nauczyciel historii,nauczyciel historii,nauczyciel historii,Edukacja i nauka,Edukacja i nauka
9,92,9-92,Elżbieta Gapińska,KO,pedagog,pedagog,pedagog,Edukacja i nauka,Edukacja i nauka
9,312,9-312,Ireneusz Raś,KP,historyk,historyk,historyk,Edukacja i nauka,Edukacja i nauka
9,180,9-180,Iwona Maria Kozłowska,KO,pedagog,pedagog,pedagog,Edukacja i nauka,Edukacja i nauka
9,243,9-243,Iwona Michałek,KP,nauczyciel,nauczyciel,nauczyciel,Edukacja i nauka,Edukacja i nauka
9,213,9-213,Izabela Leszczyna,KO,nauczyciel,nauczyciel,nauczyciel,Edukacja i nauka,Edukacja i nauka
9,462,9-462,Jacek Kurzępa,PiS,nauczyciel akademicki,nauczyciel akademicki,nauczyciel akademicki,Edukacja i nauka,Edukacja i nauka
9,114,9-114,Jarosław Gowin,niez.,nauczyciel akademicki,nauczyciel akademicki,nauczyciel akademicki,Edukacja i nauka,Edukacja i nauka
9,406,9-406,Jarosław Urbaniak,KO,logik,logik,logik,Edukacja i nauka,Edukacja i nauka
9,29,9-29,Joanna Borowiak,PiS,nauczyciel akademicki,nauczyciel akademicki,nauczyciel akademicki,Edukacja i nauka,Edukacja i nauka
9,79,9-79,Joanna Fabisiak,KO,nauczyciel akademicki,nauczyciel akademicki,nauczyciel akademicki,Edukacja i nauka,Edukacja i nauka
9,331,9-331,Joanna Scheuring-Wielgus,Lewica,socjolog,socjolog,socjolog,Edukacja i nauka,Edukacja i nauka
9,336,9-336,Joanna Senyszyn,LD,profesor,profesor,profesor,Edukacja i nauka,Edukacja i nauka
9,59,9-59,Katarzyna Czochara,PiS,filolog germański,filolog germański,filolog germański,Edukacja i nauka,Edukacja i nauka
9,173,9-173,Katarzyna Kotula,Lewica,filolog angielski,filolog angielski,filolog angielski,Edukacja i nauka,Edukacja i nauka
9,186,9-186,Katarzyna Kretkowska,Lewica,nauczycielka,nauczycielka,nauczycielka,Edukacja i nauka,Edukacja i nauka
9,220,9-220,Katarzyna Lubnauer,KO,nauczyciel akademicki,nauczyciel akademicki,nauczyciel akademicki,Edukacja i nauka,Edukacja i nauka
9,405,9-405,Katarzyna Ueberhan,Lewica,filozofka,filozofka,filozofka,Edukacja i nauka,Edukacja i nauka
9,251,9-251,Kazimierz Moskal,PiS,nauczyciel,nauczyciel,nauczyciel,Edukacja i nauka,Edukacja i nauka
9,258,9-258,Killion Munyama,KO,nauczyciel akademicki,nauczyciel akademicki,nauczyciel akademicki,Edukacja i nauka,Edukacja i nauka
9,95,9-95,Krzysztof Gawkowski,Lewica,nauczyciel akademicki - nauki humanistyczne,nauczyciel akademicki - nauki humanistyczne,nauczyciel akademicki - nauki humanistyczne,Edukacja i nauka,Edukacja i nauka
9,118,9-118,Krzysztof Grabczuk,KO,nauczyciel akademicki,nauczyciel akademicki,nauczyciel akademicki,Edukacja i nauka,Edukacja i nauka
9,215,9-215,Krzysztof Lipiec,PiS,nauczyciel,nauczyciel,nauczyciel,Edukacja i nauka,Edukacja i nauka
9,291,9-291,Krzysztof Piątkowski,KO,historyk,historyk,historyk,Edukacja i nauka,Edukacja i nauka
9,38,9-38,Lidia Burzyńska,PiS,nauczyciel,nauczyciel,nauczyciel,Edukacja i nauka,Edukacja i nauka
9,98,9-98,Maciej Gdula,Lewica,socjolog,socjolog,socjolog,Edukacja i nauka,Edukacja i nauka
9,233,9-233,Maciej Małecki,PiS,historyk,historyk,historyk,Edukacja i nauka,Edukacja i nauka
9,418,9-418,Maciej Wąsik,PiS,archeolog,archeolog,archeolog,Edukacja i nauka,Edukacja i nauka
9,22,9-22,Magdalena Biejat,Lewica,socjolożka,socjolożka,socjolożka,Edukacja i nauka,Edukacja i nauka
9,224,9-224,Magdalena Łośko,KO,pedagog,pedagog,pedagog,Edukacja i nauka,Edukacja i nauka
9,273,9-273,Marcin Ociepa,PiS,nauczyciel akademicki,nauczyciel akademicki,nauczyciel akademicki,Edukacja i nauka,Edukacja i nauka
9,193,9-193,Marek Krząkała,KO,nauczyciel,nauczyciel,nauczyciel,Edukacja i nauka,Edukacja i nauka
9,319,9-319,Marek Rutka,Lewica,nauczyciel akademicki,nauczyciel akademicki,nauczyciel akademicki,Edukacja i nauka,Edukacja i nauka
9,322,9-322,Marek Rząsa,KO,nauczyciel,nauczyciel,nauczyciel,Edukacja i nauka,Edukacja i nauka
9,464,9-464,Mariusz Gosek,PiS,pedagog,pedagog,pedagog,Edukacja i nauka,Edukacja i nauka
9,154,9-154,Mariusz Kamiński,PiS,historyk,historyk,historyk,Edukacja i nauka,Edukacja i nauka
9,397,9-397,Małgorzata Tracz,KO,specjalista do spraw szkoleń,specjalista do spraw szkoleń,specjalista do spraw szkoleń,Edukacja i nauka,Edukacja i nauka
9,71,9-71,Michał Dworczyk,PiS,historyk,historyk,historyk,Edukacja i nauka,Edukacja i nauka
9,18,9-18,Mieczysław Baszko,PiS,nauczyciel wychowania fizycznego,nauczyciel wychowania fizycznego,nauczyciel wychowania fizycznego,Edukacja i nauka,Edukacja i nauka
9,358,9-358,Mirosława Stachowiak-Różecka,PiS,pedagog,pedagog,pedagog,Edukacja i nauka,Edukacja i nauka
9,174,9-174,Paweł Kowal,KO,nauczyciel akademicki,nauczyciel akademicki,nauczyciel akademicki,Edukacja i nauka,Edukacja i nauka
9,217,9-217,Paweł Lisiecki,PiS,historyk,historyk,historyk,Edukacja i nauka,Edukacja i nauka
9,284,9-284,Paweł Papke,KO,pedagog,pedagog,pedagog,Edukacja i nauka,Edukacja i nauka
9,14,9-14,Piotr Babinetz,PiS,historyk,historyk,historyk,Edukacja i nauka,Edukacja i nauka
9,105,9-105,Piotr Gliński,PiS,nauczyciel akademicki,nauczyciel akademicki,nauczyciel akademicki,Edukacja i nauka,Edukacja i nauka
9,417,9-417,Piotr Wawrzyk,PiS,nauczyciel akademicki,nauczyciel akademicki,nauczyciel akademicki,Edukacja i nauka,Edukacja i nauka
9,122,9-122,Rafał Grupiński,KO,historyk kultury,historyk kultury,historyk kultury,Edukacja i nauka,Edukacja i nauka
9,392,9-392,Ryszard Terlecki,PiS,wykładowca akademicki,wykładowca akademicki,wykładowca akademicki,Edukacja i nauka,Edukacja i nauka
9,403,9-403,Stanisław Tyszka,Konfederacja,wykładowca akademicki,wykładowca akademicki,wykładowca akademicki,Edukacja i nauka,Edukacja i nauka
9,436,9-436,Tadeusz Woźniak,PiS,historyk,historyk,historyk,Edukacja i nauka,Edukacja i nauka
9,412,9-412,Teresa Wargocka,PiS,socjolog,socjolog,socjolog,Edukacja i nauka,Edukacja i nauka
9,106,9-106,Tomasz Głogowski,KO,nauczyciel akademicki,nauczyciel akademicki,nauczyciel akademicki,Edukacja i nauka,Edukacja i nauka
9,212,9-212,Tomasz Lenz,KO,historyk,historyk,historyk,Edukacja i nauka,Edukacja i nauka
9,275,9-275,Tomasz Olichwer,KO,filolog polski,filolog polski,filolog polski,Edukacja i nauka,Edukacja i nauka
9,346,9-346,Waldemar Sługocki,KO,nauczyciel akademicki,nauczyciel akademicki,nauczyciel akademicki,Edukacja i nauka,Edukacja i nauka
9,76,9-76,Waldy Dzikowski,KO,chemik,chemik,chemik,Edukacja i nauka,Edukacja i nauka
9,269,9-269,Wanda Nowicka,Lewica,filolożka klasyczna,filolożka klasyczna,filolożka klasyczna,Edukacja i nauka,Edukacja i nauka
9,39,9-39,Wiesław Buż,Lewica,socjolog,socjolog,socjolog,Edukacja i nauka,Edukacja i nauka
9,16,9-16,Władysław Teofil Bartoszewski,KP,historyk,historyk,historyk,Edukacja i nauka,Edukacja i nauka
9,394,9-394,Włodzimierz Tomaszewski,PiS,pedagog,pedagog,pedagog,Edukacja i nauka,Edukacja i nauka
9,64,9-64,Zbigniew Dolata,PiS,nauczyciel historii,nauczyciel historii,nauczyciel historii,Edukacja i nauka,Edukacja i nauka
9,102,9-102,Zbigniew Girzyński,PS,nauczyciel akademicki,nauczyciel akademicki,nauczyciel akademicki,Edukacja i nauka,Edukacja i nauka
9,165,9-165,Zbigniew Konwiński,KO,historyk,historyk,historyk,Edukacja i nauka,Edukacja i nauka
9,194,9-194,Henryka Krzywonos-Strycharska,KO,maszynistka biurowa,maszynistka biurowa,maszynistka biurowa,Inne,Inne
9,33,9-33,Krzysztof Bosak,Konfederacja,działacz społeczny,działacz społeczny,działacz społeczny,Inne,Inne
9,164,9-164,Maciej Konieczny,Lewica,zawodowy działacz organizacji pozarządowej,zawodowy działacz organizacji pozarządowej,zawodowy działacz organizacji pozarządowej,Inne,Inne
9,268,9-268,Danuta Nowicka,PiS,metalurg,metalurg,metalurg,Inżynieria i techniczne,Technika i IT
9,423,9-423,Dariusz Wieczorek,Lewica,inżynier elektryk,inżynier elektryk,inżynier elektryk,Inżynieria i techniczne,Technika i IT
9,360,9-360,Franciszek Sterczewski,KO,architekt,architekt,architekt,Inżynieria i techniczne,Technika i IT
9,239,9-239,Grzegorz Matusiak,PiS,inż. energetyk,inż. energetyk,inż. energetyk,Inżynieria i techniczne,Technika i IT
9,8,9-8,Jan Krzysztof Ardanowski,PiS,inżynier rolnictwa,inżynier rolnictwa,inżynier rolnictwa,Inżynieria i techniczne,Technika i IT
9,386,9-386,Janusz Śniadek,PiS,inżynier mechanik,inżynier mechanik,inżynier mechanik,Inżynieria i techniczne,Technika i IT
9,323,9-323,Jarosław Rzepa,KP,inżynier ogrodnik,inżynier ogrodnik,inżynier ogrodnik,Inżynieria i techniczne,Technika i IT
9,28,9-28,Jerzy Borowczak,KO,technik mechanik,technik mechanik,technik mechanik,Inżynieria i techniczne,Technika i IT
9,237,9-237,Jerzy Materna,PiS,inżynier budownictwa ogólnego,inżynier budownictwa ogólnego,inżynier budownictwa ogólnego,Inżynieria i techniczne,Technika i IT
9,287,9-287,Jerzy Paul,PiS,inżynier ogrodnictwa,inżynier ogrodnictwa,inżynier ogrodnictwa,Inżynieria i techniczne,Technika i IT
9,109,9-109,Kazimierz Gołojuch,PiS,inżynier mechanizacji rolnictwa,inżynier mechanizacji rolnictwa,inżynier mechanizacji rolnictwa,Inżynieria i techniczne,Technika i IT
9,298,9-298,Kazimierz Plocke,KO,inżynier rolnik,inżynier rolnik,inżynier rolnik,Inżynieria i techniczne,Technika i IT
9,87,9-87,Krzysztof Gadowski,KO,mgr inż. transportu,mgr inż. transportu,mgr inż. transportu,Inżynieria i techniczne,Technika i IT
9,179,9-179,Krzysztof Janusz Kozik,PiS,inżynier górnik górnictwo podziemne,inżynier górnik górnictwo podziemne,inżynier górnik górnictwo podziemne,Inżynieria i techniczne,Technika i IT
9,208,9-208,Maciej Lasek,KO,inżynier lotniczy budowy płatowców,inżynier lotniczy budowy płatowców,inżynier lotniczy budowy płatowców,Inżynieria i techniczne,Technika i IT
9,126,9-126,Marcin Gwóźdź,PiS,inżynier,inżynier,inżynier,Inżynieria i techniczne,Technika i IT
9,159,9-159,Marcin Kierwiński,KO,inżynier elektronik,inżynier elektronik,inżynier elektronik,Inżynieria i techniczne,Technika i IT
9,121,9-121,Marek Gróbarczyk,PiS,inżynier mechanik,inżynier mechanik,inżynier mechanik,Inżynieria i techniczne,Technika i IT
9,329,9-329,Marek Sawicki,KP,inżynier rolnictwa,inżynier rolnictwa,inżynier rolnictwa,Inżynieria i techniczne,Technika i IT
9,399,9-399,Mariusz Trepka,PiS,inżynier organizacji i planowania produkcji,inżynier organizacji i planowania produkcji,inżynier organizacji i planowania produkcji,Inżynieria i techniczne,Technika i IT
9,40,9-40,Małgorzata Chmiel,KO,inżynier architekt,inżynier architekt,inżynier architekt,Inżynieria i techniczne,Technika i IT
9,20,9-20,Paweł Bejda,KP,inżynier mechanik,inżynier mechanik,inżynier mechanik,Inżynieria i techniczne,Technika i IT
9,91,9-91,Ryszard Galla,niez.,inżynier mechanik,inżynier mechanik,inżynier mechanik,Inżynieria i techniczne,Technika i IT
9,475,9-475,Stanisław Żmijan,KO,inżynier budownictwa,inżynier budownictwa,inżynier budownictwa,Inżynieria i techniczne,Technika i IT
9,7,9-7,Tomasz Aniśko,KO,architekt krajobrazu,architekt krajobrazu,architekt krajobrazu,Inżynieria i techniczne,Technika i IT
9,41,9-41,Zbigniew Chmielowiec,PiS,inżynier środowiska,inżynier środowiska,inżynier środowiska,Inżynieria i techniczne,Technika i IT
9,442,9-442,Adrian Zandberg,Lewica,programista,programista,programista,IT,Technika i IT
9,266,9-266,Barbara Nowacka,KO,informatyczka,informatyczka,informatyczka,IT,Technika i IT
9,201,9-201,Jakub Kulesza,niez.,konsultant do spraw systemów teleinformatycznych,konsultant do spraw systemów teleinformatycznych,konsultant do spraw systemów teleinformatycznych,IT,Technika i IT
9,110,9-110,Jarosław Gonciarz,PiS,specjalista zastosowań informatyki,specjalista zastosowań informatyki,specjalista zastosowań informatyki,IT,Technika i IT
9,21,9-21,Konrad Berkowicz,Konfederacja,programista,programista,programista,IT,Technika i IT
9,402,9-402,Sylwester Tułajew,PiS,informatyk,informatyk,informatyk,IT,Technika i IT
9,316,9-316,Andrzej Rozenek,LD,dziennikarz,dziennikarz,dziennikarz,Media i kultura,"Kultura, media i sport"
9,112,9-112,Daria Gosek-Popiołek,Lewica,kierowniczka domu kultury,kierowniczka domu kultury,kierowniczka domu kultury,Media i kultura,"Kultura, media i sport"
9,43,9-43,Dominika Chorosińska,PiS,aktorka,aktorka,aktorka,Media i kultura,"Kultura, media i sport"
9,60,9-60,Eugeniusz Czykwin,KO,dziennikarz,dziennikarz,dziennikarz,Media i kultura,"Kultura, media i sport"
9,34,9-34,Grzegorz Braun,Konfederacja,reżyser,reżyser,reżyser,Media i kultura,"Kultura, media i sport"
9,384,9-384,Iwona Śledzińska-Katarasińska,KO,dziennikarz,dziennikarz,dziennikarz,Media i kultura,"Kultura, media i sport"
9,168,9-168,Janusz Korwin-Mikke,Konfederacja,publicysta,publicysta,publicysta,Media i kultura,"Kultura, media i sport"
9,161,9-161,Joanna Kluzik-Rostkowska,KO,dziennikarz,dziennikarz,dziennikarz,Media i kultura,"Kultura, media i sport"
9,214,9-214,Joanna Lichocka,PiS,dziennikarz,dziennikarz,dziennikarz,Media i kultura,"Kultura, media i sport"
9,140,9-140,Klaudia Jachira,KO,aktor,aktor,aktor,Media i kultura,"Kultura, media i sport"
9,86,9-86,Konrad Frysztak,KO,"dziennikarz, prawnik",dziennikarz,dziennikarz,Media i kultura,"Kultura, media i sport"
9,244,9-244,Krzysztof Mieszkowski,KO,kulturoznawca,kulturoznawca,kulturoznawca,Media i kultura,"Kultura, media i sport"
9,158,9-158,Małgorzata Kidawa-Błońska,KO,producent filmowy,producent filmowy,producent filmowy,Media i kultura,"Kultura, media i sport"
9,308,9-308,Małgorzata Prokop-Paczkowska,Lewica,dziennikarka,dziennikarka,dziennikarka,Media i kultura,"Kultura, media i sport"
9,199,9-199,Paweł Kukiz,Kukiz15,muzyk,muzyk,muzyk,Media i kultura,"Kultura, media i sport"
9,3,9-3,Piotr Adamowicz,KO,dziennikarz,dziennikarz,dziennikarz,Media i kultura,"Kultura, media i sport"
9,404,9-404,Robert Tyszkiewicz,KO,wydawca,wydawca,wydawca,Media i kultura,"Kultura, media i sport"
9,427,9-427,Robert Winnicki,Konfederacja,publicysta,publicysta,publicysta,Media i kultura,"Kultura, media i sport"
9,452,9-452,Tomasz Zimoch,Polska2050,dziennikarz,dziennikarz,dziennikarz,Media i kultura,"Kultura, media i sport"
9,11,9-11,Urszula Augustyn,KO,dziennikarka,dziennikarka,dziennikarka,Media i kultura,"Kultura, media i sport"
9,5,9-5,Adam Andruszkiewicz,PiS,parlamentarzysta,parlamentarzysta,parlamentarzysta,Polityka,Polityka
9,94,9-94,Adam Gawęda,PiS,parlamentarzysta,parlamentarzysta,parlamentarzysta,Polityka,Polityka
9,373,9-373,Adam Szłapka,KO,politolog,politolog,politolog,Polityka,Polityka
9,304,9-304,Agnieszka Pomaska,KO,politolog,politolog,politolog,Polityka,Polityka
9,350,9-350,Agnieszka Soin,PiS,parlamentarzysta,parlamentarzysta,parlamentarzysta,Polityka,Polityka
9,253,9-253,Aleksander Mrówczyński,PiS,parlamentarzysta,parlamentarzysta,parlamentarzysta,Polityka,Polityka
9,1,9-1,Andrzej Adamczyk,PiS,parlamentarzysta,parlamentarzysta,parlamentarzysta,Polityka,Polityka
9,192,9-192,Andrzej Kryj,PiS,parlamentarzysta,parlamentarzysta,parlamentarzysta,Polityka,Polityka
9,45,9-45,Anna Ewa Cicholska,PiS,parlamentarzysta,parlamentarzysta,parlamentarzysta,Polityka,Polityka
9,282,9-282,Anna Paluch,PiS,parlamentarzysta,parlamentarzysta,parlamentarzysta,Polityka,Polityka
9,332,9-332,Anna Schmidt,PiS,parlamentarzysta,parlamentarzysta,parlamentarzysta,Polityka,Polityka
9,415,9-415,Anna Wasilewska,KO,poseł,poseł,poseł,Polityka,Polityka
9,256,9-256,Arkadiusz Mularczyk,PiS,parlamentarzysta,parlamentarzysta,parlamentarzysta,Polityka,Polityka
9,349,9-349,Artur Soboń,PiS,parlamentarzysta,parlamentarzysta,parlamentarzysta,Polityka,Polityka
9,364,9-364,Artur Szałabawka,PiS,parlamentarzysta,parlamentarzysta,parlamentarzysta,Polityka,Polityka
9,438,9-438,Bartłomiej Wróblewski,PiS,parlamentarzysta,parlamentarzysta,parlamentarzysta,Polityka,Polityka
9,238,9-238,Beata Mateusiak-Pielucha,PiS,parlamentarzysta,parlamentarzysta,parlamentarzysta,Polityka,Polityka
9,458,9-458,Bożena Żelazowska,KP,politolog,politolog,politolog,Polityka,Polityka
9,396,9-396,Cezary Tomczyk,KO,politolog,politolog,politolog,Polityka,Polityka
9,337,9-337,Edward Siarka,PiS,parlamentarzysta,parlamentarzysta,parlamentarzysta,Polityka,Polityka
9,68,9-68,Elżbieta Duda,PiS,parlamentarzysta,parlamentarzysta,parlamentarzysta,Polityka,Polityka
9,429,9-429,Elżbieta Witek,PiS,parlamentarzysta,parlamentarzysta,parlamentarzysta,Polityka,Polityka
9,471,9-471,Elżbieta Zielińska,PiS,politolog,politolog,politolog,Polityka,Polityka
9,83,9-83,Ewa Filipiak,PiS,parlamentarzysta,parlamentarzysta,parlamentarzysta,Polityka,Polityka
9,163,9-163,Ewa Kołodziej,KO,politolog,politolog,politolog,Polityka,Polityka
9,230,9-230,Ewa Malik,PiS,parlamentarzysta,parlamentarzysta,parlamentarzysta,Polityka,Polityka
9,148,9-148,Filip Kaczyński,PiS,politolog,politolog,politolog,Polityka,Polityka
9,210,9-210,Gabriela Lenartowicz,KO,parlamentarzysta,parlamentarzysta,parlamentarzysta,Polityka,Polityka
9,236,9-236,Gabriela Masłowska,PiS,parlamentarzysta,parlamentarzysta,parlamentarzysta,Polityka,Polityka
9,435,9-435,Grzegorz Adam Woźniak,PiS,parlamentarzysta,parlamentarzysta,parlamentarzysta,Polityka,Polityka
9,218,9-218,Grzegorz Lorek,PiS,parlamentarzysta,parlamentarzysta,parlamentarzysta,Polityka,Polityka
9,261,9-261,Grzegorz Napieralski,KO,parlamentarzysta,parlamentarzysta,parlamentarzysta,Polityka,Polityka
9,294,9-294,Grzegorz Piechowiak,PiS,parlamentarzysta,parlamentarzysta,parlamentarzysta,Polityka,Polityka
9,311,9-311,Grzegorz Puda,PiS,parlamentarzysta,parlamentarzysta,parlamentarzysta,Polityka,Polityka
9,330,9-330,Grzegorz Schetyna,KO,parlamentarzysta,parlamentarzysta,parlamentarzysta,Polityka,Polityka
9,175,9-175,Henryk Kowalczyk,PiS,parlamentarzysta,parlamentarzysta,parlamentarzysta,Polityka,Polityka
9,9,9-9,Iwona Arent,PiS,politolog,politolog,politolog,Polityka,Polityka
9,56,9-56,Jacek Czerniak,Lewica,politolog,politolog,politolog,Polityka,Polityka
9,280,9-280,Jacek Osuch,PiS,parlamentarzysta,parlamentarzysta,parlamentarzysta,Polityka,Polityka
9,309,9-309,Jacek Protas,KO,polityk,polityk,polityk,Polityka,Polityka
9,310,9-310,Jacek Protasiewicz,KP,parlamentarzysta,parlamentarzysta,parlamentarzysta,Polityka,Polityka
9,388,9-388,Jacek Świat,PiS,parlamentarzysta,parlamentarzysta,parlamentarzysta,Polityka,Polityka
9,457,9-457,Jacek Żalek,PiS,poseł,poseł,poseł,Polityka,Polityka
9,78,9-78,Jadwiga Emilewicz,PiS,politolog,politolog,politolog,Polityka,Polityka
9,320,9-320,Jakub Rutnicki,KO,polityk,polityk,polityk,Polityka,Polityka
9,69,9-69,Jan Duda,PiS,parlamentarzysta,parlamentarzysta,parlamentarzysta,Polityka,Polityka
9,74,9-74,Jan Dziedziczak,PiS,politolog,politolog,politolog,Polityka,Polityka
9,119,9-119,Jan Grabiec,KO,poseł,poseł,poseł,Polityka,Polityka
9,250,9-250,Jan Mosiński,PiS,parlamentarzysta,parlamentarzysta,parlamentarzysta,Polityka,Polityka
9,223,9-223,Jan Łopata,KP,parlamentarzysta,parlamentarzysta,parlamentarzysta,Polityka,Polityka
9,46,9-46,Janusz Cichoń,KO,poseł,poseł,poseł,Polityka,Polityka
9,181,9-181,Jarosław Krajewski,PiS,politolog,politolog,politolog,Polityka,Polityka
9,335,9-335,Jarosław Sellin,PiS,parlamentarzysta,parlamentarzysta,parlamentarzysta,Polityka,Polityka
9,410,9-410,Jarosław Wałęsa,KO,politolog,politolog,politolog,Polityka,Polityka
9,449,9-449,Jarosław Zieliński,PiS,parlamentarzysta,parlamentarzysta,parlamentarzysta,Polityka,Polityka
9,23,9-23,Jerzy Bielecki,PiS,parlamentarzysta,parlamentarzysta,parlamentarzysta,Polityka,Polityka
9,426,9-426,Jerzy Wilk,PiS,parlamentarzysta,parlamentarzysta,parlamentarzysta,Polityka,Polityka
9,81,9-81,Jolanta Fedak,KP,politolog,politolog,politolog,Polityka,Polityka
9,30,9-30,Kamil Bortniczuk,PiS,parlamentarzysta,parlamentarzysta,parlamentarzysta,Polityka,Polityka
9,125,9-125,Kazimierz Gwiazdowski,PiS,parlamentarzysta,parlamentarzysta,parlamentarzysta,Polityka,Polityka
9,241,9-241,Kazimierz Matuszny,PiS,parlamentarzysta,parlamentarzysta,parlamentarzysta,Polityka,Polityka
9,89,9-89,Kinga Gajewska,KO,poseł na Sejm RP,poseł na Sejm RP,poseł na sejm rp,Polityka,Polityka
9,339,9-339,Krystyna Sibińska,KO,poseł,poseł,poseł,Polityka,Polityka
9,377,9-377,Krystyna Szumilas,KO,poseł,poseł,poseł,Polityka,Polityka
9,196,9-196,Krzysztof Kubów,PiS,parlamentarzysta,parlamentarzysta,parlamentarzysta,Polityka,Polityka
9,286,9-286,Krzysztof Paszyk,KP,parlamentarzysta,parlamentarzysta,parlamentarzysta,Polityka,Polityka
9,390,9-390,Krzysztof Tchórzewski,PiS,parlamentarzysta,parlamentarzysta,parlamentarzysta,Polityka,Polityka
9,162,9-162,Lech Kołakowski,PiS,poseł na Sejm RP,poseł na Sejm RP,poseł na sejm rp,Polityka,Polityka
9,184,9-184,Leonard Krasulski,PiS,parlamentarzysta,parlamentarzysta,parlamentarzysta,Polityka,Polityka
9,63,9-63,Leszek Dobrzyński,PiS,parlamentarzysta,parlamentarzysta,parlamentarzysta,Polityka,Polityka
9,90,9-90,Leszek Galemba,PiS,parlamentarzysta,parlamentarzysta,parlamentarzysta,Polityka,Polityka
9,70,9-70,Marcin Duszek,PiS,parlamentarzysta,parlamentarzysta,parlamentarzysta,Polityka,Polityka
9,136,9-136,Marcin Horała,PiS,parlamentarzysta,parlamentarzysta,parlamentarzysta,Polityka,Polityka
9,307,9-307,Marcin Porzucek,PiS,parlamentarzysta,parlamentarzysta,parlamentarzysta,Polityka,Polityka
9,24,9-24,Marek Biernacki,KP,Parlamentarzysta,Parlamentarzysta,parlamentarzysta,Polityka,Polityka
9,198,9-198,Marek Kuchciński,PiS,parlamentarzysta,parlamentarzysta,parlamentarzysta,Polityka,Polityka
9,207,9-207,Marek Kwitek,PiS,parlamentarzysta,parlamentarzysta,parlamentarzysta,Polityka,Polityka
9,240,9-240,Marek Matuszewski,PiS,parlamentarzysta,parlamentarzysta,parlamentarzysta,Polityka,Polityka
9,278,9-278,Marek Opioła,PiS,politolog,politolog,politolog,Polityka,Polityka
9,302,9-302,Marek Polak,PiS,parlamentarzysta,parlamentarzysta,parlamentarzysta,Polityka,Polityka
9,363,9-363,Marek Suski,PiS,polityk - sekretarz stanu,polityk - sekretarz stanu,polityk - sekretarz stanu,Polityka,Polityka
9,152,9-152,Mariusz Kałużny,PiS,politolog,politolog,politolog,Polityka,Polityka
9,428,9-428,Mariusz Witczak,KO,politolog,politolog,politolog,Polityka,Polityka
9,195,9-195,Marta Kubiak,PiS,politolog,politolog,politolog,Polityka,Polityka
9,225,9-225,Marzena Machałek,PiS,parlamentarzysta,parlamentarzysta,parlamentarzysta,Polityka,Polityka
9,274,9-274,Marzena Okła-Drewnowicz,KO,poseł na sejm RP,poseł na sejm RP,poseł na sejm rp,Polityka,Polityka
9,249,9-249,Mateusz Morawiecki,PiS,polityk,polityk,polityk,Polityka,Polityka
9,113,9-113,Małgorzata Gosiewska,PiS,poseł na Sejm RP,poseł na Sejm RP,poseł na sejm rp,Polityka,Polityka
9,47,9-47,Michał Cieślak,PiS,parlamentarzysta,parlamentarzysta,parlamentarzysta,Polityka,Polityka
9,139,9-139,Michał Jach,PiS,parlamentarzysta,parlamentarzysta,parlamentarzysta,Polityka,Polityka
9,144,9-144,Michał Jaros,KO,parlamentarzysta,parlamentarzysta,parlamentarzysta,Polityka,Polityka
9,367,9-367,Michał Szczerba,KO,poseł na Sejm RP,poseł na Sejm RP,poseł na sejm rp,Polityka,Polityka
9,439,9-439,Michał Wypij,KO,politolog,politolog,politolog,Polityka,Polityka
9,437,9-437,Michał Wójcik,PiS,polityk,polityk,polityk,Polityka,Polityka
9,271,9-271,Mirosława Nykiel,KO,poseł na sejm RP,poseł na sejm RP,poseł na sejm rp,Polityka,Polityka
9,289,9-289,Monika Pawłowska,PiS,specjalista do spraw stosunków międzynarodowych,specjalista do spraw stosunków międzynarodowych,specjalista do spraw stosunków międzynarodowych,Polityka,Polityka
9,314,9-314,Monika Rosa,KO,politolog,politolog,politolog,Polityka,Polityka
9,147,9-147,Norbert Kaczmarczyk,PiS,parlamentarzysta,parlamentarzysta,parlamentarzysta,Polityka,Polityka
9,451,9-451,Piotr Benedykt Zientarski,KO,parlamentarzysta,parlamentarzysta,parlamentarzysta,Polityka,Polityka
9,31,9-31,Piotr Borys,KO,przedstawiciel władzy samorządowej - radny,przedstawiciel władzy samorządowej - radny,przedstawiciel władzy samorządowej - radny,Polityka,Polityka
9,150,9-150,Piotr Kaleta,PiS,parlamentarzysta,parlamentarzysta,parlamentarzysta,Polityka,Polityka
9,188,9-188,Piotr Król,PiS,politolog,politolog,politolog,Polityka,Polityka
9,303,9-303,Piotr Polak,PiS,parlamentarzysta,parlamentarzysta,parlamentarzysta,Polityka,Polityka
9,408,9-408,Piotr Uruski,PiS,parlamentarzysta,parlamentarzysta,parlamentarzysta,Polityka,Polityka
9,409,9-409,Piotr Uściński,PiS,parlamentarzysta,parlamentarzysta,parlamentarzysta,Polityka,Polityka
9,446,9-446,Piotr Zgorzelski,KP,parlamentarzysta,parlamentarzysta,parlamentarzysta,Polityka,Polityka
9,51,9-51,Przemysław Czarnecki,PiS,parlamentarzysta,parlamentarzysta,parlamentarzysta,Polityka,Polityka
9,470,9-470,Rafał Romanowski,PiS,politolog,politolog,politolog,Polityka,Polityka
9,111,9-111,Robert Gontarz,PiS,przedstawiciel władzy samorządowej - radny,przedstawiciel władzy samorządowej - radny,przedstawiciel władzy samorządowej - radny,Polityka,Polityka
9,187,9-187,Robert Kropiwnicki,KO,parlamentarzysta,parlamentarzysta,parlamentarzysta,Polityka,Polityka
9,413,9-413,Robert Warwas,PiS,politolog,politolog,politolog,Polityka,Polityka
9,15,9-15,Ryszard Bartosik,PiS,parlamentarzysta,parlamentarzysta,parlamentarzysta,Polityka,Polityka
9,379,9-379,Stanisław Szwed,PiS,parlamentarzysta,parlamentarzysta,parlamentarzysta,Polityka,Polityka
9,182,9-182,Stefan Krajewski,KP,politolog,politolog,politolog,Polityka,Polityka
9,103,9-103,Szymon Giżyński,PiS,poseł,poseł,poseł,Polityka,Polityka
9,382,9-382,Szymon Szynkowski vel Sęk,PiS,sekretarz stanu,sekretarz stanu,sekretarz stanu,Polityka,Polityka
9,265,9-265,Sławomir Nitras,KO,parlamentarzysta,parlamentarzysta,parlamentarzysta,Polityka,Polityka
9,345,9-345,Sławomir Skwarek,PiS,parlamentarzysta,parlamentarzysta,parlamentarzysta,Polityka,Polityka
9,444,9-444,Sławomir Zawiślak,PiS,parlamentarzysta,parlamentarzysta,parlamentarzysta,Polityka,Polityka
9,48,9-48,Tadeusz Cymański,PiS,parlamentarzysta,parlamentarzysta,parlamentarzysta,Polityka,Polityka
9,104,9-104,Teresa Glenc,PiS,parlamentarzysta,parlamentarzysta,parlamentarzysta,Polityka,Polityka
9,128,9-128,Teresa Hałas,PiS,parlamentarzysta,parlamentarzysta,parlamentarzysta,Polityka,Polityka
9,171,9-171,Tomasz Kostuś,KO,politolog,politolog,politolog,Polityka,Polityka
9,267,9-267,Tomasz Piotr Nowak,KO,parlamentarzysta,parlamentarzysta,parlamentarzysta,Polityka,Polityka
9,381,9-381,Tomasz Szymański,KO,poseł zawodowy,poseł zawodowy,poseł zawodowy,Polityka,Polityka
9,450,9-450,Tomasz Zieliński,PiS,parlamentarzysta,parlamentarzysta,parlamentarzysta,Polityka,Polityka
9,221,9-221,Tomasz Ławniczak,PiS,parlamentarzysta,parlamentarzysta,parlamentarzysta,Polityka,Polityka
9,317,9-317,Urszula Rusecka,PiS,parlamentarzysta,parlamentarzysta,parlamentarzysta,Polityka,Polityka
9,6,9-6,Waldemar Andzel,PiS,politolog,politolog,politolog,Polityka,Polityka
9,141,9-141,Wiesław Janczyk,PiS,parlamentarzysta,parlamentarzysta,parlamentarzysta,Polityka,Polityka
9,183,9-183,Wiesław Krajewski,PiS,parlamentarzysta,parlamentarzysta,parlamentarzysta,Polityka,Polityka
9,52,9-52,Witold Czarnecki,PiS,parlamentarzysta,parlamentarzysta,parlamentarzysta,Polityka,Polityka
9,445,9-445,Witold Zembaczyński,KO,politolog,politolog,politolog,Polityka,Polityka
9,259,9-259,Wojciech Murdzek,PiS,parlamentarzysta,parlamentarzysta,parlamentarzysta,Polityka,Polityka
9,454,9-454,Wojciech Zubowski,PiS,parlamentarzysta,parlamentarzysta,parlamentarzysta,Polityka,Polityka
9,55,9-55,Włodzimierz Czarzasty,Lewica,politolog,politolog,politolog,Polityka,Polityka
9,13,9-13,Zbigniew Babalski,PiS,parlamentarzysta,parlamentarzysta,parlamentarzysta,Polityka,Polityka
9,134,9-134,Zbigniew Grzegorz Hoffmann,PiS,politolog,politolog,politolog,Polityka,Polityka
9,57,9-57,Zofia Czernow,KO,parlamentarzystka,parlamentarzystka,parlamentarzystka,Polityka,Polityka
9,333,9-333,Łukasz Schreiber,PiS,poseł na Sejm RP,poseł na Sejm RP,poseł na sejm rp,Polityka,Polityka
9,129,9-129,Agnieszka Hanajczyk,KO,prawnik,prawnik,prawnik,Prawo,Prawo
9,172,9-172,Andrzej Kosztowniak,PiS,ekonomista prawnik,ekonomista prawnik,ekonomista prawnik,Prawo,Prawo
9,371,9-371,Andrzej Szejna,Lewica,adwokat i radca prawny,adwokat i radca prawny,adwokat i radca prawny,Prawo,Prawo
9,58,9-58,Anita Czerwińska,PiS,prawnik,prawnik,prawnik,Prawo,Prawo
9,460,9-460,Anna Maria Żukowska,Lewica,prawnik,prawnik,prawnik,Prawo,Prawo
9,260,9-260,Arkadiusz Myrcha,KO,radca prawny,radca prawny,radca prawny,Prawo,Prawo
9,17,9-17,Barbara Bartuś,PiS,prawnik,prawnik,prawnik,Prawo,Prawo
9,65,9-65,Barbara Dolniak,KO,prawnik,prawnik,prawnik,Prawo,Prawo
9,177,9-177,Bartosz Kownacki,PiS,adwokat,adwokat,adwokat,Prawo,Prawo
9,351,9-351,Bogusław Sonik,niez.,prawnik,prawnik,prawnik,Prawo,Prawo
9,32,9-32,Bożena Borys-Szopa,PiS,prawnik,prawnik,prawnik,Prawo,Prawo
9,117,9-117,Cezary Grabarczyk,KO,adwokat,adwokat,adwokat,Prawo,Prawo
9,252,9-252,Czesław Mroczek,KO,prawnik,prawnik,prawnik,Prawo,Prawo
9,246,9-246,Daniel Milewski,PiS,prawnik,prawnik,prawnik,Prawo,Prawo
9,389,9-389,Dominik Tarczyński,PiS,prawnik,prawnik,prawnik,Prawo,Prawo
9,211,9-211,Ewa Leniart,PiS,prawnik,prawnik,prawnik,Prawo,Prawo
9,318,9-318,Grzegorz Rusiecki,KO,prawnik,prawnik,prawnik,Prawo,Prawo
9,456,9-456,Ireneusz Zyska,PiS,radca prawny,radca prawny,radca prawny,Prawo,Prawo
9,281,9-281,Jacek Ozdoba,PiS,prawnik,prawnik,prawnik,Prawo,Prawo
9,395,9-395,Jacek Tomczak,KP,notariusz,notariusz,notariusz,Prawo,Prawo
9,155,9-155,Jan Kanthak,PiS,prawnik,prawnik,prawnik,Prawo,Prawo
9,176,9-176,Janusz Kowalski,PiS,prawnik,prawnik,prawnik,Prawo,Prawo
9,149,9-149,Jarosław Kaczyński,PiS,prawnik,prawnik,prawnik,Prawo,Prawo
9,301,9-301,Jerzy Polaczek,PiS,prawnik,prawnik,prawnik,Prawo,Prawo
9,145,9-145,Joanna Jaśkowiak,KO,notariusz,notariusz,notariusz,Prawo,Prawo
9,299,9-299,Kacper Płażyński,PiS,adwokat,adwokat,adwokat,Prawo,Prawo
9,93,9-93,Kamila Gasiuk-Pihowicz,KO,adwokat,adwokat,adwokat,Prawo,Prawo
9,288,9-288,Karolina Pawliczak,KO,prawnik,prawnik,prawnik,Prawo,Prawo
9,296,9-296,Katarzyna Maria Piekarska,KO,radca prawny,radca prawny,radca prawny,Prawo,Prawo
9,279,9-279,Katarzyna Osos,KO,radca prawny,radca prawny,radca prawny,Prawo,Prawo
9,347,9-347,Kazimierz Smoliński,PiS,adwokat,adwokat,adwokat,Prawo,Prawo
9,86,9-86,Konrad Frysztak,KO,"dziennikarz, prawnik",prawnik,prawnik,Prawo,Prawo
9,344,9-344,Krystyna Skowrońska,KO,administratywista,administratywista,administratywista,Prawo,Prawo
9,348,9-348,Krzysztof Sobolewski,PiS,administratywista,administratywista,administratywista,Prawo,Prawo
9,401,9-401,Krzysztof Tuduj,Konfederacja,prawnik,prawnik,prawnik,Prawo,Prawo
9,385,9-385,Krzysztof Śmiszek,Lewica,prawnik,prawnik,prawnik,Prawo,Prawo
9,411,9-411,Marcin Warchoł,PiS,adwokat,adwokat,adwokat,Prawo,Prawo
9,10,9-10,Marek Ast,PiS,radca prawny,radca prawny,radca prawny,Prawo,Prawo
9,334,9-334,Małgorzata Sekuła-Szmajdzińska,Lewica,adwokat,adwokat,adwokat,Prawo,Prawo
9,416,9-416,Małgorzata Wassermann,PiS,adwokat,adwokat,adwokat,Prawo,Prawo
9,120,9-120,Michał Gramatyka,Polska2050,prawnik,prawnik,prawnik,Prawo,Prawo
9,434,9-434,Michał Woś,PiS,prawnik,prawnik,prawnik,Prawo,Prawo
9,80,9-80,Monika Falej,Lewica,prawniczka,prawniczka,prawniczka,Prawo,Prawo
9,370,9-370,Paweł Szefernaker,PiS,prawnik,prawnik,prawnik,Prawo,Prawo
9,257,9-257,Piotr Müller,PiS,prawnik,prawnik,prawnik,Prawo,Prawo
9,326,9-326,Piotr Sak,PiS,adwokat,adwokat,adwokat,Prawo,Prawo
9,166,9-166,Przemysław Koperski,Lewica,prawnik,prawnik,prawnik,Prawo,Prawo
9,27,9-27,Rafał Bochenek,PiS,prawnik,prawnik,prawnik,Prawo,Prawo
9,420,9-420,Rafał Weber,PiS,prawnik,prawnik,prawnik,Prawo,Prawo
9,151,9-151,Sebastian Kaleta,PiS,radca prawny,radca prawny,radca prawny,Prawo,Prawo
9,293,9-293,Sławomir Jan Piechota,KO,radca prawny,radca prawny,radca prawny,Prawo,Prawo
9,455,9-455,Tadeusz Zwiefka,KO,prawnik,prawnik,prawnik,Prawo,Prawo
9,324,9-324,Tomasz Rzymkowski,PiS,prawnik,prawnik,prawnik,Prawo,Prawo
9,285,9-285,Urszula Pasławska,KP,prawnik,prawnik,prawnik,Prawo,Prawo
9,35,9-35,Waldemar Buda,PiS,prawnik,prawnik,prawnik,Prawo,Prawo
9,170,9-170,Wojciech Kossakowski,PiS,prawnik,prawnik,prawnik,Prawo,Prawo
9,365,9-365,Wojciech Szarama,PiS,adwokat,adwokat,adwokat,Prawo,Prawo
9,313,9-313,Zbigniew Rau,PiS,prawnik,prawnik,prawnik,Prawo,Prawo
9,453,9-453,Zbigniew Ziobro,PiS,prawnik,prawnik,prawnik,Prawo,Prawo
9,468,9-468,Adam Ołdakowski,PiS,rolnik,rolnik,rolnik,Rolnictwo i środowisko,Inne
9,19,9-19,Dariusz Bąk,PiS,leśnik,leśnik,leśnik,Rolnictwo i środowisko,Inne
9,430,9-430,Grzegorz Wojciechowski,PiS,rolnik,rolnik,rolnik,Rolnictwo i środowisko,Inne
9,472,9-472,Krzysztof Głuchowski,PiS,rolnik,rolnik,rolnik,Rolnictwo i środowisko,Inne
9,108,9-108,Małgorzata Golińska,PiS,leśnik,leśnik,leśnik,Rolnictwo i środowisko,Inne
9,231,9-231,Mirosław Maliszewski,KP,rolnik-ogrodnik,rolnik-ogrodnik,rolnik-ogrodnik,Rolnictwo i środowisko,Inne
9,391,9-391,Robert Telus,PiS,rolnik,rolnik,rolnik,Rolnictwo i środowisko,Inne
9,4,9-4,Romuald Ajchler,Lewica,rolnik,rolnik,rolnik,Rolnictwo i środowisko,Inne
9,447,9-447,Zbigniew Ziejewski,KP,rolnik,rolnik,rolnik,Rolnictwo i środowisko,Inne
9,235,9-235,Jagna Marczułajtis-Walczak,KO,trener sportowy,trener sportowy,trener sportowy,Sport i fitness,"Kultura, media i sport"
9,352,9-352,Andrzej Sośnierz,PS,lekarz medycyny,lekarz medycyny,lekarz medycyny,Zdrowie,Zdrowie
9,62,9-62,Anna Dąbrowska-Banaszek,PiS,lekarz medycyny,lekarz medycyny,lekarz medycyny,Zdrowie,Zdrowie
9,292,9-292,Bolesław Piecha,PiS,lekarz medycyny,lekarz medycyny,lekarz medycyny,Zdrowie,Zdrowie
9,133,9-133,Czesław Hoc,PiS,lekarz medycyny,lekarz medycyny,lekarz medycyny,Zdrowie,Zdrowie
9,263,9-263,Dorota Niedziela,KO,lekarz weterynarii,lekarz weterynarii,lekarz weterynarii,Zdrowie,Zdrowie
9,300,9-300,Elżbieta Płonka,PiS,lekarz medycyny rodzinnej,lekarz medycyny rodzinnej,lekarz medycyny rodzinnej,Zdrowie,Zdrowie
9,130,9-130,Jerzy Hardie-Douglas,KO,lekarz specjalista chirurgii onkologicznej,lekarz specjalista chirurgii onkologicznej,lekarz specjalista chirurgii onkologicznej,Zdrowie,Zdrowie
9,356,9-356,Katarzyna Sójka,PiS,lekarz - specjalista chorób wewnętrznych,lekarz - specjalista chorób wewnętrznych,lekarz - specjalista chorób wewnętrznych,Zdrowie,Zdrowie
9,376,9-376,Krzysztof Szulowski,PiS,lekarz weterynarii,lekarz weterynarii,lekarz weterynarii,Zdrowie,Zdrowie
9,135,9-135,Marek Hok,KO,lekarz specjalista położnictwa i ginekologii,lekarz specjalista położnictwa i ginekologii,lekarz specjalista położnictwa i ginekologii,Zdrowie,Zdrowie
9,321,9-321,Paweł Rychlik,PiS,farmaceuta,farmaceuta,farmaceuta,Zdrowie,Zdrowie
9,219,9-219,Radosław Lubczyk,KP,lekarz dentysta,lekarz dentysta,lekarz dentysta,Zdrowie,Zdrowie
9,247,9-247,Rajmund Miller,KO,lekarz medycyny,lekarz medycyny,lekarz medycyny,Zdrowie,Zdrowie
9,127,9-127,Riad Haidar,KO,lekarz medycyny,lekarz medycyny,lekarz medycyny,Zdrowie,Zdrowie
9,209,9-209,Tomasz Latos,PiS,lekarz,lekarz,lekarz,Zdrowie,Zdrowie
9,228,9-228,Wojciech Maksymowicz,niez.,lekarz,lekarz,lekarz,Zdrowie,Zdrowie
9,169,9-169,Władysław Kosiniak-Kamysz,KP,lekarz medycyny,lekarz medycyny,lekarz medycyny,Zdrowie,Zdrowie
9,432,9-432,Zdzisław Wolski,Lewica,lekarz medycyny,lekarz medycyny,lekarz medycyny,Zdrowie,Zdrowie
9,378,9-378,Łukasz Szumowski,PiS,lekarz - specjalista kardiolog,lekarz - specjalista kardiolog,lekarz - specjalista kardiolog,Zdrowie,Zdrowie
10,195,10-195,Adam Krzemiński,KO,"nauczyciel, pracownik administracji samorządowej, technik elektronik",pracownik administracji samorządowej,pracownik administracji samorządowej,Administracja publiczna,Sektor publiczny i służby
10,380,10-380,Agnieszka Ścigaj,PiS,"doradca, pracownik socjalny, wykładowca",pracownik socjalny,pracownik socjalny,Administracja publiczna,Sektor publiczny i służby
10,221,10-221,Alicja Łepkowska-Gołaś,KO,archiwista,archiwista,archiwista,Administracja publiczna,Sektor publiczny i służby
10,192,10-192,Andrzej Kryj,PiS,urzędnik samorządowy,urzędnik samorządowy,urzędnik samorządowy,Administracja publiczna,Sektor publiczny i służby
10,370,10-370,Andrzej Szewiński,KO,"parlamentarzysta, pedagog, przedsiębiorca prywatny, sportowiec, urzędnik samorządowy",urzędnik samorządowy,urzędnik samorządowy,Administracja publiczna,Sektor publiczny i służby
10,461,10-461,Anna Baluch,PiS,urzędnik samorządowy,urzędnik samorządowy,urzędnik samorządowy,Administracja publiczna,Sektor publiczny i służby
10,95,10-95,Anna Gembicka,PiS,"prawnik, wyższy urzędnik państwowy",wyższy urzędnik państwowy,wyższy urzędnik państwowy,Administracja publiczna,Sektor publiczny i służby
10,205,10-205,Anna Kwiecień,PiS,urzędnik samorządowy,urzędnik samorządowy,urzędnik samorządowy,Administracja publiczna,Sektor publiczny i służby
10,242,10-242,Anna Milczanowska,PiS,pracownik administracji samorządowej,pracownik administracji samorządowej,pracownik administracji samorządowej,Administracja publiczna,Sektor publiczny i służby
10,480,10-480,Anna Paluch,PiS,pracownik administracji samorządowej,pracownik administracji samorządowej,pracownik administracji samorządowej,Administracja publiczna,Sektor publiczny i służby
10,290,10-290,Anna Pieczarka,PiS,"polityk, pracownik administracji samorządowej",pracownik administracji samorządowej,pracownik administracji samorządowej,Administracja publiczna,Sektor publiczny i służby
10,431,10-431,Anna Wojciechowska,KO,"doradca finansowy, pracownik administracji samorządowej",pracownik administracji samorządowej,pracownik administracji samorządowej,Administracja publiczna,Sektor publiczny i służby
10,57,10-57,Arkadiusz Czartoryski,PiS,urzędnik samorządowy,urzędnik samorządowy,urzędnik samorządowy,Administracja publiczna,Sektor publiczny i służby
10,43,10-43,Artur Chojecki,PiS,urzędnik państwowy,urzędnik państwowy,urzędnik państwowy,Administracja publiczna,Sektor publiczny i służby
10,349,10-349,Artur Soboń,PiS,pracownik samorządowy,pracownik samorządowy,pracownik samorządowy,Administracja publiczna,Sektor publiczny i służby
10,362,10-362,Artur Szałabawka,PiS,pracownik administracji państwowej,pracownik administracji państwowej,pracownik administracji państwowej,Administracja publiczna,Sektor publiczny i służby
10,444,10-444,Bartosz Zawieja,KO,urzędnik samorządowy,urzędnik samorządowy,urzędnik samorządowy,Administracja publiczna,Sektor publiczny i służby
10,338,10-338,Bartłomiej Sienkiewicz,KO,"archiwista, historyk",archiwista,archiwista,Administracja publiczna,Sektor publiczny i służby
10,110,10-110,Daria Gosek-Popiołek,Lewica,pracownik samorządowy,pracownik samorządowy,pracownik samorządowy,Administracja publiczna,Sektor publiczny i służby
10,216,10-216,Grzegorz Lorek,PiS,pracownik administracji samorządowej,pracownik administracji samorządowej,pracownik administracji samorządowej,Administracja publiczna,Sektor publiczny i służby
10,309,10-309,Ireneusz Raś,PSL-TD,urzędnik samorządowy,urzędnik samorządowy,urzędnik samorządowy,Administracja publiczna,Sektor publiczny i służby
10,157,10-157,Iwona Karolewska,KO,urzędnik samorządowy,urzędnik samorządowy,urzędnik samorządowy,Administracja publiczna,Sektor publiczny i służby
10,325,10-325,Jacek Sasin,PiS,urzędnik państwowy,urzędnik państwowy,urzędnik państwowy,Administracja publiczna,Sektor publiczny i służby
10,115,10-115,Jan Grabiec,KO,urzędnik państwowy,urzędnik państwowy,urzędnik państwowy,Administracja publiczna,Sektor publiczny i służby
10,75,10-75,Jan Michał Dziedziczak,PiS,urzędnik państwowy,urzędnik państwowy,urzędnik państwowy,Administracja publiczna,Sektor publiczny i służby
10,410,10-410,Jan Warzecha,PiS,pracownik samorządowy,pracownik samorządowy,pracownik samorządowy,Administracja publiczna,Sektor publiczny i służby
10,82,10-82,Joanna Frydrych,KO,"ekonomista, pracownik administracji państwowej",pracownik administracji państwowej,pracownik administracji państwowej,Administracja publiczna,Sektor publiczny i służby
10,28,10-28,Kamil Bortniczuk,PiS,"menedżer, prawnik, urzędnik państwowy",urzędnik państwowy,urzędnik państwowy,Administracja publiczna,Sektor publiczny i służby
10,185,10-185,Leonard Krasulski,PiS,pracownik administracyjny,pracownik administracyjny,pracownik administracyjny,Administracja publiczna,Sektor publiczny i służby
10,116,10-116,Marcin Grabowski,PiS,pracownik administracji państwowej,pracownik administracji państwowej,pracownik administracji państwowej,Administracja publiczna,Sektor publiczny i służby
10,134,10-134,Marcin Horała,PiS,"prawnik, specjalista ds. zarządzania, wyższy urzędnik państwowy",wyższy urzędnik państwowy,wyższy urzędnik państwowy,Administracja publiczna,Sektor publiczny i służby
10,341,10-341,Marcin Skonieczka,Centrum,"ekonomista, urzędnik samorządowy",urzędnik samorządowy,urzędnik samorządowy,Administracja publiczna,Sektor publiczny i służby
10,9,10-9,Marek Ast,PiS,"pracownik samorządowy, radca prawny, urzędnik państwowy",pracownik samorządowy,pracownik samorządowy,Administracja publiczna,Sektor publiczny i służby
10,9,10-9,Marek Ast,PiS,"pracownik samorządowy, radca prawny, urzędnik państwowy",urzędnik państwowy,urzędnik państwowy,Administracja publiczna,Sektor publiczny i służby
10,199,10-199,Marek Kuchciński,PiS,urzędnik państwowy,urzędnik państwowy,urzędnik państwowy,Administracja publiczna,Sektor publiczny i służby
10,352,10-352,Marek Sowa,KO,wyższy urzędnik państwowy,wyższy urzędnik państwowy,wyższy urzędnik państwowy,Administracja publiczna,Sektor publiczny i służby
10,132,10-132,Marek Tomasz Hok,KO,"lekarz, parlamentarzysta, urzędnik samorządowy",urzędnik samorządowy,urzędnik samorządowy,Administracja publiczna,Sektor publiczny i służby
10,20,10-20,Mariusz Błaszczak,PiS,urzędnik państwowy,urzędnik państwowy,urzędnik państwowy,Administracja publiczna,Sektor publiczny i służby
10,482,10-482,Mariusz Popielarz,KO,urzędnik samorządowy,urzędnik samorządowy,urzędnik samorządowy,Administracja publiczna,Sektor publiczny i służby
10,270,10-270,Marzena Okła-Drewnowicz,KO,urzędnik samorządowy,urzędnik samorządowy,urzędnik samorządowy,Administracja publiczna,Sektor publiczny i służby
10,111,10-111,Małgorzata Gosiewska,PiS,urzędnik państwowy,urzędnik państwowy,urzędnik państwowy,Administracja publiczna,Sektor publiczny i służby
10,118,10-118,Małgorzata Gromadzka,KO,pracownik administracji samorządowej,pracownik administracji samorządowej,pracownik administracji samorządowej,Administracja publiczna,Sektor publiczny i służby
10,365,10-365,Michał Szczerba,KO,urzędnik państwowy,urzędnik państwowy,urzędnik państwowy,Administracja publiczna,Sektor publiczny i służby
10,229,10-229,Mirosław Maliszewski,PSL-TD,pracownik administracji samorządowej,pracownik administracji samorządowej,pracownik administracji samorządowej,Administracja publiczna,Sektor publiczny i służby
10,421,10-421,Monika Wielichowska,KO,"dziennikarz, ekonomista, pracownik samorządowy",pracownik samorządowy,pracownik samorządowy,Administracja publiczna,Sektor publiczny i służby
10,332,10-332,Olga Ewa Semeniuk-Patkowska,PiS,wyższy urzędnik państwowy,wyższy urzędnik państwowy,wyższy urzędnik państwowy,Administracja publiczna,Sektor publiczny i służby
10,84,10-84,Patryk Gabriel,KO,urzędnik samorządowy,urzędnik samorządowy,urzędnik samorządowy,Administracja publiczna,Sektor publiczny i służby
10,19,10-19,Paweł Bliźniuk,KO,pracownik administracji samorządowej,pracownik administracji samorządowej,pracownik administracji samorządowej,Administracja publiczna,Sektor publiczny i służby
10,136,10-136,Paweł Hreniak,PiS,urzędnik państwowy,urzędnik państwowy,urzędnik państwowy,Administracja publiczna,Sektor publiczny i służby
10,322,10-322,Paweł Sałek,PiS,"inżynier mechanik, urzędnik państwowy",urzędnik państwowy,urzędnik państwowy,Administracja publiczna,Sektor publiczny i służby
10,373,10-373,Paweł Szrot,PiS,"prawnik, wyższy urzędnik państwowy",wyższy urzędnik państwowy,wyższy urzędnik państwowy,Administracja publiczna,Sektor publiczny i służby
10,472,10-472,Piotr Kowal,Lewica,pracownik administracyjny,pracownik administracyjny,pracownik administracyjny,Administracja publiczna,Sektor publiczny i służby
10,255,10-255,Piotr Müller,PiS,"prawnik, urzędnik państwowy",urzędnik państwowy,urzędnik państwowy,Administracja publiczna,Sektor publiczny i służby
10,449,10-449,Piotr Zgorzelski,PSL-TD,urzędnik samorządowy,urzędnik samorządowy,urzędnik samorządowy,Administracja publiczna,Sektor publiczny i służby
10,429,10-429,Przemysław Witek,KO,urzędnik państwowy,urzędnik państwowy,urzędnik państwowy,Administracja publiczna,Sektor publiczny i służby
10,387,10-387,Robert Telus,PiS,urzędnik państwowy,urzędnik państwowy,urzędnik państwowy,Administracja publiczna,Sektor publiczny i służby
10,224,10-224,Sebastian Łukaszewicz,PiS,pracownik administracji samorządowej,pracownik administracji samorządowej,pracownik administracji samorządowej,Administracja publiczna,Sektor publiczny i służby
10,17,10-17,Sylwia Bielawska,KO,pracownik samorządowy,pracownik samorządowy,pracownik samorządowy,Administracja publiczna,Sektor publiczny i służby
10,99,10-99,Szymon Giżyński,PiS,urzędnik państwowy,urzędnik państwowy,urzędnik państwowy,Administracja publiczna,Sektor publiczny i służby
10,378,10-378,Szymon Szynkowski vel Sęk,PiS,wyższy urzędnik państwowy,wyższy urzędnik państwowy,wyższy urzędnik państwowy,Administracja publiczna,Sektor publiczny i służby
10,377,10-377,Tomasz Szymański,KO,"parlamentarzysta, pracownik administracji samorządowej",pracownik administracji samorządowej,pracownik administracji samorządowej,Administracja publiczna,Sektor publiczny i służby
10,267,10-267,Urszula Nowogórska,PSL-TD,"pielęgniarka, pracownik administracji samorządowej",pracownik administracji samorządowej,pracownik administracji samorządowej,Administracja publiczna,Sektor publiczny i służby
10,315,10-315,Urszula Rusecka,PiS,"ekonomista, pracownik samorządowy",pracownik samorządowy,pracownik samorządowy,Administracja publiczna,Sektor publiczny i służby
10,344,10-344,Waldemar Sługocki,KO,"nauczyciel akademicki, urzędnik",urzędnik,urzędnik,Administracja publiczna,Sektor publiczny i służby
10,314,10-314,Wiesław Różyński,PSL-TD,pracownik administracji samorządowej,pracownik administracji samorządowej,pracownik administracji samorządowej,Administracja publiczna,Sektor publiczny i służby
10,190,10-190,Wojciech Król,KO,"parlamentarzysta, urzędnik samorządowy",urzędnik samorządowy,urzędnik samorządowy,Administracja publiczna,Sektor publiczny i służby
10,203,10-203,Władysław Kurowski,PiS,pracownik administracji samorządowej,pracownik administracji samorządowej,pracownik administracji samorządowej,Administracja publiczna,Sektor publiczny i służby
10,135,10-135,Łukasz Horbatowski,KO,pracownik samorządowy,pracownik samorządowy,pracownik samorządowy,Administracja publiczna,Sektor publiczny i służby
10,165,10-165,Łukasz Kmita,PiS,urzędnik państwowy,urzędnik państwowy,urzędnik państwowy,Administracja publiczna,Sektor publiczny i służby
10,330,10-330,Łukasz Schreiber,PiS,urzędnik państwowy,urzędnik państwowy,urzędnik państwowy,Administracja publiczna,Sektor publiczny i służby
10,106,10-106,Adam Gomoła,Polska2050,specjalista ds. rozwoju i promocji,specjalista ds. rozwoju i promocji,specjalista ds. rozwoju i promocji,Biznes i finanse,Biznes i finanse
10,219,10-219,Adam Luboński,Polska2050,przedsiębiorca prywatny,przedsiębiorca prywatny,przedsiębiorca prywatny,Biznes i finanse,Biznes i finanse
10,113,10-113,Agnieszka Górska,PiS,ekonomista,ekonomista,ekonomista,Biznes i finanse,Biznes i finanse
10,380,10-380,Agnieszka Ścigaj,PiS,"doradca, pracownik socjalny, wykładowca",doradca,doradca,Biznes i finanse,Biznes i finanse
10,245,10-245,Aleksander Miszalski,KO,przedsiębiorca prywatny,przedsiębiorca prywatny,przedsiębiorca prywatny,Biznes i finanse,Biznes i finanse
10,86,10-86,Aleksandra Gajewska,KO,przedsiębiorca prywatny,przedsiębiorca prywatny,przedsiębiorca prywatny,Biznes i finanse,Biznes i finanse
10,1,10-1,Andrzej Adamczyk,PiS,ekonomista,ekonomista,ekonomista,Biznes i finanse,Biznes i finanse
10,68,10-68,Andrzej Domański,KO,"doradca ds. ekonomicznych, ekonomista",doradca ds. ekonomicznych,doradca ds. ekonomicznych,Biznes i finanse,Biznes i finanse
10,68,10-68,Andrzej Domański,KO,"doradca ds. ekonomicznych, ekonomista",ekonomista,ekonomista,Biznes i finanse,Biznes i finanse
10,120,10-120,Andrzej Grzyb,PSL-TD,"ekonomista, inżynier ogrodnik",ekonomista,ekonomista,Biznes i finanse,Biznes i finanse
10,121,10-121,Andrzej Gut-Mostowy,PiS,ekonomista,ekonomista,ekonomista,Biznes i finanse,Biznes i finanse
10,176,10-176,Andrzej Kosztowniak,PiS,"ekonomista, prawnik",ekonomista,ekonomista,Biznes i finanse,Biznes i finanse
10,370,10-370,Andrzej Szewiński,KO,"parlamentarzysta, pedagog, przedsiębiorca prywatny, sportowiec, urzędnik samorządowy",przedsiębiorca prywatny,przedsiębiorca prywatny,Biznes i finanse,Biznes i finanse
10,431,10-431,Anna Wojciechowska,KO,"doradca finansowy, pracownik administracji samorządowej",doradca finansowy,doradca finansowy,Biznes i finanse,Biznes i finanse
10,339,10-339,Arkadiusz Sikora,Lewica,ekonomista,ekonomista,ekonomista,Biznes i finanse,Biznes i finanse
10,271,10-271,Barbara Okuła,Centrum,ekonomista,ekonomista,ekonomista,Biznes i finanse,Biznes i finanse
10,272,10-272,Barbara Oliwiecka,Centrum,"menedżer, trener kadry menedżerskiej",menedżer,menedżer,Biznes i finanse,Biznes i finanse
10,272,10-272,Barbara Oliwiecka,Centrum,"menedżer, trener kadry menedżerskiej",trener kadry menedżerskiej,trener kadry menedżerskiej,Biznes i finanse,Biznes i finanse
10,285,10-285,Bartłomiej Pejo,Konfederacja,"inżynier, menedżer",menedżer,menedżer,Biznes i finanse,Biznes i finanse
10,489,10-489,Bożena Lisowska,KO,przedsiębiorca,przedsiębiorca,przedsiębiorca,Biznes i finanse,Biznes i finanse
10,80,10-80,Bronisław Foltyn,Konfederacja,przedsiębiorca prywatny,przedsiębiorca prywatny,przedsiębiorca prywatny,Biznes i finanse,Biznes i finanse
10,144,10-144,Dariusz Joński,KO,ekonomista,ekonomista,ekonomista,Biznes i finanse,Biznes i finanse
10,5,10-5,Dorota Arciszewska-Mielewczyk,PiS,"ekonomista, menedżer",ekonomista,ekonomista,Biznes i finanse,Biznes i finanse
10,5,10-5,Dorota Arciszewska-Mielewczyk,PiS,"ekonomista, menedżer",menedżer,menedżer,Biznes i finanse,Biznes i finanse
10,233,10-233,Dorota Marek,KO,przedsiębiorca prywatny,przedsiębiorca prywatny,przedsiębiorca prywatny,Biznes i finanse,Biznes i finanse
10,39,10-39,Elżbieta Burkiewicz,Centrum,przedsiębiorca prywatny,przedsiębiorca prywatny,przedsiębiorca prywatny,Biznes i finanse,Biznes i finanse
10,94,10-94,Elżbieta Gelert,KO,menedżer,menedżer,menedżer,Biznes i finanse,Biznes i finanse
10,327,10-327,Ewa Schädler,Polska2050,przedsiębiorca prywatny,przedsiębiorca prywatny,przedsiębiorca prywatny,Biznes i finanse,Biznes i finanse
10,376,10-376,Ewa Szymanowska,Centrum,"menedżer marketingu, public relations",menedżer marketingu,menedżer marketingu,Biznes i finanse,Biznes i finanse
10,93,10-93,Grzegorz Gaża,PiS,"parlamentarzysta, przedsiębiorca prywatny",przedsiębiorca prywatny,przedsiębiorca prywatny,Biznes i finanse,Biznes i finanse
10,477,10-477,Grzegorz Macko,PiS,ekonomista,ekonomista,ekonomista,Biznes i finanse,Biznes i finanse
10,289,10-289,Grzegorz Piechowiak,PiS,"nadzorca sądowy, syndyk, zarządca nieruchomości",zarządca nieruchomości,zarządca nieruchomości,Biznes i finanse,Biznes i finanse
10,306,10-306,Grzegorz Puda,PiS,menedżer marketingu,menedżer marketingu,menedżer marketingu,Biznes i finanse,Biznes i finanse
10,296,10-296,Grzegorz Płaczek,Konfederacja,"nauczyciel, przedsiębiorca prywatny",przedsiębiorca prywatny,przedsiębiorca prywatny,Biznes i finanse,Biznes i finanse
10,436,10-436,Grzegorz Woźniak,PiS,menedżer,menedżer,menedżer,Biznes i finanse,Biznes i finanse
10,458,10-458,Ireneusz Zyska,PiS,"menedżer, radca prawny, parlamentarzysta",menedżer,menedżer,Biznes i finanse,Biznes i finanse
10,127,10-127,Iwona Hartwich,KO,sprzedawca,sprzedawca,sprzedawca,Biznes i finanse,Biznes i finanse
10,186,10-186,Iwona Małgorzata Krawczyk,KO,"menedżer, nauczyciel",menedżer,menedżer,Biznes i finanse,Biznes i finanse
10,23,10-23,Izabela Bodnar,Centrum,ekonomista,ekonomista,ekonomista,Biznes i finanse,Biznes i finanse
10,251,10-251,Izabela Katarzyna Mrzygłocka,KO,ekonomista,ekonomista,ekonomista,Biznes i finanse,Biznes i finanse
10,156,10-156,Jacek Karnowski,KO,"ekonomista, inżynier budownictwa",ekonomista,ekonomista,Biznes i finanse,Biznes i finanse
10,259,10-259,Jacek Niedźwiedzki,KO,specjalista ds. zarządzania,specjalista ds. zarządzania,specjalista ds. zarządzania,Biznes i finanse,Biznes i finanse
10,384,10-384,Jacek Świat,PiS,"parlamentarzysta, specjalista ds. marketingu",specjalista ds. marketingu,specjalista ds. marketingu,Biznes i finanse,Biznes i finanse
10,51,10-51,Janusz Cieszyński,PiS,menedżer,menedżer,menedżer,Biznes i finanse,Biznes i finanse
10,321,10-321,Jarosław Sachajko,Demokracja,przedsiębiorca prywatny,przedsiębiorca prywatny,przedsiębiorca prywatny,Biznes i finanse,Biznes i finanse
10,403,10-403,Jarosław Urbaniak,KO,menedżer,menedżer,menedżer,Biznes i finanse,Biznes i finanse
10,478,10-478,Jerzy Meysztowicz,KO,przedsiębiorca prywatny,przedsiębiorca prywatny,przedsiębiorca prywatny,Biznes i finanse,Biznes i finanse
10,82,10-82,Joanna Frydrych,KO,"ekonomista, pracownik administracji państwowej",ekonomista,ekonomista,Biznes i finanse,Biznes i finanse
10,454,10-454,Jolanta Zięba-Gzik,PSL-TD,specjalista ds. zarządzania,specjalista ds. zarządzania,specjalista ds. zarządzania,Biznes i finanse,Biznes i finanse
10,367,10-367,Józefa Szczurek-Żelazko,PiS,"menedżer, parlamentarzysta",menedżer,menedżer,Biznes i finanse,Biznes i finanse
10,28,10-28,Kamil Bortniczuk,PiS,"menedżer, prawnik, urzędnik państwowy",menedżer,menedżer,Biznes i finanse,Biznes i finanse
10,237,10-237,Katarzyna Matusik-Lipiec,KO,menedżer,menedżer,menedżer,Biznes i finanse,Biznes i finanse
10,467,10-467,Katarzyna Stachowicz,KO,menedżer,menedżer,menedżer,Biznes i finanse,Biznes i finanse
10,44,10-44,Kazimierz Bogusław Choma,PiS,zarządzanie zasobami ludzkimi,zarządzanie zasobami ludzkimi,zarządzanie zasobami ludzkimi,Biznes i finanse,Biznes i finanse
10,342,10-342,Krystyna Skowrońska,KO,bankowiec,bankowiec,bankowiec,Biznes i finanse,Biznes i finanse
10,254,10-254,Krzysztof Mulawa,Konfederacja,ekspert ds. kontrolingu,ekspert ds. kontrolingu,ekspert ds. kontrolingu,Biznes i finanse,Biznes i finanse
10,481,10-481,Krzysztof Piątkowski,KO,"historyk, nauczyciel, menedżer",menedżer,menedżer,Biznes i finanse,Biznes i finanse
10,386,10-386,Krzysztof Tchórzewski,PiS,"ekonomista, inżynier elektryk",ekonomista,ekonomista,Biznes i finanse,Biznes i finanse
10,396,10-396,Krzysztof Truskolaski,KO,ekonomista,ekonomista,ekonomista,Biznes i finanse,Biznes i finanse
10,77,10-77,Magdalena Filiks,KO,ekonomista,ekonomista,ekonomista,Biznes i finanse,Biznes i finanse
10,354,10-354,Magdalena Sroka,PSL-TD,menedżer,menedżer,menedżer,Biznes i finanse,Biznes i finanse
10,134,10-134,Marcin Horała,PiS,"prawnik, specjalista ds. zarządzania, wyższy urzędnik państwowy",specjalista ds. zarządzania,specjalista ds. zarządzania,Biznes i finanse,Biznes i finanse
10,341,10-341,Marcin Skonieczka,Centrum,"ekonomista, urzędnik samorządowy",ekonomista,ekonomista,Biznes i finanse,Biznes i finanse
10,139,10-139,Marek Jakubiak,niez.,przedsiębiorca prywatny,przedsiębiorca prywatny,przedsiębiorca prywatny,Biznes i finanse,Biznes i finanse
10,360,10-360,Marek Suski,PiS,specjalista ds. marketingu,specjalista ds. marketingu,specjalista ds. marketingu,Biznes i finanse,Biznes i finanse
10,416,10-416,Marek Wesoły,PiS,"nauczyciel, przedsiębiorca prywatny",przedsiębiorca prywatny,przedsiębiorca prywatny,Biznes i finanse,Biznes i finanse
10,140,10-140,Maria Małgorzata Janyska,KO,ekonomista,ekonomista,ekonomista,Biznes i finanse,Biznes i finanse
10,103,10-103,Marta Golbik,KO,przedsiębiorca prywatny,przedsiębiorca prywatny,przedsiębiorca prywatny,Biznes i finanse,Biznes i finanse
10,484,10-484,Marta Stożek,Razem,specjalista do spraw zarządzania,specjalista do spraw zarządzania,specjalista do spraw zarządzania,Biznes i finanse,Biznes i finanse
10,414,10-414,Marta Wcisło,KO,"menedżer, przedsiębiorca prywatny",menedżer,menedżer,Biznes i finanse,Biznes i finanse
10,414,10-414,Marta Wcisło,KO,"menedżer, przedsiębiorca prywatny",przedsiębiorca prywatny,przedsiębiorca prywatny,Biznes i finanse,Biznes i finanse
10,260,10-260,Małgorzata Niemczyk,KO,"ekonomista, nauczyciel, trener",ekonomista,ekonomista,Biznes i finanse,Biznes i finanse
10,287,10-287,Małgorzata Pępek,KO,ekonomista,ekonomista,ekonomista,Biznes i finanse,Biznes i finanse
10,52,10-52,Michał Cieślak,PiS,ekonomista,ekonomista,ekonomista,Biznes i finanse,Biznes i finanse
10,495,10-495,Michał Jach,PiS,ekonomista,ekonomista,ekonomista,Biznes i finanse,Biznes i finanse
10,141,10-141,Michał Jaros,KO,ekonomista,ekonomista,ekonomista,Biznes i finanse,Biznes i finanse
10,187,10-187,Michał Krawczyk,KO,menedżer,menedżer,menedżer,Biznes i finanse,Biznes i finanse
10,490,10-490,Michał Połuboczek,Konfederacja,przedsiębiorca prywatny,przedsiębiorca prywatny,przedsiębiorca prywatny,Biznes i finanse,Biznes i finanse
10,359,10-359,Mirosław Suchoń,Centrum,"ekonomista, informatyk",ekonomista,ekonomista,Biznes i finanse,Biznes i finanse
10,268,10-268,Mirosława Nykiel,KO,"menedżer, przedsiębiorca prywatny",menedżer,menedżer,Biznes i finanse,Biznes i finanse
10,268,10-268,Mirosława Nykiel,KO,"menedżer, przedsiębiorca prywatny",przedsiębiorca prywatny,przedsiębiorca prywatny,Biznes i finanse,Biznes i finanse
10,421,10-421,Monika Wielichowska,KO,"dziennikarz, ekonomista, pracownik samorządowy",ekonomista,ekonomista,Biznes i finanse,Biznes i finanse
10,418,10-418,Patryk Wicher,PiS,"menedżer, politolog",menedżer,menedżer,Biznes i finanse,Biznes i finanse
10,128,10-128,Paulina Hennig-Kloska,Centrum,"bankowiec, dziennikarz, ekonomista",bankowiec,bankowiec,Biznes i finanse,Biznes i finanse
10,128,10-128,Paulina Hennig-Kloska,Centrum,"bankowiec, dziennikarz, ekonomista",ekonomista,ekonomista,Biznes i finanse,Biznes i finanse
10,15,10-15,Paweł Bejda,PSL-TD,"inżynier mechanik, menedżer",menedżer,menedżer,Biznes i finanse,Biznes i finanse
10,274,10-274,Paweł Olszewski,KO,ekonomista,ekonomista,ekonomista,Biznes i finanse,Biznes i finanse
10,441,10-441,Paweł Zalewski,niez.,konsultant,konsultant,konsultant,Biznes i finanse,Biznes i finanse
10,112,10-112,Piotr Górnikiewicz,Polska2050,ekonomista,ekonomista,ekonomista,Biznes i finanse,Biznes i finanse
10,102,10-102,Piotr Głowski,KO,ekonomista,ekonomista,ekonomista,Biznes i finanse,Biznes i finanse
10,153,10-153,Piotr Kandyba,KO,menedżer,menedżer,menedżer,Biznes i finanse,Biznes i finanse
10,206,10-206,Piotr Lachowicz,KO,ekonomista,ekonomista,ekonomista,Biznes i finanse,Biznes i finanse
10,358,10-358,Piotr Paweł Strach,Polska2050,"menedżer, nauczyciel",menedżer,menedżer,Biznes i finanse,Biznes i finanse
10,405,10-405,Piotr Uściński,PiS,"elektronik, menedżer, parlamentarzysta",menedżer,menedżer,Biznes i finanse,Biznes i finanse
10,71,10-71,Przemysław Drabek,PiS,menedżer,menedżer,menedżer,Biznes i finanse,Biznes i finanse
10,424,10-424,Przemysław Wipler,Konfederacja,"prawnik, przedsiębiorca prywatny",przedsiębiorca prywatny,przedsiębiorca prywatny,Biznes i finanse,Biznes i finanse
10,158,10-158,Rafał Kasprzyk,Centrum,"inżynier budownictwa, menedżer",menedżer,menedżer,Biznes i finanse,Biznes i finanse
10,171,10-171,Rafał Komarewicz,Centrum,przedsiębiorca prywatny,przedsiębiorca prywatny,przedsiębiorca prywatny,Biznes i finanse,Biznes i finanse
10,107,10-107,Robert Gontarz,PiS,"ekonomista, matematyk, parlamentarzysta",ekonomista,ekonomista,Biznes i finanse,Biznes i finanse
10,494,10-494,Robert Jagła,KO,menedżer,menedżer,menedżer,Biznes i finanse,Biznes i finanse
10,188,10-188,Robert Kropiwnicki,KO,"menedżer, nauczyciel akademicki",menedżer,menedżer,Biznes i finanse,Biznes i finanse
10,408,10-408,Robert Wardzała,KO,menedżer,menedżer,menedżer,Biznes i finanse,Biznes i finanse
10,81,10-81,Roman Fritz,Konfederacja_KP,przedsiębiorca prywatny,przedsiębiorca prywatny,przedsiębiorca prywatny,Biznes i finanse,Biznes i finanse
10,286,10-286,Ryszard Petru,Centrum,doradca finansowy,doradca finansowy,doradca finansowy,Biznes i finanse,Biznes i finanse
10,422,10-422,Ryszard Wilk,Konfederacja,przedsiębiorca prywatny,przedsiębiorca prywatny,przedsiębiorca prywatny,Biznes i finanse,Biznes i finanse
10,298,10-298,Szymon Pogoda,PiS,menedżer,menedżer,menedżer,Biznes i finanse,Biznes i finanse
10,63,10-63,Sławomir Ćwik,Centrum,"menedżer, prawnik, przedsiębiorca prywatny",menedżer,menedżer,Biznes i finanse,Biznes i finanse
10,63,10-63,Sławomir Ćwik,Centrum,"menedżer, prawnik, przedsiębiorca prywatny",przedsiębiorca prywatny,przedsiębiorca prywatny,Biznes i finanse,Biznes i finanse
10,389,10-389,Tadeusz Tomaszewski,Lewica,ekonomista,ekonomista,ekonomista,Biznes i finanse,Biznes i finanse
10,423,10-423,Teresa Wilk,PiS,ekonomista,ekonomista,ekonomista,Biznes i finanse,Biznes i finanse
10,265,10-265,Tomasz Piotr Nowak,KO,przedsiębiorca prywatny,przedsiębiorca prywatny,przedsiębiorca prywatny,Biznes i finanse,Biznes i finanse
10,337,10-337,Tomasz Siemoniak,KO,ekonomista,ekonomista,ekonomista,Biznes i finanse,Biznes i finanse
10,395,10-395,Tomasz Trela,Lewica,ekonomista,ekonomista,ekonomista,Biznes i finanse,Biznes i finanse
10,471,10-471,Urszula Koszutska,KO,"menedżer, psycholog",menedżer,menedżer,Biznes i finanse,Biznes i finanse
10,315,10-315,Urszula Rusecka,PiS,"ekonomista, pracownik samorządowy",ekonomista,ekonomista,Biznes i finanse,Biznes i finanse
10,451,10-451,Urszula Sara Zielińska,KO,menedżer marketingu,menedżer marketingu,menedżer marketingu,Biznes i finanse,Biznes i finanse
10,345,10-345,Weronika Smarduch,KO,ekspert ds. kontrolingu,ekspert ds. kontrolingu,ekspert ds. kontrolingu,Biznes i finanse,Biznes i finanse
10,364,10-364,Wiesław Szczepański,Lewica,ekonomista,ekonomista,ekonomista,Biznes i finanse,Biznes i finanse
10,476,10-476,Wioletta Maria Kulpa,PiS,księgowa,księgowa,księgowa,Biznes i finanse,Biznes i finanse
10,323,10-323,Wojciech Saługa,KO,ekonomista,ekonomista,ekonomista,Biznes i finanse,Biznes i finanse
10,173,10-173,Zbigniew Konwiński,KO,"historyk, menedżer",menedżer,menedżer,Biznes i finanse,Biznes i finanse
10,60,10-60,Zofia Czernow,KO,ekonomista,ekonomista,ekonomista,Biznes i finanse,Biznes i finanse
10,240,10-240,Łukasz Mejza,niez.,przedsiębiorca prywatny,przedsiębiorca prywatny,przedsiębiorca prywatny,Biznes i finanse,Biznes i finanse
10,347,10-347,Anna Sobolak,KO,,,brak,Brak danych,Brak danych
10,499,10-499,Bożena Borowiec,Lewica,,,brak,Brak danych,Brak danych
10,420,10-420,Jarosław Wiesław Wieczorek,PiS,,,brak,Brak danych,Brak danych
10,261,10-261,Jolanta Niezgodzka,KO,,,brak,Brak danych,Brak danych
10,50,10-50,Krzysztof Ciecióra,PiS,,,brak,Brak danych,Brak danych
10,31,10-31,Marcin Bosacki,KO,,,brak,Brak danych,Brak danych
10,166,10-166,Michał Kobosko,Polska2050-TD,,,brak,Brak danych,Brak danych
10,336,10-336,Rafał Siemaszko,KO,,,brak,Brak danych,Brak danych
10,70,10-70,Robert Dowhan,KO,,,brak,Brak danych,Brak danych
10,340,10-340,Włodzimierz Skalik,Konfederacja_KP,,,brak,Brak danych,Brak danych
10,98,10-98,Włodzisław Giziński,KO,,,brak,Brak danych,Brak danych
10,195,10-195,Adam Krzemiński,KO,"nauczyciel, pracownik administracji samorządowej, technik elektronik",nauczyciel,nauczyciel,Edukacja i nauka,Edukacja i nauka
10,426,10-426,Adrian Witczak,KO,nauczyciel,nauczyciel,nauczyciel,Edukacja i nauka,Edukacja i nauka
10,433,10-433,Agata Wojtyszek,PiS,nauczyciel,nauczyciel,nauczyciel,Edukacja i nauka,Edukacja i nauka
10,36,10-36,Agnieszka Buczyńska,Polska2050,"politolog, socjolog",socjolog,socjolog,Edukacja i nauka,Edukacja i nauka
10,76,10-76,Agnieszka Dziemianowicz-Bąk,Lewica,"filozof, pedagog",filozof,filozof,Edukacja i nauka,Edukacja i nauka
10,76,10-76,Agnieszka Dziemianowicz-Bąk,Lewica,"filozof, pedagog",pedagog,pedagog,Edukacja i nauka,Edukacja i nauka
10,432,10-432,Agnieszka Wojciechowska van Heukelom,PiS,filolog,filolog,filolog,Edukacja i nauka,Edukacja i nauka
10,380,10-380,Agnieszka Ścigaj,PiS,"doradca, pracownik socjalny, wykładowca",wykładowca,wykładowca,Edukacja i nauka,Edukacja i nauka
10,464,10-464,Alicja Łuczak,KO,nauczycielka,nauczycielka,nauczycielka,Edukacja i nauka,Edukacja i nauka
10,370,10-370,Andrzej Szewiński,KO,"parlamentarzysta, pedagog, przedsiębiorca prywatny, sportowiec, urzędnik samorządowy",pedagog,pedagog,Edukacja i nauka,Edukacja i nauka
10,443,10-443,Andrzej Tomasz Zapałowski,Konfederacja,nauczyciel akademicki,nauczyciel akademicki,nauczyciel akademicki,Edukacja i nauka,Edukacja i nauka
10,198,10-198,Anita Kucharska-Dziedzic,Lewica,"nauczycielka akademicka, parlamentarzystka",nauczycielka akademicka,nauczycielka akademicka,Edukacja i nauka,Edukacja i nauka
10,48,10-48,Anna Ewa Cicholska,PiS,nauczyciel,nauczyciel,nauczyciel,Edukacja i nauka,Edukacja i nauka
10,191,10-191,Anna Krupka,PiS,socjolog,socjolog,socjolog,Edukacja i nauka,Edukacja i nauka
10,329,10-329,Anna Schmidt,PiS,socjolog,socjolog,socjolog,Edukacja i nauka,Edukacja i nauka
10,226,10-226,Antoni Macierewicz,PiS,historyk,historyk,historyk,Edukacja i nauka,Edukacja i nauka
10,385,10-385,Apoloniusz Tajner,KO,"nauczyciel, trener",nauczyciel,nauczyciel,Edukacja i nauka,Edukacja i nauka
10,231,10-231,Arkadiusz Marchewka,KO,nauczyciel akademicki,nauczyciel akademicki,nauczyciel akademicki,Edukacja i nauka,Edukacja i nauka
10,469,10-469,Barbara Grygorcewicz,KO,nauczyciel,nauczyciel,nauczyciel,Edukacja i nauka,Edukacja i nauka
10,338,10-338,Bartłomiej Sienkiewicz,KO,"archiwista, historyk",historyk,historyk,Edukacja i nauka,Edukacja i nauka
10,440,10-440,Bartłomiej Wróblewski,PiS,nauczyciel akademicki,nauczyciel akademicki,nauczyciel akademicki,Edukacja i nauka,Edukacja i nauka
10,447,10-447,Bogdan Andrzej Zdrojewski,KO,"filozof, polityk, kulturoznawca",filozof,filozof,Edukacja i nauka,Edukacja i nauka
10,496,10-496,Bogumiła Olbryś,PiS,"pielęgniarka, pedadog, nauczyciel",nauczyciel,nauczyciel,Edukacja i nauka,Edukacja i nauka
10,496,10-496,Bogumiła Olbryś,PiS,"pielęgniarka, pedadog, nauczyciel",pedadog,pedadog,Edukacja i nauka,Edukacja i nauka
10,38,10-38,Borys Budka,KO,"nauczyciel akademicki, radca prawny",nauczyciel akademicki,nauczyciel akademicki,Edukacja i nauka,Edukacja i nauka
10,335,10-335,Czesław Siekierski,PSL-TD,nauczyciel akademicki,nauczyciel akademicki,nauczyciel akademicki,Edukacja i nauka,Edukacja i nauka
10,243,10-243,Daniel Milewski,PiS,"nauczyciel akademicki, parlamentarzysta, polityk, prawnik",nauczyciel akademicki,nauczyciel akademicki,Edukacja i nauka,Edukacja i nauka
10,162,10-162,Dariusz Klimczak,PSL-TD,historyk,historyk,historyk,Edukacja i nauka,Edukacja i nauka
10,294,10-294,Dariusz Piontkowski,PiS,nauczyciel,nauczyciel,nauczyciel,Edukacja i nauka,Edukacja i nauka
10,465,10-465,Dominik Jaśkowiec,KO,nauczyciel akademicki,nauczyciel akademicki,nauczyciel akademicki,Edukacja i nauka,Edukacja i nauka
10,400,10-400,Donald Tusk,KO,nauczyciel,nauczyciel,nauczyciel,Edukacja i nauka,Edukacja i nauka
10,273,10-273,Dorota Olko,Lewica,socjolog,socjolog,socjolog,Edukacja i nauka,Edukacja i nauka
10,333,10-333,Edward Siarka,PiS,nauczyciel,nauczyciel,nauczyciel,Edukacja i nauka,Edukacja i nauka
10,88,10-88,Elżbieta Gapińska,KO,pedagog,pedagog,pedagog,Edukacja i nauka,Edukacja i nauka
10,428,10-428,Elżbieta Witek,PiS,nauczyciel,nauczyciel,nauczyciel,Edukacja i nauka,Edukacja i nauka
10,296,10-296,Grzegorz Płaczek,Konfederacja,"nauczyciel, przedsiębiorca prywatny",nauczyciel,nauczyciel,Edukacja i nauka,Edukacja i nauka
10,179,10-179,Henryk Kowalczyk,PiS,matematyk,matematyk,matematyk,Edukacja i nauka,Edukacja i nauka
10,182,10-182,Iwona Maria Kozłowska,KO,pedagog,pedagog,pedagog,Edukacja i nauka,Edukacja i nauka
10,186,10-186,Iwona Małgorzata Krawczyk,KO,"menedżer, nauczyciel",nauczyciel,nauczyciel,Edukacja i nauka,Edukacja i nauka
10,212,10-212,Izabela Leszczyna,KO,nauczyciel,nauczyciel,nauczyciel,Edukacja i nauka,Edukacja i nauka
10,304,10-304,Jacek Protas,KO,"nauczyciel, trener",nauczyciel,nauczyciel,Edukacja i nauka,Edukacja i nauka
10,232,10-232,Jagna Marczułajtis-Walczak,KO,"nauczyciel, trener",nauczyciel,nauczyciel,Edukacja i nauka,Edukacja i nauka
10,49,10-49,Janusz Cichoń,KO,"emeryt, nauczyciel akademicki",nauczyciel akademicki,nauczyciel akademicki,Edukacja i nauka,Edukacja i nauka
10,331,10-331,Jarosław Sellin,PiS,nauczyciel akademicki,nauczyciel akademicki,nauczyciel akademicki,Edukacja i nauka,Edukacja i nauka
10,452,10-452,Jarosław Zieliński,PiS,"nauczyciel, parlamentarzysta",nauczyciel,nauczyciel,Edukacja i nauka,Edukacja i nauka
10,27,10-27,Joanna Borowiak,PiS,"nauczyciel, nauczyciel akademicki",nauczyciel,nauczyciel,Edukacja i nauka,Edukacja i nauka
10,27,10-27,Joanna Borowiak,PiS,"nauczyciel, nauczyciel akademicki",nauczyciel akademicki,nauczyciel akademicki,Edukacja i nauka,Edukacja i nauka
10,252,10-252,Joanna Mucha,niez.,nauczyciel akademicki,nauczyciel akademicki,nauczyciel akademicki,Edukacja i nauka,Edukacja i nauka
10,328,10-328,Joanna Scheuring-Wielgus,Lewica,socjolog,socjolog,socjolog,Edukacja i nauka,Edukacja i nauka
10,417,10-417,Joanna Wicha,Lewica,"pielęgniarka, socjolog",socjolog,socjolog,Edukacja i nauka,Edukacja i nauka
10,218,10-218,Katarzyna Anna Lubnauer,KO,nauczyciel akademicki,nauczyciel akademicki,nauczyciel akademicki,Edukacja i nauka,Edukacja i nauka
10,62,10-62,Katarzyna Czochara,PiS,nauczyciel,nauczyciel,nauczyciel,Edukacja i nauka,Edukacja i nauka
10,177,10-177,Katarzyna Kotula,Lewica,nauczyciel,nauczyciel,nauczyciel,Edukacja i nauka,Edukacja i nauka
10,402,10-402,Katarzyna Ueberhan,Lewica,filozof,filozof,filozof,Edukacja i nauka,Edukacja i nauka
10,223,10-223,Krystian Łuczak,KO,archeolog,archeolog,archeolog,Edukacja i nauka,Edukacja i nauka
10,374,10-374,Krystyna Szumilas,KO,nauczyciel,nauczyciel,nauczyciel,Edukacja i nauka,Edukacja i nauka
10,90,10-90,Krzysztof Gawkowski,Lewica,nauczyciel akademicki,nauczyciel akademicki,nauczyciel akademicki,Edukacja i nauka,Edukacja i nauka
10,114,10-114,Krzysztof Grabczuk,KO,nauczyciel akademicki,nauczyciel akademicki,nauczyciel akademicki,Edukacja i nauka,Edukacja i nauka
10,214,10-214,Krzysztof Lipiec,PiS,nauczyciel,nauczyciel,nauczyciel,Edukacja i nauka,Edukacja i nauka
10,481,10-481,Krzysztof Piątkowski,KO,"historyk, nauczyciel, menedżer",historyk,historyk,Edukacja i nauka,Edukacja i nauka
10,481,10-481,Krzysztof Piątkowski,KO,"historyk, nauczyciel, menedżer",nauczyciel,nauczyciel,Edukacja i nauka,Edukacja i nauka
10,40,10-40,Lidia Burzyńska,PiS,nauczyciel,nauczyciel,nauczyciel,Edukacja i nauka,Edukacja i nauka
10,293,10-293,Lucjan Marek Pietrzczyk,KO,nauczyciel,nauczyciel,nauczyciel,Edukacja i nauka,Edukacja i nauka
10,208,10-208,Maciej Lasek,KO,"inżynier mechanik, nauczyciel akademicki",nauczyciel akademicki,nauczyciel akademicki,Edukacja i nauka,Edukacja i nauka
10,230,10-230,Maciej Małecki,PiS,historyk,historyk,historyk,Edukacja i nauka,Edukacja i nauka
10,413,10-413,Maciej Wąsik,PiS,archeolog,archeolog,archeolog,Edukacja i nauka,Edukacja i nauka
10,483,10-483,Magdalena Roguska,KO,filolog,filolog,filolog,Edukacja i nauka,Edukacja i nauka
10,462,10-462,Magdalena Łośko,KO,pedagog,pedagog,pedagog,Edukacja i nauka,Edukacja i nauka
10,264,10-264,Maja Ewa Nowak,Polska2050,pedagog,pedagog,pedagog,Edukacja i nauka,Edukacja i nauka
10,145,10-145,Marcin Józefaciuk,niez.,nauczyciel,nauczyciel,nauczyciel,Edukacja i nauka,Edukacja i nauka
10,269,10-269,Marcin Ociepa,PiS,nauczyciel akademicki,nauczyciel akademicki,nauczyciel akademicki,Edukacja i nauka,Edukacja i nauka
10,311,10-311,Marcin Romanowski,PiS,"nauczyciel akademicki, prawnik",nauczyciel akademicki,nauczyciel akademicki,Edukacja i nauka,Edukacja i nauka
10,124,10-124,Marek Gzik,KO,nauczyciel akademicki,nauczyciel akademicki,nauczyciel akademicki,Edukacja i nauka,Edukacja i nauka
10,194,10-194,Marek Krząkała,KO,"nauczyciel, tłumacz",nauczyciel,nauczyciel,Edukacja i nauka,Edukacja i nauka
10,194,10-194,Marek Krząkała,KO,"nauczyciel, tłumacz",tłumacz,tłumacz,Edukacja i nauka,Edukacja i nauka
10,319,10-319,Marek Rząsa,KO,nauczyciel,nauczyciel,nauczyciel,Edukacja i nauka,Edukacja i nauka
10,498,10-498,Marek Subocz,PiS,"filolog, parlamentarzysta",filolog,filolog,Edukacja i nauka,Edukacja i nauka
10,416,10-416,Marek Wesoły,PiS,"nauczyciel, przedsiębiorca prywatny",nauczyciel,nauczyciel,Edukacja i nauka,Edukacja i nauka
10,109,10-109,Mariusz Gosek,PiS,pedagog,pedagog,pedagog,Edukacja i nauka,Edukacja i nauka
10,152,10-152,Mariusz Kamiński,PiS,historyk,historyk,historyk,Edukacja i nauka,Edukacja i nauka
10,193,10-193,Mariusz Krystian,PiS,"nauczyciel, technik elektryk",nauczyciel,nauczyciel,Edukacja i nauka,Edukacja i nauka
10,225,10-225,Marzena Anna Machałek,PiS,nauczyciel,nauczyciel,nauczyciel,Edukacja i nauka,Edukacja i nauka
10,260,10-260,Małgorzata Niemczyk,KO,"ekonomista, nauczyciel, trener",nauczyciel,nauczyciel,Edukacja i nauka,Edukacja i nauka
10,394,10-394,Małgorzata Tracz,KO,"filolog, specjalista ds. szkoleń",filolog,filolog,Edukacja i nauka,Edukacja i nauka
10,394,10-394,Małgorzata Tracz,KO,"filolog, specjalista ds. szkoleń",specjalista ds. szkoleń,specjalista ds. szkoleń,Edukacja i nauka,Edukacja i nauka
10,473,10-473,Michał Kowalski,PiS,nauczyciel,nauczyciel,nauczyciel,Edukacja i nauka,Edukacja i nauka
10,73,10-73,Michał Paweł Dworczyk,PiS,"historyk, polityk",historyk,historyk,Edukacja i nauka,Edukacja i nauka
10,355,10-355,Mirosława Stachowiak-Różecka,PiS,pedagog specjalny,pedagog specjalny,pedagog specjalny,Edukacja i nauka,Edukacja i nauka
10,239,10-239,Paulina Matysiak,niez.,filolog,filolog,filolog,Edukacja i nauka,Edukacja i nauka
10,178,10-178,Paweł Kowal,KO,nauczyciel akademicki,nauczyciel akademicki,nauczyciel akademicki,Edukacja i nauka,Edukacja i nauka
10,466,10-466,Paweł Masełko,KO,nauczyciel,nauczyciel,nauczyciel,Edukacja i nauka,Edukacja i nauka
10,281,10-281,Paweł Papke,KO,pedagog,pedagog,pedagog,Edukacja i nauka,Edukacja i nauka
10,11,10-11,Piotr Babinetz,PiS,"historyk, muzealnik",historyk,historyk,Edukacja i nauka,Edukacja i nauka
10,100,10-100,Piotr Gliński,PiS,pracownik naukowo-dydaktyczny,pracownik naukowo-dydaktyczny,pracownik naukowo-dydaktyczny,Edukacja i nauka,Edukacja i nauka
10,358,10-358,Piotr Paweł Strach,Polska2050,"menedżer, nauczyciel",nauczyciel,nauczyciel,Edukacja i nauka,Edukacja i nauka
10,404,10-404,Piotr Uruski,PiS,"historyk, nauczyciel akademicki",historyk,historyk,Edukacja i nauka,Edukacja i nauka
10,404,10-404,Piotr Uruski,PiS,"historyk, nauczyciel akademicki",nauczyciel akademicki,nauczyciel akademicki,Edukacja i nauka,Edukacja i nauka
10,308,10-308,Renata Rak,KO,nauczyciel,nauczyciel,nauczyciel,Edukacja i nauka,Edukacja i nauka
10,107,10-107,Robert Gontarz,PiS,"ekonomista, matematyk, parlamentarzysta",matematyk,matematyk,Edukacja i nauka,Edukacja i nauka
10,188,10-188,Robert Kropiwnicki,KO,"menedżer, nauczyciel akademicki",nauczyciel akademicki,nauczyciel akademicki,Edukacja i nauka,Edukacja i nauka
10,388,10-388,Ryszard Terlecki,PiS,historyk,historyk,historyk,Edukacja i nauka,Edukacja i nauka
10,108,10-108,Stanisław Gorczyca,KO,biolog,biolog,biolog,Edukacja i nauka,Edukacja i nauka
10,393,10-393,Stanisław Tomczyszyn,PSL-TD,nauczyciel,nauczyciel,nauczyciel,Edukacja i nauka,Edukacja i nauka
10,401,10-401,Stanisław Tyszka,Konfederacja,nauczyciel akademicki,nauczyciel akademicki,nauczyciel akademicki,Edukacja i nauka,Edukacja i nauka
10,343,10-343,Sławomir Skwarek,PiS,nauczyciel,nauczyciel,nauczyciel,Edukacja i nauka,Edukacja i nauka
10,324,10-324,Tadeusz Samborski,PSL-TD,historyk,historyk,historyk,Edukacja i nauka,Edukacja i nauka
10,437,10-437,Tadeusz Woźniak,PiS,"nauczyciel, parlamentarzysta",nauczyciel,nauczyciel,Edukacja i nauka,Edukacja i nauka
10,101,10-101,Tomasz Głogowski,KO,nauczyciel akademicki,nauczyciel akademicki,nauczyciel akademicki,Edukacja i nauka,Edukacja i nauka
10,497,10-497,Tomasz Rzymkowski,Demokracja,"prawnik, nauczyciel akademicki",nauczyciel akademicki,nauczyciel akademicki,Edukacja i nauka,Edukacja i nauka
10,453,10-453,Tomasz Zieliński,PiS,historyk,historyk,historyk,Edukacja i nauka,Edukacja i nauka
10,344,10-344,Waldemar Sługocki,KO,"nauczyciel akademicki, urzędnik",nauczyciel akademicki,nauczyciel akademicki,Edukacja i nauka,Edukacja i nauka
10,266,10-266,Wanda Nowicka,Lewica,filolożka,filolożka,filolożka,Edukacja i nauka,Edukacja i nauka
10,55,10-55,Witold Wojciech Czarnecki,PiS,nauczyciel akademicki,nauczyciel akademicki,nauczyciel akademicki,Edukacja i nauka,Edukacja i nauka
10,13,10-13,Władysław Bartoszewski,PSL-TD,pracownik naukowy,pracownik naukowy,pracownik naukowy,Edukacja i nauka,Edukacja i nauka
10,486,10-486,Włodzimierz Tomaszewski,PiS,"pedagog, polityk",pedagog,pedagog,Edukacja i nauka,Edukacja i nauka
10,66,10-66,Zbigniew Dolata,PiS,nauczyciel,nauczyciel,nauczyciel,Edukacja i nauka,Edukacja i nauka
10,173,10-173,Zbigniew Konwiński,KO,"historyk, menedżer",historyk,historyk,Edukacja i nauka,Edukacja i nauka
10,204,10-204,Zbigniew Krzysztof Kuźmiuk,PiS,nauczyciel akademicki,nauczyciel akademicki,nauczyciel akademicki,Edukacja i nauka,Edukacja i nauka
10,310,10-310,Zbigniew Rau,PiS,nauczyciel akademicki,nauczyciel akademicki,nauczyciel akademicki,Edukacja i nauka,Edukacja i nauka
10,351,10-351,Zbigniew Sosnowski,PSL-TD,nauczyciel,nauczyciel,nauczyciel,Edukacja i nauka,Edukacja i nauka
10,91,10-91,Zdzisław Gawlik,KO,nauczyciel akademicki,nauczyciel akademicki,nauczyciel akademicki,Edukacja i nauka,Edukacja i nauka
10,215,10-215,Łukasz Litewka,Lewica,socjolog,socjolog,socjolog,Edukacja i nauka,Edukacja i nauka
10,53,10-53,Żaneta Cwalina-Śliwowska,Centrum,"pedagog, trener",pedagog,pedagog,Edukacja i nauka,Edukacja i nauka
10,196,10-196,Henryka Krzywonos-Strycharska,KO,emeryt,emeryt,emeryt,Inne,Inne
10,49,10-49,Janusz Cichoń,KO,"emeryt, nauczyciel akademicki",emeryt,emeryt,Inne,Inne
10,492,10-492,Rafał Romanowski,PiS,"politolog, polityk, ekspert ds. bezpieczeństwa",ekspert ds. bezpieczeństwa,ekspert ds. bezpieczeństwa,Inne,Inne
10,74,10-74,Adam Dziedzic,PSL-TD,inżynier mechanik,inżynier mechanik,inżynier mechanik,Inżynieria i techniczne,Technika i IT
10,195,10-195,Adam Krzemiński,KO,"nauczyciel, pracownik administracji samorządowej, technik elektronik",technik elektronik,technik elektronik,Inżynieria i techniczne,Technika i IT
10,120,10-120,Andrzej Grzyb,PSL-TD,"ekonomista, inżynier ogrodnik",inżynier ogrodnik,inżynier ogrodnik,Inżynieria i techniczne,Technika i IT
10,285,10-285,Bartłomiej Pejo,Konfederacja,"inżynier, menedżer",inżynier,inżynier,Inżynieria i techniczne,Technika i IT
10,419,10-419,Dariusz Wieczorek,Lewica,inżynier elektryk,inżynier elektryk,inżynier elektryk,Inżynieria i techniczne,Technika i IT
10,228,10-228,Ewa Malik,PiS,inżynier metalurg,inżynier metalurg,inżynier metalurg,Inżynieria i techniczne,Technika i IT
10,357,10-357,Franciszek Sterczewski,KO,architekt,architekt,architekt,Inżynieria i techniczne,Technika i IT
10,493,10-493,Henryk Smolarz,PSL-TD,inżynier rolnik,inżynier rolnik,inżynier rolnik,Inżynieria i techniczne,Technika i IT
10,24,10-24,Jacek Bogucki,PiS,inżynier mechanik,inżynier mechanik,inżynier mechanik,Inżynieria i techniczne,Technika i IT
10,156,10-156,Jacek Karnowski,KO,"ekonomista, inżynier budownictwa",inżynier budownictwa,inżynier budownictwa,Inżynieria i techniczne,Technika i IT
10,278,10-278,Jacek Osuch,PiS,inżynier mechanik,inżynier mechanik,inżynier mechanik,Inżynieria i techniczne,Technika i IT
10,320,10-320,Jarosław Rzepa,PSL-TD,inżynier ogrodnik,inżynier ogrodnik,inżynier ogrodnik,Inżynieria i techniczne,Technika i IT
10,235,10-235,Jerzy Materna,PiS,inżynier budownictwa,inżynier budownictwa,inżynier budownictwa,Inżynieria i techniczne,Technika i IT
10,295,10-295,Kazimierz Plocke,KO,inżynier rolnik,inżynier rolnik,inżynier rolnik,Inżynieria i techniczne,Technika i IT
10,334,10-334,Krystyna Sibińska,KO,inżynier budownictwa,inżynier budownictwa,inżynier budownictwa,Inżynieria i techniczne,Technika i IT
10,54,10-54,Krzysztof Czarnecki,PiS,technik budowlano-drogowy,technik budowlano-drogowy,technik budowlano-drogowy,Inżynieria i techniczne,Technika i IT
10,85,10-85,Krzysztof Gadowski,KO,inżynier transportu,inżynier transportu,inżynier transportu,Inżynieria i techniczne,Technika i IT
10,125,10-125,Krzysztof Habura,KO,inżynier budownictwa,inżynier budownictwa,inżynier budownictwa,Inżynieria i techniczne,Technika i IT
10,485,10-485,Krzysztof Szymański,Konfederacja,inżynier elektryk,inżynier elektryk,inżynier elektryk,Inżynieria i techniczne,Technika i IT
10,386,10-386,Krzysztof Tchórzewski,PiS,"ekonomista, inżynier elektryk",inżynier elektryk,inżynier elektryk,Inżynieria i techniczne,Technika i IT
10,208,10-208,Maciej Lasek,KO,"inżynier mechanik, nauczyciel akademicki",inżynier mechanik,inżynier mechanik,Inżynieria i techniczne,Technika i IT
10,123,10-123,Marcin Gwóźdź,PiS,inżynier,inżynier,inżynier,Inżynieria i techniczne,Technika i IT
10,160,10-160,Marcin Kierwiński,KO,elektronik,elektronik,elektronik,Inżynieria i techniczne,Technika i IT
10,119,10-119,Marek Gróbarczyk,PiS,inżynier mechanik,inżynier mechanik,inżynier mechanik,Inżynieria i techniczne,Technika i IT
10,193,10-193,Mariusz Krystian,PiS,"nauczyciel, technik elektryk",technik elektryk,technik elektryk,Inżynieria i techniczne,Technika i IT
10,15,10-15,Paweł Bejda,PSL-TD,"inżynier mechanik, menedżer",inżynier mechanik,inżynier mechanik,Inżynieria i techniczne,Technika i IT
10,322,10-322,Paweł Sałek,PiS,"inżynier mechanik, urzędnik państwowy",inżynier mechanik,inżynier mechanik,Inżynieria i techniczne,Technika i IT
10,301,10-301,Piotr Polak,PiS,inżynier mechanizacji rolnictwa,inżynier mechanizacji rolnictwa,inżynier mechanizacji rolnictwa,Inżynieria i techniczne,Technika i IT
10,405,10-405,Piotr Uściński,PiS,"elektronik, menedżer, parlamentarzysta",elektronik,elektronik,Inżynieria i techniczne,Technika i IT
10,158,10-158,Rafał Kasprzyk,Centrum,"inżynier budownictwa, menedżer",inżynier budownictwa,inżynier budownictwa,Inżynieria i techniczne,Technika i IT
10,207,10-207,Stanisław Lamczyk,KO,inżynier mechanik,inżynier mechanik,inżynier mechanik,Inżynieria i techniczne,Technika i IT
10,46,10-46,Tadeusz Chrzan,PiS,geodeta,geodeta,geodeta,Inżynieria i techniczne,Technika i IT
10,280,10-280,Teresa Pamuła,PiS,inżynier ogrodnik,inżynier ogrodnik,inżynier ogrodnik,Inżynieria i techniczne,Technika i IT
10,64,10-64,Władysław Dajczak,PiS,inżynier mechanik,inżynier mechanik,inżynier mechanik,Inżynieria i techniczne,Technika i IT
10,42,10-42,Zbigniew Chmielowiec,PiS,inżynier inżynierii środowiska,inżynier inżynierii środowiska,inżynier inżynierii środowiska,Inżynieria i techniczne,Technika i IT
10,450,10-450,Zbigniew Ziejewski,PSL-TD,inżynier rolnik,inżynier rolnik,inżynier rolnik,Inżynieria i techniczne,Technika i IT
10,442,10-442,Adrian Zandberg,Razem,programista,programista,programista,IT,Technika i IT
10,263,10-263,Barbara Nowacka,KO,informatyk,informatyk,informatyk,IT,Technika i IT
10,470,10-470,Bożenna Hołownia,Polska2050,informatyk,informatyk,informatyk,IT,Technika i IT
10,16,10-16,Konrad Berkowicz,Konfederacja,programista,programista,programista,IT,Technika i IT
10,359,10-359,Mirosław Suchoń,Centrum,"ekonomista, informatyk",informatyk,informatyk,IT,Technika i IT
10,398,10-398,Sylwester Tułajew,PiS,informatyk,informatyk,informatyk,IT,Technika i IT
10,276,10-276,Łukasz Osmalak,Polska2050,inżynier informatyk,inżynier informatyk,inżynier informatyk,IT,Technika i IT
10,447,10-447,Bogdan Andrzej Zdrojewski,KO,"filozof, polityk, kulturoznawca",kulturoznawca,kulturoznawca,Media i kultura,"Kultura, media i sport"
10,434,10-434,Bogusław Wołoszański,KO,dziennikarz,dziennikarz,dziennikarz,Media i kultura,"Kultura, media i sport"
10,45,10-45,Dominika Chorosińska,PiS,aktorka,aktorka,aktorka,Media i kultura,"Kultura, media i sport"
10,222,10-222,Dorota Łoboda,KO,teatrolożka,teatrolożka,teatrolożka,Media i kultura,"Kultura, media i sport"
10,376,10-376,Ewa Szymanowska,Centrum,"menedżer marketingu, public relations",public relations,public relations,Media i kultura,"Kultura, media i sport"
10,34,10-34,Grzegorz Braun,Konfederacja,"publicysta, reżyser",publicysta,publicysta,Media i kultura,"Kultura, media i sport"
10,34,10-34,Grzegorz Braun,Konfederacja,"publicysta, reżyser",reżyser,reżyser,Media i kultura,"Kultura, media i sport"
10,372,10-372,Henryk Szopiński,KO,"animator kultury, muzyk",animator kultury,animator kultury,Media i kultura,"Kultura, media i sport"
10,372,10-372,Henryk Szopiński,KO,"animator kultury, muzyk",muzyk,muzyk,Media i kultura,"Kultura, media i sport"
10,163,10-163,Joanna Kluzik-Rostkowska,KO,dziennikarz,dziennikarz,dziennikarz,Media i kultura,"Kultura, media i sport"
10,213,10-213,Joanna Lichocka,PiS,dziennikarz,dziennikarz,dziennikarz,Media i kultura,"Kultura, media i sport"
10,138,10-138,Klaudia Jachira,KO,aktorka,aktorka,aktorka,Media i kultura,"Kultura, media i sport"
10,83,10-83,Konrad Frysztak,KO,"dziennikarz, prawnik",dziennikarz,dziennikarz,Media i kultura,"Kultura, media i sport"
10,439,10-439,Maciej Wróbel,KO,dziennikarz,dziennikarz,dziennikarz,Media i kultura,"Kultura, media i sport"
10,421,10-421,Monika Wielichowska,KO,"dziennikarz, ekonomista, pracownik samorządowy",dziennikarz,dziennikarz,Media i kultura,"Kultura, media i sport"
10,146,10-146,Norbert Jakub Kaczmarczyk,PiS,"dziennikarz, parlamentarzysta, politolog, rolnik",dziennikarz,dziennikarz,Media i kultura,"Kultura, media i sport"
10,128,10-128,Paulina Hennig-Kloska,Centrum,"bankowiec, dziennikarz, ekonomista",dziennikarz,dziennikarz,Media i kultura,"Kultura, media i sport"
10,200,10-200,Paweł Kukiz,Demokracja,muzyk,muzyk,muzyk,Media i kultura,"Kultura, media i sport"
10,2,10-2,Piotr Adamowicz,KO,dziennikarz,dziennikarz,dziennikarz,Media i kultura,"Kultura, media i sport"
10,11,10-11,Piotr Babinetz,PiS,"historyk, muzealnik",muzealnik,muzealnik,Media i kultura,"Kultura, media i sport"
10,133,10-133,Szymon Hołownia,Polska2050,"polityk, publicysta",publicysta,publicysta,Media i kultura,"Kultura, media i sport"
10,455,10-455,Tomasz Zimoch,niez.,"dziennikarz, prawnik",dziennikarz,dziennikarz,Media i kultura,"Kultura, media i sport"
10,10,10-10,Urszula Augustyn,KO,dziennikarz,dziennikarz,dziennikarz,Media i kultura,"Kultura, media i sport"
10,3,10-3,Adam Andruszkiewicz,PiS,parlamentarzysta,parlamentarzysta,parlamentarzysta,Polityka,Polityka
10,371,10-371,Adam Szłapka,KO,politolog,politolog,politolog,Polityka,Polityka
10,350,10-350,Agnieszka Anna Soin,PiS,parlamentarzysta,parlamentarzysta,parlamentarzysta,Polityka,Polityka
10,36,10-36,Agnieszka Buczyńska,Polska2050,"politolog, socjolog",politolog,politolog,Polityka,Polityka
10,302,10-302,Agnieszka Pomaska,KO,politolog,politolog,politolog,Polityka,Polityka
10,250,10-250,Aleksander Mikołaj Mrówczyński,PiS,parlamentarzysta,parlamentarzysta,parlamentarzysta,Polityka,Polityka
10,425,10-425,Aleksandra Karolina Uznańska-Wiśniewska,KO,politolog,politolog,politolog,Polityka,Polityka
10,92,10-92,Andrzej Gawron,PiS,parlamentarzysta,parlamentarzysta,parlamentarzysta,Polityka,Polityka
10,96,10-96,Artur Daniel Gierada,KO,politolog,politolog,politolog,Polityka,Polityka
10,459,10-459,Bożena Żelazowska,PSL-TD,politolog,politolog,politolog,Polityka,Polityka
10,392,10-392,Cezary Tomczyk,KO,politolog,politolog,politolog,Polityka,Polityka
10,143,10-143,Danuta Jazłowiecka,KO,polityk,polityk,polityk,Polityka,Polityka
10,356,10-356,Dariusz Stefaniuk,PiS,politolog,politolog,politolog,Polityka,Polityka
10,72,10-72,Elżbieta Duda,PiS,parlamentarzysta,parlamentarzysta,parlamentarzysta,Polityka,Polityka
10,168,10-168,Ewa Kołodziej,KO,politolog,politolog,politolog,Polityka,Polityka
10,147,10-147,Filip Kaczyński,PiS,politolog,politolog,politolog,Polityka,Polityka
10,209,10-209,Gabriela Lenartowicz,KO,parlamentarzysta,parlamentarzysta,parlamentarzysta,Polityka,Polityka
10,236,10-236,Grzegorz Matusiak,PiS,parlamentarzysta,parlamentarzysta,parlamentarzysta,Polityka,Polityka
10,257,10-257,Grzegorz Napieralski,KO,politolog,politolog,politolog,Polityka,Polityka
10,7,10-7,Iwona Ewa Arent,PiS,politolog,politolog,politolog,Polityka,Polityka
10,59,10-59,Jacek Czerniak,Lewica,politolog,politolog,politolog,Polityka,Polityka
10,317,10-317,Jakub Rutnicki,KO,politolog,politolog,politolog,Polityka,Polityka
10,247,10-247,Jan Mosiński,PiS,politolog,politolog,politolog,Polityka,Polityka
10,488,10-488,Jarosław Krajewski,PiS,politolog,politolog,politolog,Polityka,Polityka
10,406,10-406,Jarosław Wałęsa,KO,politolog,politolog,politolog,Polityka,Polityka
10,430,10-430,Kamil Wnuk,Polska2050,politolog,politolog,politolog,Polityka,Polityka
10,105,10-105,Kazimierz Gołojuch,PiS,parlamentarzysta,parlamentarzysta,parlamentarzysta,Polityka,Polityka
10,87,10-87,Kinga Gajewska,KO,"politolog, prawnik",politolog,politolog,Polityka,Polityka
10,33,10-33,Krzysztof Bosak,Konfederacja,parlamentarzysta,parlamentarzysta,parlamentarzysta,Polityka,Polityka
10,129,10-129,Krzysztof Hetman,PSL-TD,politolog,politolog,politolog,Polityka,Polityka
10,479,10-479,Krzysztof Mieszkowski,KO,parlamentarzysta,parlamentarzysta,parlamentarzysta,Polityka,Polityka
10,172,10-172,Maciej Konieczny,Razem,parlamentarzysta,parlamentarzysta,parlamentarzysta,Polityka,Polityka
10,445,10-445,Marcelina Zawisza,Razem,polityk,polityk,polityk,Polityka,Polityka
10,201,10-201,Marcin Kulasek,Lewica,parlamentarzysta,parlamentarzysta,parlamentarzysta,Polityka,Polityka
10,303,10-303,Marcin Porzucek,PiS,politolog,politolog,politolog,Polityka,Polityka
10,238,10-238,Marek Matuszewski,PiS,parlamentarzysta,parlamentarzysta,parlamentarzysta,Polityka,Polityka
10,167,10-167,Maria Koc,PiS,parlamentarzysta,parlamentarzysta,parlamentarzysta,Polityka,Polityka
10,202,10-202,Maria Kurowska,PiS,parlamentarzysta,parlamentarzysta,parlamentarzysta,Polityka,Polityka
10,151,10-151,Mariusz Kałużny,PiS,politolog,politolog,politolog,Polityka,Polityka
10,427,10-427,Mariusz Witczak,KO,"politolog, polityk",politolog,politolog,Polityka,Polityka
10,227,10-227,Marlena Magdalena Maląg,PiS,parlamentarzysta,parlamentarzysta,parlamentarzysta,Polityka,Polityka
10,21,10-21,Mateusz Bochenek,KO,parlamentarzysta,parlamentarzysta,parlamentarzysta,Polityka,Polityka
10,246,10-246,Mateusz Morawiecki,PiS,polityk,polityk,polityk,Polityka,Polityka
10,463,10-463,Monika Pawłowska,PiS,specjalista do spraw stosunków międzynarodowych,specjalista do spraw stosunków międzynarodowych,specjalista do spraw stosunków międzynarodowych,Polityka,Polityka
10,313,10-313,Monika Rosa,KO,politolog,politolog,politolog,Polityka,Polityka
10,146,10-146,Norbert Jakub Kaczmarczyk,PiS,"dziennikarz, parlamentarzysta, politolog, rolnik",politolog,politolog,Polityka,Polityka
10,142,10-142,Patryk Jaskulski,KO,politolog,politolog,politolog,Polityka,Polityka
10,418,10-418,Patryk Wicher,PiS,"menedżer, politolog",politolog,politolog,Polityka,Polityka
10,361,10-361,Paweł Suski,KO,parlamentarzysta,parlamentarzysta,parlamentarzysta,Polityka,Polityka
10,149,10-149,Piotr Kaleta,PiS,parlamentarzysta,parlamentarzysta,parlamentarzysta,Polityka,Polityka
10,189,10-189,Piotr Król,PiS,politolog,politolog,politolog,Polityka,Polityka
10,79,10-79,Radosław Fogiel,PiS,parlamentarzysta,parlamentarzysta,parlamentarzysta,Polityka,Polityka
10,492,10-492,Rafał Romanowski,PiS,"politolog, polityk, ekspert ds. bezpieczeństwa",politolog,politolog,Polityka,Polityka
10,409,10-409,Robert Warwas,PiS,politolog,politolog,politolog,Polityka,Polityka
10,12,10-12,Ryszard Bartosik,PiS,politolog,politolog,politolog,Polityka,Polityka
10,375,10-375,Stanisław Szwed,PiS,parlamentarzysta,parlamentarzysta,parlamentarzysta,Polityka,Polityka
10,183,10-183,Stefan Krajewski,PSL-TD,politolog,politolog,politolog,Polityka,Polityka
10,262,10-262,Sławomir Nitras,KO,parlamentarzysta,parlamentarzysta,parlamentarzysta,Polityka,Polityka
10,446,10-446,Sławomir Zawiślak,Konfederacja_KP,parlamentarzysta,parlamentarzysta,parlamentarzysta,Polityka,Polityka
10,175,10-175,Tomasz Kostuś,KO,politolog,politolog,politolog,Polityka,Polityka
10,4,10-4,Waldemar Andzel,PiS,politolog,politolog,politolog,Polityka,Polityka
10,184,10-184,Wiesław Krajewski,PiS,parlamentarzysta,parlamentarzysta,parlamentarzysta,Polityka,Polityka
10,399,10-399,Witold Tumanowicz,Konfederacja,zawodowy działacz organizacji polityczne,zawodowy działacz organizacji polityczne,zawodowy działacz organizacji polityczne,Polityka,Polityka
10,448,10-448,Witold Zembaczyński,KO,politolog,politolog,politolog,Polityka,Polityka
10,457,10-457,Wojciech Michał Zubowski,PiS,parlamentarzysta,parlamentarzysta,parlamentarzysta,Polityka,Polityka
10,58,10-58,Włodzimierz Czarzasty,Lewica,politolog,politolog,politolog,Polityka,Polityka
10,131,10-131,Zbigniew Hoffmann,PiS,politolog,politolog,politolog,Polityka,Polityka
10,379,10-379,Łukasz Ściebiorowski,KO,politolog,politolog,politolog,Polityka,Polityka
10,126,10-126,Agnieszka Hanajczyk,KO,prawnik,prawnik,prawnik,Prawo,Prawo
10,491,10-491,Aleksandra Kot,KO,prawnik,prawnik,prawnik,Prawo,Prawo
10,211,10-211,Aleksandra Leo,Centrum,prawnik,prawnik,prawnik,Prawo,Prawo
10,176,10-176,Andrzej Kosztowniak,PiS,"ekonomista, prawnik",prawnik,prawnik,Prawo,Prawo
10,369,10-369,Andrzej Szejna,Lewica,adwokat,adwokat,adwokat,Prawo,Prawo
10,381,10-381,Andrzej Śliwka,PiS,radca prawny,radca prawny,radca prawny,Prawo,Prawo
10,61,10-61,Anita Czerwińska,PiS,prawnik,prawnik,prawnik,Prawo,Prawo
10,95,10-95,Anna Gembicka,PiS,"prawnik, wyższy urzędnik państwowy",prawnik,prawnik,Prawo,Prawo
10,460,10-460,Anna Maria Żukowska,Lewica,prawnik,prawnik,prawnik,Prawo,Prawo
10,253,10-253,Arkadiusz Mularczyk,PiS,adwokat,adwokat,adwokat,Prawo,Prawo
10,256,10-256,Arkadiusz Myrcha,KO,radca prawny,radca prawny,radca prawny,Prawo,Prawo
10,220,10-220,Artur Jarosław Łącki,KO,prawnik,prawnik,prawnik,Prawo,Prawo
10,14,10-14,Barbara Bartuś,PiS,prawnik,prawnik,prawnik,Prawo,Prawo
10,67,10-67,Barbara Dolniak,KO,prawnik,prawnik,prawnik,Prawo,Prawo
10,181,10-181,Bartosz Józef Kownacki,PiS,adwokat,adwokat,adwokat,Prawo,Prawo
10,312,10-312,Bartosz Romowicz,Polska2050,adwokat,adwokat,adwokat,Prawo,Prawo
10,69,10-69,Bartłomiej Dorywalski,PiS,radca prawny,radca prawny,radca prawny,Prawo,Prawo
10,38,10-38,Borys Budka,KO,"nauczyciel akademicki, radca prawny",radca prawny,radca prawny,Prawo,Prawo
10,30,10-30,Bożena Borys-Szopa,PiS,prawnik,prawnik,prawnik,Prawo,Prawo
10,249,10-249,Czesław Mroczek,KO,prawnik,prawnik,prawnik,Prawo,Prawo
10,243,10-243,Daniel Milewski,PiS,"nauczyciel akademicki, parlamentarzysta, polityk, prawnik",prawnik,prawnik,Prawo,Prawo
10,234,10-234,Dariusz Matecki,PiS,prawnik,prawnik,prawnik,Prawo,Prawo
10,300,10-300,Elżbieta Anna Polak,KO,administratywista,administratywista,administratywista,Prawo,Prawo
10,210,10-210,Ewa Leniart,PiS,prawnik,prawnik,prawnik,Prawo,Prawo
10,289,10-289,Grzegorz Piechowiak,PiS,"nadzorca sądowy, syndyk, zarządca nieruchomości",nadzorca sądowy,nadzorca sądowy,Prawo,Prawo
10,289,10-289,Grzegorz Piechowiak,PiS,"nadzorca sądowy, syndyk, zarządca nieruchomości",syndyk,syndyk,Prawo,Prawo
10,316,10-316,Grzegorz Rusiecki,KO,prawnik,prawnik,prawnik,Prawo,Prawo
10,159,10-159,Henryk Kiepura,PSL-TD,prawnik,prawnik,prawnik,Prawo,Prawo
10,458,10-458,Ireneusz Zyska,PiS,"menedżer, radca prawny, parlamentarzysta",radca prawny,radca prawny,Prawo,Prawo
10,279,10-279,Jacek Ozdoba,PiS,prawnik,prawnik,prawnik,Prawo,Prawo
10,390,10-390,Jacek Tomczak,PSL-TD,"notariusz, radca prawny",notariusz,notariusz,Prawo,Prawo
10,390,10-390,Jacek Tomczak,PSL-TD,"notariusz, radca prawny",radca prawny,radca prawny,Prawo,Prawo
10,154,10-154,Jan Kanthak,PiS,prawnik,prawnik,prawnik,Prawo,Prawo
10,180,10-180,Janusz Kowalski,niez.,prawnik,prawnik,prawnik,Prawo,Prawo
10,148,10-148,Jarosław Kaczyński,PiS,prawnik,prawnik,prawnik,Prawo,Prawo
10,299,10-299,Jerzy Polaczek,PiS,prawnik,prawnik,prawnik,Prawo,Prawo
10,297,10-297,Kacper Płażyński,PiS,adwokat,adwokat,adwokat,Prawo,Prawo
10,28,10-28,Kamil Bortniczuk,PiS,"menedżer, prawnik, urzędnik państwowy",prawnik,prawnik,Prawo,Prawo
10,89,10-89,Kamila Gasiuk-Pihowicz,KO,"adwokat, prawnik",adwokat,adwokat,Prawo,Prawo
10,89,10-89,Kamila Gasiuk-Pihowicz,KO,"adwokat, prawnik",prawnik,prawnik,Prawo,Prawo
10,32,10-32,Karina Anna Bosak,Konfederacja,adwokat,adwokat,adwokat,Prawo,Prawo
10,284,10-284,Karolina Pawliczak,KO,prawnik,prawnik,prawnik,Prawo,Prawo
10,161,10-161,Katarzyna Kierzek-Koperska,KO,doradca podatkowy,doradca podatkowy,doradca podatkowy,Prawo,Prawo
10,475,10-475,Katarzyna Królak,KO,prawnik,prawnik,prawnik,Prawo,Prawo
10,291,10-291,Katarzyna Maria Piekarska,KO,radca prawny,radca prawny,radca prawny,Prawo,Prawo
10,277,10-277,Katarzyna Osos,KO,radca prawny,radca prawny,radca prawny,Prawo,Prawo
10,346,10-346,Kazimierz Smoliński,PiS,adwokat,adwokat,adwokat,Prawo,Prawo
10,87,10-87,Kinga Gajewska,KO,"politolog, prawnik",prawnik,prawnik,Prawo,Prawo
10,83,10-83,Konrad Frysztak,KO,"dziennikarz, prawnik",prawnik,prawnik,Prawo,Prawo
10,35,10-35,Krzysztof Brejza,KO,prawnik,prawnik,prawnik,Prawo,Prawo
10,197,10-197,Krzysztof Kubów,PiS,administratywista,administratywista,administratywista,Prawo,Prawo
10,283,10-283,Krzysztof Paszyk,PSL-TD,prawnik,prawnik,prawnik,Prawo,Prawo
10,348,10-348,Krzysztof Sobolewski,PiS,administratywista,administratywista,administratywista,Prawo,Prawo
10,366,10-366,Krzysztof Szczucki,PiS,prawnik,prawnik,prawnik,Prawo,Prawo
10,397,10-397,Krzysztof Tuduj,Konfederacja,prawnik,prawnik,prawnik,Prawo,Prawo
10,383,10-383,Krzysztof Śmiszek,Lewica,prawnik,prawnik,prawnik,Prawo,Prawo
10,468,10-468,Lidia Czechak,PiS,prawnik,prawnik,prawnik,Prawo,Prawo
10,487,10-487,Maciej Tomczykiewicz,KO,adwokat,adwokat,adwokat,Prawo,Prawo
10,78,10-78,Magdalena Filipek-Sobczak,PiS,prawnik,prawnik,prawnik,Prawo,Prawo
10,169,10-169,Magdalena Małgorzata Kołodziejczak,KO,prawnik,prawnik,prawnik,Prawo,Prawo
10,134,10-134,Marcin Horała,PiS,"prawnik, specjalista ds. zarządzania, wyższy urzędnik państwowy",prawnik,prawnik,Prawo,Prawo
10,305,10-305,Marcin Przydacz,PiS,adwokat,adwokat,adwokat,Prawo,Prawo
10,311,10-311,Marcin Romanowski,PiS,"nauczyciel akademicki, prawnik",prawnik,prawnik,Prawo,Prawo
10,407,10-407,Marcin Warchoł,PiS,adwokat,adwokat,adwokat,Prawo,Prawo
10,9,10-9,Marek Ast,PiS,"pracownik samorządowy, radca prawny, urzędnik państwowy",radca prawny,radca prawny,Prawo,Prawo
10,18,10-18,Marek Biernacki,PSL-TD,prawnik,prawnik,prawnik,Prawo,Prawo
10,411,10-411,Małgorzata Wassermann,PiS,adwokat,adwokat,adwokat,Prawo,Prawo
10,117,10-117,Michał Gramatyka,Polska2050,radca prawny,radca prawny,radca prawny,Prawo,Prawo
10,248,10-248,Michał Moskal,PiS,prawnik,prawnik,prawnik,Prawo,Prawo
10,307,10-307,Michał Pyrzyk,PSL-TD,prawnik,prawnik,prawnik,Prawo,Prawo
10,412,10-412,Michał Wawer,Konfederacja,radca prawny,radca prawny,radca prawny,Prawo,Prawo
10,435,10-435,Michał Woś,PiS,prawnik,prawnik,prawnik,Prawo,Prawo
10,438,10-438,Michał Wójcik,PiS,prawnik,prawnik,prawnik,Prawo,Prawo
10,275,10-275,Mirosław Adam Orliński,PSL-TD,prawnik,prawnik,prawnik,Prawo,Prawo
10,137,10-137,Paweł Jabłoński,PiS,adwokat,adwokat,adwokat,Prawo,Prawo
10,368,10-368,Paweł Szefernaker,PiS,prawnik,prawnik,prawnik,Prawo,Prawo
10,373,10-373,Paweł Szrot,PiS,"prawnik, wyższy urzędnik państwowy",prawnik,prawnik,Prawo,Prawo
10,382,10-382,Paweł Śliz,Polska2050,adwokat,adwokat,adwokat,Prawo,Prawo
10,29,10-29,Piotr Borys,KO,prawnik,prawnik,prawnik,Prawo,Prawo
10,255,10-255,Piotr Müller,PiS,"prawnik, urzędnik państwowy",prawnik,prawnik,Prawo,Prawo
10,56,10-56,Przemysław Czarnek,PiS,prawnik,prawnik,prawnik,Prawo,Prawo
10,424,10-424,Przemysław Wipler,Konfederacja,"prawnik, przedsiębiorca prywatny",prawnik,prawnik,Prawo,Prawo
10,22,10-22,Rafał Bochenek,PiS,prawnik,prawnik,prawnik,Prawo,Prawo
10,415,10-415,Rafał Weber,PiS,prawnik,prawnik,prawnik,Prawo,Prawo
10,97,10-97,Roman Giertych,KO,adwokat,adwokat,adwokat,Prawo,Prawo
10,150,10-150,Sebastian Kaleta,PiS,radca prawny,radca prawny,radca prawny,Prawo,Prawo
10,241,10-241,Sławomir Mentzen,Konfederacja,doradca podatkowy,doradca podatkowy,doradca podatkowy,Prawo,Prawo
10,63,10-63,Sławomir Ćwik,Centrum,"menedżer, prawnik, przedsiębiorca prywatny",prawnik,prawnik,Prawo,Prawo
10,497,10-497,Tomasz Rzymkowski,Demokracja,"prawnik, nauczyciel akademicki",prawnik,prawnik,Prawo,Prawo
10,455,10-455,Tomasz Zimoch,niez.,"dziennikarz, prawnik",prawnik,prawnik,Prawo,Prawo
10,282,10-282,Urszula Pasławska,PSL-TD,prawnik,prawnik,prawnik,Prawo,Prawo
10,37,10-37,Waldemar Buda,PiS,radca prawny,radca prawny,radca prawny,Prawo,Prawo
10,363,10-363,Wojciech Szarama,PiS,adwokat,adwokat,adwokat,Prawo,Prawo
10,25,10-25,Zbigniew Bogucki,PiS,adwokat,adwokat,adwokat,Prawo,Prawo
10,456,10-456,Zbigniew Ziobro,PiS,prawnik,prawnik,prawnik,Prawo,Prawo
10,164,10-164,Agnieszka Maria Kłopotek,PSL-TD,zootechnik,zootechnik,zootechnik,Rolnictwo i środowisko,Inne
10,155,10-155,Fryderyk Sylwester Kapinos,PiS,technolog żywności,technolog żywności,technolog żywności,Rolnictwo i środowisko,Inne
10,6,10-6,Jan Krzysztof Ardanowski,Demokracja,rolnik,rolnik,rolnik,Rolnictwo i środowisko,Inne
10,122,10-122,Kazimierz Gwiazdowski,PiS,rolnik,rolnik,rolnik,Rolnictwo i środowisko,Inne
10,41,10-41,Marek Jan Chmielewski,KO,technolog żywności,technolog żywności,technolog żywności,Rolnictwo i środowisko,Inne
10,326,10-326,Marek Sawicki,PSL-TD,rolnik,rolnik,rolnik,Rolnictwo i środowisko,Inne
10,474,10-474,Maria Joanna Koźlakiewicz,KO,zootechnik,zootechnik,zootechnik,Rolnictwo i środowisko,Inne
10,104,10-104,Małgorzata Golińska,PiS,leśnik,leśnik,leśnik,Rolnictwo i środowisko,Inne
10,170,10-170,Michał Kołodziejczak,KO,rolnik,rolnik,rolnik,Rolnictwo i środowisko,Inne
10,146,10-146,Norbert Jakub Kaczmarczyk,PiS,"dziennikarz, parlamentarzysta, politolog, rolnik",rolnik,rolnik,Rolnictwo i środowisko,Inne
10,370,10-370,Andrzej Szewiński,KO,"parlamentarzysta, pedagog, przedsiębiorca prywatny, sportowiec, urzędnik samorządowy",sportowiec,sportowiec,Sport i fitness,"Kultura, media i sport"
10,385,10-385,Apoloniusz Tajner,KO,"nauczyciel, trener",trener,trener,Sport i fitness,"Kultura, media i sport"
10,304,10-304,Jacek Protas,KO,"nauczyciel, trener",trener,trener,Sport i fitness,"Kultura, media i sport"
10,232,10-232,Jagna Marczułajtis-Walczak,KO,"nauczyciel, trener",trener,trener,Sport i fitness,"Kultura, media i sport"
10,260,10-260,Małgorzata Niemczyk,KO,"ekonomista, nauczyciel, trener",trener,trener,Sport i fitness,"Kultura, media i sport"
10,53,10-53,Żaneta Cwalina-Śliwowska,Centrum,"pedagog, trener",trener,trener,Sport i fitness,"Kultura, media i sport"
10,47,10-47,Alicja Chybicka,KO,lekarz,lekarz,lekarz,Zdrowie,Zdrowie
10,65,10-65,Anna Dąbrowska-Banaszek,PiS,lekarz,lekarz,lekarz,Zdrowie,Zdrowie
10,8,10-8,Bartosz Arłukowicz,KO,lekarz,lekarz,lekarz,Zdrowie,Zdrowie
10,496,10-496,Bogumiła Olbryś,PiS,"pielęgniarka, pedadog, nauczyciel",pielęgniarka,pielęgniarka,Zdrowie,Zdrowie
10,288,10-288,Bolesław Piecha,PiS,lekarz,lekarz,lekarz,Zdrowie,Zdrowie
10,130,10-130,Czesław Hoc,PiS,lekarz,lekarz,lekarz,Zdrowie,Zdrowie
10,258,10-258,Dorota Niedziela,KO,lekarz weterynarii,lekarz weterynarii,lekarz weterynarii,Zdrowie,Zdrowie
10,417,10-417,Joanna Wicha,Lewica,"pielęgniarka, socjolog",pielęgniarka,pielęgniarka,Zdrowie,Zdrowie
10,353,10-353,Katarzyna Sójka,PiS,lekarz - specjalista chorób wewnętrznych,lekarz - specjalista chorób wewnętrznych,lekarz - specjalista chorób wewnętrznych,Zdrowie,Zdrowie
10,26,10-26,Krzysztof Bojarski,KO,lekarz,lekarz,lekarz,Zdrowie,Zdrowie
10,132,10-132,Marek Tomasz Hok,KO,"lekarz, parlamentarzysta, urzędnik samorządowy",lekarz,lekarz,Zdrowie,Zdrowie
10,292,10-292,Norbert Pietrykowski,Centrum,analityk medyczny,analityk medyczny,analityk medyczny,Zdrowie,Zdrowie
10,318,10-318,Paweł Rychlik,PiS,farmaceuta,farmaceuta,farmaceuta,Zdrowie,Zdrowie
10,217,10-217,Radosław Lubczyk,PSL-TD,lekarz,lekarz,lekarz,Zdrowie,Zdrowie
10,244,10-244,Rajmund Miller,KO,lekarz,lekarz,lekarz,Zdrowie,Zdrowie
10,471,10-471,Urszula Koszutska,KO,"menedżer, psycholog",psycholog,psycholog,Zdrowie,Zdrowie
10,267,10-267,Urszula Nowogórska,PSL-TD,"pielęgniarka, pracownik administracji samorządowej",pielęgniarka,pielęgniarka,Zdrowie,Zdrowie
10,391,10-391,Wioleta Tomczak,Polska2050,specjalista ds. zdrowia publicznego,specjalista ds. zdrowia publicznego,specjalista ds. zdrowia publicznego,Zdrowie,Zdrowie
10,174,10-174,Władysław Kosiniak-Kamysz,PSL-TD,lekarz,lekarz,lekarz,Zdrowie,Zdrowie
